Time,A,B,C,comp,k1,k2,_J0,_J1
0,10,0,0,100,0.35,0.2,3.5,0
0.10050251256281408,9.99648303065897,0.0035166158797844964,3.534612490768746e-7,100,0.35,0.2,3.4987690607306394,0.0007033231759568993
0.20100502512562815,9.99296729822639,0.007031288187989569,0.0000014135856240790515,100,0.35,0.2,3.4975385543792363,0.0014062576375979139
0.30150753768844224,9.989452802265921,0.010544017752735273,0.0000031799813453048764,100,0.35,0.2,3.4963084807930724,0.002108803550547055
0.4020100502512563,9.985939542341972,0.014054805400689912,0.000005652257338483751,100,0.35,0.2,3.49507883981969,0.0028109610801379825
0.5025125628140704,9.982427518019865,0.017563651956756503,0.000008830023379756891,100,0.35,0.2,3.4938496313069525,0.0035127303913513007
0.6030150753768845,9.97891672886518,0.021070558245312995,0.000012712889508997666,100,0.35,0.2,3.4926208551028126,0.004214111649062599
0.7035175879396985,9.975407174443463,0.024575525090781033,0.000017300465759961693,100,0.35,0.2,3.4913925110552118,0.004915105018156207
0.8040201005025126,9.971898854321692,0.028078553314835667,0.000022592363482337863,100,0.35,0.2,3.490164599012592,0.005615710662967134
0.9045226130653267,9.968391768059302,0.03157964375343516,0.00002858818727267613,100,0.35,0.2,3.4889371188207554,0.006315928750687032
1.0050251256281408,9.964885915225452,0.03507879722405674,0.00003528755049841795,100,0.35,0.2,3.487710070328908,0.007015759444811348
1.105527638190955,9.961381295392517,0.03857601453803558,0.00004269006945226656,100,0.35,0.2,3.4864834533873807,0.007715202907607116
1.206030150753769,9.95787790810779,0.042071296554333386,0.00005079533788719987,100,0.35,0.2,3.485257267837726,0.008414259310866678
1.306532663316583,9.95437575295272,0.04556464406700173,0.00005960298031832958,100,0.35,0.2,3.4840315135334516,0.009112928813400346
1.407035175879397,9.95087482950585,0.04905605787560278,0.00006911261866812271,100,0.35,0.2,3.482806190327047,0.009811211575120556
1.5075376884422111,9.947375137309349,0.052545538848694194,0.000079323842164809,100,0.35,0.2,3.481581298058272,0.010509107769738839
1.6080402010050252,9.943876675948154,0.056033087773623674,0.00009023627854452692,100,0.35,0.2,3.4803568365818536,0.011206617554724735
1.7085427135678393,9.940379444997621,0.05951870545590026,0.00010184954694558772,100,0.35,0.2,3.4791328057491673,0.011903741091180052
1.8090452261306533,9.936883444009768,0.06300239274530338,0.00011416324554477937,100,0.35,0.2,3.4779092054034186,0.012600478549060677
1.9095477386934674,9.933388672560081,0.06648415044702065,0.00012717699365655513,100,0.35,0.2,3.4766860353960283,0.01329683008940413
2.0100502512562817,9.929895130216375,0.06996397938077924,0.00014089040371957143,100,0.35,0.2,3.475463295575731,0.013992795876155848
2.1105527638190957,9.926402816544527,0.07344188036998622,0.00015530308646282613,100,0.35,0.2,3.4742409857905843,0.014688376073997245
2.21105527638191,9.922911731110624,0.07691785423759662,0.00017041465282556165,100,0.35,0.2,3.473019105888718,0.015383570847519325
2.311557788944724,9.919421873480216,0.08039190180755423,0.00018622471330040268,100,0.35,0.2,3.4717976557180754,0.01607838036151085
2.412060301507538,9.915933243234525,0.08386402387405308,0.00020273289249782096,100,0.35,0.2,3.4705766351320837,0.016772804774810617
2.512562814070352,9.912445839935875,0.08733422126711848,0.00021993879806137543,100,0.35,0.2,3.469356043977556,0.017466844253423697
2.613065326633166,9.908959663150743,0.09080249480887831,0.0002378420413954119,100,0.35,0.2,3.46813588210276,0.018160498961775663
2.71356783919598,9.905474712443677,0.09426884532509078,0.0002564422322013589,100,0.35,0.2,3.4669161493552867,0.018853769065018157
2.814070351758794,9.901990987376832,0.09773327364605584,0.0002757389780461621,100,0.35,0.2,3.465696845581891,0.01954665472921117
2.9145728643216082,9.898508487523513,0.10119578058081431,0.0002957318965648535,100,0.35,0.2,3.4644779706332294,0.020239156116162865
3.0150753768844223,9.895027212486331,0.10465636688262638,0.0003164206317875608,100,0.35,0.2,3.463259524370216,0.020931273376525276
3.1155778894472363,9.891547161808225,0.10811503341825233,0.0003378047740745575,100,0.35,0.2,3.4620415066328785,0.02162300668365047
3.2160804020100504,9.8880683350536,0.11157178101355371,0.0003598839331415976,100,0.35,0.2,3.4608239172687596,0.022314356202710744
3.3165829145728645,9.884590731784506,0.11502661049886,0.00038265771660237635,100,0.35,0.2,3.459606756124577,0.023005322099772
3.4170854271356785,9.881114351560232,0.1184795227097068,0.00040612572961890443,100,0.35,0.2,3.458390023046081,0.02369590454194136
3.5175879396984926,9.877639193970737,0.12193051842337883,0.00043028760497414045,100,0.35,0.2,3.4571737178897575,0.024386103684675767
3.6180904522613067,9.874165258609146,0.12537959841112065,0.00045514297832941505,100,0.35,0.2,3.455957840513201,0.02507591968222413
3.7185929648241207,9.870692545018116,0.1288267635399781,0.0004806914399616061,100,0.35,0.2,3.4547423907563406,0.025765352707995622
3.819095477386935,9.867221052763675,0.13227201463258598,0.0005069326012103893,100,0.35,0.2,3.4535273684672863,0.026454402926517198
3.919597989949749,9.863750781410733,0.1357153525136888,0.0005338660724321479,100,0.35,0.2,3.452312773493756,0.02714307050273776
4.020100502512563,9.860281730522932,0.13915677801041776,0.0005614914628688325,100,0.35,0.2,3.451098605683026,0.027831355602083552
4.120603015075377,9.85681389969374,0.14259629189318862,0.0005898084086327787,100,0.35,0.2,3.449884864892809,0.028519258378637724
4.2211055276381915,9.853347288494653,0.14603389497416416,0.0006188165260850956,100,0.35,0.2,3.4486715509731285,0.029206778994832833
4.3216080402010055,9.849881896486488,0.1494695880857568,0.0006485154220146615,100,0.35,0.2,3.447458663770271,0.029893917617151364
4.42211055276382,9.846417723239945,0.15290337204158777,0.0006789047121238964,100,0.35,0.2,3.4462462031339807,0.030580674408317556
4.522613065326634,9.842954768325956,0.1563352476547982,0.0007099840123586843,100,0.35,0.2,3.4450341689140846,0.03126704953095964
4.623115577889448,9.839493031315708,0.15976521573802846,0.0007417529389181651,100,0.35,0.2,3.4438225609604975,0.03195304314760569
4.723618090452262,9.836032511784856,0.16319327709530987,0.0007742111120429939,100,0.35,0.2,3.4426113791246995,0.032638655419061975
4.824120603015076,9.832573209304616,0.16661943253918093,0.0008073581480192166,100,0.35,0.2,3.4414006232566154,0.03332388650783619
4.92462311557789,9.829115123447819,0.1700436828790722,0.0008411936646047499,100,0.35,0.2,3.4401902932067365,0.03400873657581444
5.025125628140704,9.825658253788129,0.17346602892278856,0.000875717280337181,100,0.35,0.2,3.438980388825845,0.034693205784557715
5.125628140703518,9.822202599899734,0.1768864714771068,0.0009109286142548285,100,0.35,0.2,3.437770909964907,0.03537729429542136
5.226130653266332,9.818748161355325,0.18030501135162452,0.0009468272840741345,100,0.35,0.2,3.4365618564743636,0.0360610022703249
5.326633165829146,9.815294937707154,0.1837216493947514,0.0009834128891488044,100,0.35,0.2,3.4353532281975037,0.03674432987895029
5.42713567839196,9.811842928541296,0.1871363863905826,0.001020685059297355,100,0.35,0.2,3.434145024989453,0.037427277278116525
5.527638190954774,9.808392133431203,0.19054922314718567,0.0010586434130014448,100,0.35,0.2,3.432937246700921,0.03810984462943714
5.628140703517588,9.804942551950878,0.19396016047154854,0.001097287569267342,100,0.35,0.2,3.431729893182807,0.03879203209430971
5.728643216080402,9.80149418367493,0.19736919916946744,0.0011366171476788318,100,0.35,0.2,3.430522964286225,0.03947383983389349
5.8291457286432165,9.798047028178646,0.20077634004543474,0.0011766317684501282,100,0.35,0.2,3.429316459862526,0.04015526800908695
5.9296482412060305,9.794601085038034,0.20418158390252739,0.0012173310524787842,100,0.35,0.2,3.4281103797633117,0.04083631678050548
6.030150753768845,9.791156353829898,0.20758493154229454,0.0012587146213986025,100,0.35,0.2,3.426904723840464,0.04151698630845891
6.130653266331659,9.78771283413188,0.21098638376464585,0.001300782097632546,100,0.35,0.2,3.4256994919461583,0.04219727675292917
6.231155778894473,9.784270525522539,0.2143859413677394,0.0013435331044456477,100,0.35,0.2,3.4244946839328883,0.04287718827354788
6.331658291457287,9.780829427529197,0.2177836052472832,0.0013869672190456159,100,0.35,0.2,3.4232902996352186,0.04355672104945665
6.432160804020101,9.77738953973852,0.22117937618593606,0.0014310840720474045,100,0.35,0.2,3.422086338908482,0.044235875237187215
6.532663316582915,9.773950861741852,0.22457325495740563,0.0014758832983083824,100,0.35,0.2,3.420882801609648,0.04491465099148113
6.633165829145729,9.770513393115262,0.22796524236447768,0.0015213645189675446,100,0.35,0.2,3.4196796875903415,0.04559304847289554
6.733668341708543,9.767077133435428,0.23135533920874665,0.0015675273557414465,100,0.35,0.2,3.4184769967024,0.046271067841749336
6.834170854271357,9.763642082279686,0.23474354629053226,0.0016143714309636492,100,0.35,0.2,3.41727472879789,0.04694870925810646
6.934673366834171,9.76020823922607,0.2381298644087962,0.0016618963676241574,100,0.35,0.2,3.4160728837291243,0.04762597288175924
7.035175879396985,9.756775603853358,0.24151429436105853,0.0017101017894088604,100,0.35,0.2,3.414871461348675,0.04830285887221171
7.135678391959799,9.75334417574111,0.24489683694331432,0.0017589873207389736,100,0.35,0.2,3.4136704615093887,0.04897936738866287
7.236180904522613,9.749913954469728,0.24827749294995008,0.001808552586810477,100,0.35,0.2,3.4124698840644045,0.04965549858999002
7.336683417085427,9.746484939593566,0.2516562632248825,0.0018587971894210651,100,0.35,0.2,3.411269728857748,0.0503312526449765
7.437185929648241,9.743057130650838,0.25503314864273086,0.0019097207158697768,100,0.35,0.2,3.410069995727793,0.05100662972854617
7.5376884422110555,9.739630527258436,0.2584081499283393,0.001961322824268408,100,0.35,0.2,3.4088706845404526,0.05168162998566787
7.63819095477387,9.736205128993472,0.26178126788223355,0.002013603136968703,100,0.35,0.2,3.407671795147715,0.052356253576446715
7.738693467336684,9.732780935433405,0.26515250330425205,0.0020665612766616404,100,0.35,0.2,3.4064733274016916,0.05303050066085041
7.839195979899498,9.729357946156059,0.2685218569935183,0.002120196866390608,100,0.35,0.2,3.4052752811546205,0.05370437139870367
7.939698492462312,9.725936160739629,0.2718893297484129,0.002174509529564576,100,0.35,0.2,3.40407765625887,0.05437786594968258
8.040201005025127,9.722515578762708,0.2752549223665455,0.002229498889971275,100,0.35,0.2,3.4028804525669476,0.0550509844733091
8.14070351758794,9.719096199804287,0.27861863564472705,0.0022851645717903643,100,0.35,0.2,3.4016836699315003,0.05572372712894541
8.241206030150755,9.715678023443784,0.2819804703789421,0.0023415061996066126,100,0.35,0.2,3.4004873082053244,0.05639609407578842
8.341708542713569,9.712261049261045,0.2853404273643204,0.0023985233984230706,100,0.35,0.2,3.3992913672413656,0.057068085472864086
8.442211055276383,9.708845276791141,0.2886985074811982,0.002456215752982488,100,0.35,0.2,3.3980958468768994,0.05773970149623964
8.542713567839197,9.70543070564072,0.29205471147364626,0.002514582912450958,100,0.35,0.2,3.3969007469742523,0.058410942294729255
8.643216080402011,9.70201733538818,0.29540904013948127,0.002573624500604752,100,0.35,0.2,3.3957060673858623,0.059081808027896254
8.743718592964825,9.698605165611248,0.2987614942777556,0.0026333401406504254,100,0.35,0.2,3.3945118079639367,0.059752298855551125
8.84422110552764,9.695194195887778,0.3021120746872717,0.002693729455927012,100,0.35,0.2,3.393317968560722,0.060422414937454344
8.944723618090453,9.691784425795735,0.3054607821665855,0.0027547920699043742,100,0.35,0.2,3.392124549028507,0.061092156433317106
9.045226130653267,9.688375854913197,0.30880761751401026,0.0028165276061815603,100,0.35,0.2,3.390931549219619,0.061761523502802056
9.145728643216081,9.684968482818357,0.3121525815276196,0.0028789356884851526,100,0.35,0.2,3.389738968986425,0.062430516305523924
9.246231155778895,9.681562309089516,0.31549567500525116,0.002942015940667625,100,0.35,0.2,3.3885468081813306,0.06309913500105023
9.34673366834171,9.678157333305082,0.3188368987445101,0.003005767986705694,100,0.35,0.2,3.3873550666567787,0.06376737974890202
9.447236180904524,9.67475355504267,0.32217625354475354,0.0030701914498616027,100,0.35,0.2,3.3861637442649344,0.06443525070895072
9.547738693467338,9.671350973881108,0.32551374020275037,0.0031352859545383926,100,0.35,0.2,3.3849728408583877,0.06510274804055008
9.648241206030152,9.667949589399763,0.32884935951405053,0.003201051125674955,100,0.35,0.2,3.3837823562899167,0.06576987190281011
9.748743718592966,9.664549401177585,0.3321831122751323,0.003267486587841938,100,0.35,0.2,3.3825922904121546,0.06643662245502646
9.84924623115578,9.661150408793649,0.3355149992822053,0.003334591965751393,100,0.35,0.2,3.381402643077777,0.06710299985644107
9.949748743718594,9.657752611827162,0.33884502133121,0.003402366884256783,100,0.35,0.2,3.3802134141395066,0.067769004266242
10.050251256281408,9.654356009857455,0.3421731792178182,0.003470810968352977,100,0.35,0.2,3.3790246034501092,0.06843463584356364
10.150753768844222,9.650960602463986,0.3454994737374328,0.0035399238431762527,100,0.35,0.2,3.377836210862395,0.06909989474748655
10.251256281407036,9.647566389226338,0.3488239056851878,0.003609705134004293,100,0.35,0.2,3.376648236229218,0.06976478113703756
10.35175879396985,9.644173369724227,0.3521464758559485,0.003680154466256191,100,0.35,0.2,3.375460679403479,0.0704292951711897
10.452261306532664,9.64078154353749,0.35546718504431113,0.0037512714654924454,100,0.35,0.2,3.374273540238121,0.07109343700886223
10.552763819095478,9.637390910246094,0.35878603404460313,0.0038230557574149646,100,0.35,0.2,3.3730868185861325,0.07175720680892063
10.653266331658292,9.634001469430133,0.36210302365088315,0.0038955069678670634,100,0.35,0.2,3.3719005143005467,0.07242060473017663
10.753768844221106,9.630613220669828,0.365418154656941,0.003968624722833464,100,0.35,0.2,3.3707146272344395,0.0730836309313882
10.85427135678392,9.627226163545526,0.36873142785629753,0.004042408648440295,100,0.35,0.2,3.369529157240934,0.0737462855712595
10.954773869346734,9.623840297637706,0.3720428440422047,0.0041168583709550975,100,0.35,0.2,3.3683441041731967,0.07440856880844095
11.055276381909549,9.620455622526965,0.3753524040076458,0.004191973516786813,100,0.35,0.2,3.3671594678844374,0.07507048080152917
11.155778894472363,9.617072137794036,0.37866010854533505,0.004267753712485797,100,0.35,0.2,3.3659752482279126,0.07573202170906701
11.256281407035177,9.613689843019772,0.3819659584477181,0.004344198584743809,100,0.35,0.2,3.36479144505692,0.07639319168954362
11.35678391959799,9.61030873778516,0.38526995450697127,0.004421307760394018,100,0.35,0.2,3.363608058224806,0.07705399090139425
11.457286432160805,9.60692882167131,0.3885720975150025,0.004499080866410999,100,0.35,0.2,3.3624250875849584,0.07771441950300051
11.557788944723619,9.60355009428649,0.3918723882130386,0.004577517553738137,100,0.35,0.2,3.3612425330002713,0.07837447764260773
11.658291457286433,9.600172555254373,0.39517082731354836,0.0046566174869257125,100,0.35,0.2,3.36006039433903,0.07903416546270968
11.758793969849247,9.596796204100764,0.39846741571148725,0.004736380244285427,100,0.35,0.2,3.358878671435267,0.07969348314229746
11.859296482412061,9.593421040407879,0.4017621541965725,0.004816805453884628,100,0.35,0.2,3.3576973641427577,0.08035243083931451
11.959798994974875,9.590047063758053,0.4050550435582727,0.004897892743922418,100,0.35,0.2,3.3565164723153185,0.08101100871165455
12.06030150753769,9.586674273733733,0.4083460845858079,0.004979641742729649,100,0.35,0.2,3.3553359958068065,0.08166921691716159
12.160804020100503,9.583302669917485,0.4116352780681499,0.005062052078768937,100,0.35,0.2,3.3541559344711196,0.08232705561362999
12.261306532663317,9.579932251891991,0.4149226247940219,0.005145123380634642,100,0.35,0.2,3.3529762881621967,0.08298452495880439
12.361809045226131,9.576563019240051,0.41820812555189896,0.005228855277052882,100,0.35,0.2,3.351797056734018,0.0836416251103798
12.462311557788945,9.573194971544575,0.4214917811300073,0.005313247396881531,100,0.35,0.2,3.350618240040601,0.08429835622600146
12.56281407035176,9.569828108388599,0.42477359231632505,0.005398299369110214,100,0.35,0.2,3.3494398379360093,0.08495471846326502
12.663316582914574,9.566462429355262,0.42805355989858174,0.005484010822860314,100,0.35,0.2,3.3482618502743415,0.08561071197971636
12.763819095477388,9.563097934027832,0.4313316846642584,0.00557038138738496,100,0.35,0.2,3.347084276909741,0.08626633693285168
12.864321608040202,9.559734621989685,0.4346079674005879,0.005657410692069046,100,0.35,0.2,3.3459071176963895,0.08692159348011758
12.964824120603016,9.556372492824318,0.4378824088945544,0.005745098366429212,100,0.35,0.2,3.344730372488511,0.08757648177891088
13.06532663316583,9.55301154611534,0.44115500993289375,0.005833444040113857,100,0.35,0.2,3.3435540411403686,0.08823100198657875
13.165829145728644,9.549651781446478,0.4444257713020932,0.005922447342903128,100,0.35,0.2,3.342378123506267,0.08888515426041865
13.266331658291458,9.546293198401578,0.4476946937883919,0.006012107904708932,100,0.35,0.2,3.341202619440552,0.08953893875767838
13.366834170854272,9.542935796564597,0.4509617781777803,0.006102425355574928,100,0.35,0.2,3.340027528797609,0.09019235563555607
13.467336683417086,9.53957957551961,0.45422702525600056,0.006193399325676529,100,0.35,0.2,3.3388528514318634,0.09084540505120012
13.5678391959799,9.536224534850811,0.45749043580854626,0.006285029445320901,100,0.35,0.2,3.3376785871977837,0.09149808716170926
13.668341708542714,9.532870674142508,0.46075201062066257,0.006377315344946966,100,0.35,0.2,3.3365047359498776,0.09215040212413252
13.768844221105528,9.529517992979121,0.4640117504773464,0.006470256655125401,100,0.35,0.2,3.3353312975426923,0.09280235009546928
13.869346733668342,9.526166490945196,0.46726965616334604,0.006563853006558632,100,0.35,0.2,3.3341582718308183,0.09345393123266921
13.969849246231156,9.522816167625386,0.47052572846316143,0.006658104030080845,100,0.35,0.2,3.332985658668885,0.09410514569263229
14.07035175879397,9.519467022604463,0.47377996816104406,0.006753009356657975,100,0.35,0.2,3.331813457911562,0.09475599363220882
14.170854271356784,9.516119055467318,0.47703237604099696,0.006848568617387717,100,0.35,0.2,3.330641669413561,0.09540647520819939
14.271356783919598,9.512772265798953,0.48028295288677475,0.006944781443499514,100,0.35,0.2,3.329470293029633,0.09605659057735495
14.371859296482413,9.509426653184493,0.48353169948188374,0.007041647466354567,100,0.35,0.2,3.3282993286145723,0.09670633989637675
14.472361809045227,9.50608221720917,0.48677861660958144,0.007139166317445829,100,0.35,0.2,3.3271287760232098,0.09735572332191629
14.57286432160804,9.502738957458343,0.49002370505287746,0.007237337628398007,100,0.35,0.2,3.32595863511042,0.09800474101057549
14.673366834170855,9.499396873517476,0.49326696559453237,0.007336161030967565,100,0.35,0.2,3.3247889057311166,0.09865339311890647
14.773869346733669,9.49605596497216,0.49650839901705884,0.00743563615704272,100,0.35,0.2,3.3236195877402555,0.09930167980341177
14.874371859296483,9.492716231408092,0.4997480061027209,0.007535762638643438,100,0.35,0.2,3.3224506809928323,0.09994960122054419
14.974874371859297,9.489377672411093,0.5029857876335341,0.007636540107921448,100,0.35,0.2,3.3212821853438825,0.10059715752670682
15.075376884422111,9.486040287567096,0.5062217443912654,0.0077379681971602235,100,0.35,0.2,3.3201141006484836,0.1012443488782531
15.175879396984925,9.482704076462152,0.5094558771574337,0.007840046538775,100,0.35,0.2,3.318946426761753,0.10189117543148674
15.27638190954774,9.479369038682426,0.5126881867133093,0.007942774765312764,100,0.35,0.2,3.317779163538849,0.10253763734266186
15.376884422110553,9.476035173814203,0.5159186738399141,0.008046152509452256,100,0.35,0.2,3.316612310834971,0.10318373476798282
15.477386934673367,9.472702481443878,0.5191473393180214,0.008150179404003968,100,0.35,0.2,3.3154458685053574,0.10382946786360428
15.577889447236181,9.46937096115797,0.522374183928156,0.008254855081910152,100,0.35,0.2,3.3142798364052894,0.10447483678563121
15.678391959798995,9.466040612543106,0.5255992084505948,0.00836017917624481,100,0.35,0.2,3.3131142143900867,0.10511984169011897
15.77889447236181,9.462711435186035,0.5288224136653659,0.008466151320213696,100,0.35,0.2,3.3119490023151124,0.10576448273307318
15.879396984924623,9.459383428673624,0.5320438003522486,0.008572771147154325,100,0.35,0.2,3.310784200035768,0.10640876007044973
15.979899497487438,9.456056592592846,0.5352633692907746,0.00868003829053596,100,0.35,0.2,3.309619807407496,0.10705267385815492
16.080402010050253,9.452730926530801,0.5384811212602264,0.008787952383959623,100,0.35,0.2,3.3084558242857804,0.10769622425204528
16.18090452261307,9.4494064300747,0.5416970570396384,0.008896513061158082,100,0.35,0.2,3.3072922505261446,0.10833941140792769
16.281407035175885,9.44608310287038,0.5449111772996718,0.009005720006579626,100,0.35,0.2,3.306129086004633,0.10898223545993435
16.3819095477387,9.442760944768297,0.5481234823328316,0.009115573081599,100,0.35,0.2,3.3049663306689037,0.10962469646656632
16.482412060301517,9.439439955064767,0.5513339734556129,0.009226071668557568,100,0.35,0.2,3.303803984272668,0.11026679469112258
16.582914572864333,9.436120133348508,0.5545426514441338,0.009337215402614393,100,0.35,0.2,3.3026420466719775,0.11090853028882677
16.68341708542715,9.432801479208363,0.5577495170742423,0.009449003919070758,100,0.35,0.2,3.301480517722927,0.11154990341484845
16.783919597989964,9.429483992233308,0.5609545711215148,0.009561436853370166,100,0.35,0.2,3.300319397281658,0.11219091422430297
16.88442211055278,9.426167672012442,0.5641578143612574,0.00967451384109833,100,0.35,0.2,3.2991586852043544,0.11283156287225149
16.984924623115596,9.422852518134993,0.5673592475685055,0.00978823451798319,100,0.35,0.2,3.2979983813472473,0.11347184951370111
17.08542713567841,9.419538530190325,0.5705588715180234,0.00990259851989489,100,0.35,0.2,3.2968384855666133,0.1141117743036047
17.185929648241228,9.416225707767918,0.5737566869843047,0.010017605482845804,100,0.35,0.2,3.2956789977187713,0.11475133739686094
17.286432160804043,9.41291405045739,0.5769526947415722,0.010133255042990513,100,0.35,0.2,3.2945199176600863,0.11539053894831444
17.38693467336686,9.409603557848483,0.5801468955637777,0.010249546836625817,100,0.35,0.2,3.293361245246969,0.11602937911275556
17.487437185929675,9.406294229531067,0.5833392902246028,0.01036648050019074,100,0.35,0.2,3.2922029803358734,0.11666785804492058
17.58793969849249,9.402986065095142,0.5865298794974577,0.010484055670266515,100,0.35,0.2,3.2910451227832995,0.11730597589949154
17.688442211055307,9.399679064130835,0.589718664155482,0.010602271983576595,100,0.35,0.2,3.289887672445792,0.11794373283109641
17.788944723618123,9.396373226228402,0.5929056449715446,0.010721129076986644,100,0.35,0.2,3.2887306291799403,0.11858112899430893
17.88944723618094,9.393068550978228,0.5960908227182435,0.010840626587504556,100,0.35,0.2,3.2875739928423795,0.11921816454364871
17.989949748743754,9.389765037970824,0.5992741981679058,0.010960764152280431,100,0.35,0.2,3.286417763289788,0.11985483963358118
18.09045226130657,9.38646268679683,0.602455772092588,0.011081541408606586,100,0.35,0.2,3.2852619403788905,0.12049115441851761
18.190954773869386,9.383161497047018,0.6056355452640758,0.011202957993917564,100,0.35,0.2,3.284106523966456,0.12112710905281517
18.291457286432202,9.379861468312281,0.608813518453884,0.011325013545790113,100,0.35,0.2,3.2829515139092984,0.1217627036907768
18.391959798995018,9.376562600183647,0.6119896924332565,0.011447707701943206,100,0.35,0.2,3.2817969100642763,0.12239793848665131
18.492462311557833,9.37326489225227,0.6151640679731666,0.011571040100238033,100,0.35,0.2,3.280642712288294,0.12303281359463332
18.59296482412065,9.369968344109429,0.6183366458443167,0.011695010378677994,100,0.35,0.2,3.2794889204383,0.12366732916886335
18.693467336683465,9.366672955346536,0.6215074268171386,0.011819618175408714,100,0.35,0.2,3.2783355343712874,0.12430148536342772
18.79396984924628,9.363378725555128,0.6246764116617928,0.011944863128718031,100,0.35,0.2,3.2771825539442947,0.12493528233235857
18.894472361809097,9.360085654326872,0.6278436011481695,0.012070744877035999,100,0.35,0.2,3.276029979014405,0.12556872022963392
18.994974874371913,9.356793741253565,0.6310089960458881,0.012197263058934893,100,0.35,0.2,3.2748778094387476,0.12620179920917762
19.09547738693473,9.353502985927129,0.6341725971242969,0.012324417313129197,100,0.35,0.2,3.273726045074495,0.12683451942485938
19.195979899497544,9.350213387939613,0.6373344051524734,0.01245220727847562,100,0.35,0.2,3.2725746857788645,0.1274668810304947
19.29648241206036,9.3469249468832,0.6404944208992245,0.012580632593973087,100,0.35,0.2,3.27142373140912,0.1280988841798449
19.396984924623176,9.343637662350197,0.6436526451330864,0.012709692898762734,100,0.35,0.2,3.270273181822569,0.12873052902661727
19.497487437185992,9.340351533933038,0.6468090786223243,0.012839387832127923,100,0.35,0.2,3.269123036876563,0.12936181572446487
19.597989949748808,9.33706656122429,0.6499637221349325,0.01296971703349422,100,0.35,0.2,3.2679732964285013,0.1299927444269865
19.698492462311624,9.333782743816647,0.6531165764386347,0.013100680142429422,100,0.35,0.2,3.266823960335826,0.13062331528772694
19.79899497487444,9.330500081302924,0.6562676423008837,0.013232276798643534,100,0.35,0.2,3.265675028456023,0.13125352846017677
19.899497487437255,9.327218573276076,0.6594169204888617,0.01336450664198878,100,0.35,0.2,3.2645265006466264,0.13188338409777234
20.00000000000007,9.323938219329177,0.6625644117694799,0.013497369312459602,100,0.35,0.2,3.263378376765212,0.132512882353896