Time,comp,A,B,_J0
0,5,0,0,1
0.10050251256281408,5.301507537688442,-0.018957345971563982,0.018957345971563982,1
0.20100502512562815,5.603015075376884,-0.03587443946188341,0.03587443946188341,1
0.30150753768844224,5.9045226130653266,-0.05106382978723404,0.05106382978723404,1
0.4020100502512563,6.206030150753769,-0.06477732793522267,0.06477732793522267,1
0.5025125628140704,6.507537688442211,-0.07722007722007723,0.07722007722007723,1
0.6030150753768845,6.809045226130653,-0.0885608856088561,0.0885608856088561,1
0.7035175879396985,7.110552763819095,-0.09893992932862192,0.09893992932862192,1
0.8040201005025126,7.4120603015075375,-0.10847457627118645,0.10847457627118645,1
0.9045226130653267,7.71356783919598,-0.11726384364820848,0.11726384364820848,1
1.0050251256281408,8.015075376884422,-0.12539184952978058,0.12539184952978058,1
1.105527638190955,8.316582914572864,-0.1329305135951662,0.1329305135951662,1
1.206030150753769,8.618090452261306,-0.13994169096209913,0.13994169096209913,1
1.306532663316583,8.91959798994975,-0.1464788732394366,0.1464788732394366,1
1.407035175879397,9.221105527638194,-0.15258855585831055,0.15258855585831055,1
1.5075376884422111,9.522613065326635,-0.15831134564643795,0.15831134564643795,1
1.6080402010050252,9.824120603015079,-0.1636828644501278,0.1636828644501278,1
1.7085427135678393,10.125628140703519,-0.16873449131513643,0.16873449131513643,1
1.8090452261306533,10.427135678391963,-0.1734939759036144,0.1734939759036144,1
1.9095477386934674,10.728643216080403,-0.17798594847775173,0.17798594847775173,1
2.0100502512562817,11.030150753768844,-0.18223234624145784,0.18223234624145784,1
2.1105527638190957,11.331658291457291,-0.1862527716186252,0.1862527716186252,1
2.21105527638191,11.633165829145732,-0.1900647948164146,0.1900647948164146,1
2.311557788944724,11.934673366834172,-0.19368421052631576,0.19368421052631576,1
2.412060301507538,12.236180904522616,-0.19712525667351122,0.19712525667351122,1
2.512562814070352,12.537688442211056,-0.2004008016032064,0.2004008016032064,1
2.613065326633166,12.839195979899497,-0.2035225048923679,0.2035225048923679,1
2.71356783919598,13.14070351758794,-0.20650095602294452,0.20650095602294452,1
2.814070351758794,13.442211055276385,-0.2093457943925233,0.2093457943925233,1
2.9145728643216082,13.743718592964825,-0.21206581352833634,0.21206581352833634,1
3.0150753768844223,14.045226130653266,-0.2146690518783542,0.2146690518783542,1
3.1155778894472363,14.34673366834171,-0.21716287215411556,0.21716287215411556,1
3.2160804020100504,14.648241206030153,-0.21955403087478553,0.21955403087478553,1
3.3165829145728645,14.949748743718594,-0.22184873949579828,0.22184873949579828,1
3.4170854271356785,15.251256281407038,-0.22405271828665563,0.22405271828665563,1
3.5175879396984926,15.552763819095478,-0.22617124394184165,0.22617124394184165,1
3.6180904522613067,15.854271356783919,-0.2282091917591125,0.2282091917591125,1
3.7185929648241207,16.155778894472366,-0.23017107309486773,0.23017107309486773,1
3.819095477386935,16.457286432160807,-0.23206106870229,0.23206106870229,1
3.919597989949749,16.758793969849247,-0.2338830584707646,0.2338830584707646,1
4.020100502512563,17.060301507537698,-0.23564064801178197,0.23564064801178197,1
4.120603015075377,17.361809045226135,-0.23733719247467436,0.23733719247467436,1
4.2211055276381915,17.663316582914575,-0.23897581792318634,0.23897581792318634,1
4.3216080402010055,17.96482412060302,-0.24055944055944048,0.24055944055944048,1
4.42211055276382,18.266331658291463,-0.24209078404401652,0.24209078404401652,1
4.522613065326634,18.567839195979904,-0.24357239512855208,0.24357239512855208,1
4.623115577889448,18.869346733668348,-0.2450066577896138,0.2450066577896138,1
4.723618090452262,19.170854271356788,-0.24639580602883351,0.24639580602883351,1
4.824120603015076,19.47236180904523,-0.24774193548387097,0.24774193548387097,1
4.92462311557789,19.773869346733676,-0.2490470139771283,0.2490470139771283,1
5.025125628140704,20.075376884422116,-0.2503128911138923,0.2503128911138923,1
5.125628140703518,20.376884422110557,-0.25154130702836003,0.25154130702836003,1
5.226130653266332,20.678391959799,-0.25273390036452,0.25273390036452,1
5.326633165829146,20.97989949748744,-0.25389221556886227,0.25389221556886227,1
5.42713567839196,21.28140703517588,-0.25501770956316405,0.25501770956316405,1
5.527638190954774,21.582914572864325,-0.25611175785797435,0.25611175785797435,1
5.628140703517588,21.88442211055277,-0.25717566016073473,0.25717566016073473,1
5.728643216080402,22.18592964824121,-0.25821064552661377,0.25821064552661377,1
5.8291457286432165,22.48743718592965,-0.25921787709497207,0.25921787709497207,1
5.9296482412060305,22.788944723618094,-0.2601984564498346,0.2601984564498346,1
6.030150753768845,23.090452261306538,-0.2611534276387377,0.2611534276387377,1
6.130653266331659,23.39195979899498,-0.26208378088077333,0.26208378088077333,1
6.231155778894473,23.693467336683423,-0.2629904559915164,0.2629904559915164,1
6.331658291457287,23.994974874371863,-0.2638743455497382,0.2638743455497382,1
6.432160804020101,24.296482412060303,-0.264736297828335,0.264736297828335,1
6.532663316582915,24.59798994974875,-0.26557711950970375,0.26557711950970375,1
6.633165829145729,24.89949748743719,-0.2663975782038345,0.2663975782038345,1
6.733668341708543,25.20100502512563,-0.26719840478564305,0.26719840478564305,1
6.834170854271357,25.502512562814076,-0.26798029556650244,0.26798029556650244,1
6.934673366834171,25.80402010050252,-0.2687439143135345,0.2687439143135345,1
7.035175879396985,26.10552763819096,-0.2694898941289701,0.2694898941289701,1
7.135678391959799,26.4070351758794,-0.2702188392007612,0.2702188392007612,1
7.236180904522613,26.708542713567844,-0.270931326434619,0.270931326434619,1
7.336683417085427,27.010050251256285,-0.27162790697674416,0.27162790697674416,1
7.437185929648241,27.31155778894473,-0.27230910763569455,0.27230910763569455,1
7.5376884422110555,27.61306532663317,-0.272975432211101,0.272975432211101,1
7.63819095477387,27.914572864321613,-0.2736273627362736,0.2736273627362736,1
7.738693467336684,28.216080402010057,-0.27426536064113977,0.27426536064113977,1
7.839195979899498,28.517587939698497,-0.2748898678414097,0.2748898678414097,1
7.939698492462312,28.819095477386938,-0.27550130775937226,0.27550130775937226,1
8.040201005025127,29.120603015075382,-0.27610008628127697,0.27610008628127697,1
8.14070351758794,29.422110552763826,-0.27668659265584966,0.27668659265584966,1
8.241206030150755,29.72361809045227,-0.27726120033812335,0.27726120033812335,1
8.341708542713569,30.02512562814071,-0.27782426778242675,0.27782426778242675,1
8.442211055276383,30.326633165829154,-0.2783761391880695,0.2783761391880695,1
8.542713567839197,30.628140703517595,-0.2789171452009844,0.2789171452009844,1
8.643216080402011,30.92964824120604,-0.2794476035743298,0.2794476035743298,1
8.743718592964825,31.23115577889448,-0.27996781979082863,0.27996781979082863,1
8.84422110552764,31.53266331658292,-0.28047808764940235,0.28047808764940235,1
8.944723618090453,31.834170854271363,-0.2809786898184688,0.2809786898184688,1
9.045226130653267,32.13567839195981,-0.2814698983580922,0.2814698983580922,1
9.145728643216081,32.43718592964825,-0.28195197521301313,0.28195197521301313,1
9.246231155778895,32.73869346733669,-0.28242517267843437,0.28242517267843437,1
9.34673366834171,33.04020100502513,-0.28288973384030414,0.28288973384030414,1
9.447236180904524,33.341708542713576,-0.2833458929917106,0.2833458929917106,1
9.547738693467338,33.64321608040202,-0.28379387602688566,0.28379387602688566,1
9.648241206030152,33.944723618090464,-0.2842339008142116,0.2842339008142116,1
9.748743718592966,34.2462311557789,-0.28466617754952306,0.28466617754952306,1
9.84924623115578,34.547738693467345,-0.28509090909090906,0.28509090909090906,1
9.949748743718594,34.84924623115579,-0.2855082912761355,0.2855082912761355,1
10.050251256281408,35.150753768844226,-0.28591851322373124,0.28591851322373124,1
10.150753768844222,35.45226130653267,-0.2863217576187101,0.2863217576187101,1
10.251256281407036,35.75376884422111,-0.28671820098383693,0.28671820098383693,1
10.35175879396985,36.05527638190956,-0.2871080139372822,0.2871080139372822,1
10.452261306532664,36.356783919598,-0.28749136143745674,0.28749136143745674,1
10.552763819095478,36.65829145728644,-0.2878684030157642,0.2878684030157642,1
10.653266331658292,36.95979899497488,-0.28823929299796053,0.28823929299796053,1
10.753768844221106,37.261306532663326,-0.2886041807147673,0.2886041807147673,1
10.85427135678392,37.56281407035176,-0.2889632107023411,0.2889632107023411,1
10.954773869346734,37.86432160804021,-0.28931652289316523,0.28931652289316523,1
11.055276381909549,38.16582914572865,-0.2896642527978933,0.2896642527978933,1
11.155778894472363,38.467336683417095,-0.2900065316786414,0.2900065316786414,1
11.256281407035177,38.76884422110553,-0.29034348671419313,0.29034348671419313,1
11.35678391959799,39.070351758793976,-0.2906752411575562,0.2906752411575562,1
11.457286432160805,39.37185929648242,-0.2910019144862795,0.2910019144862795,1
11.557788944723619,39.673366834170864,-0.2913236225459151,0.2913236225459151,1
11.658291457286433,39.9748743718593,-0.2916404776869893,0.2916404776869893,1
11.758793969849247,40.276381909547744,-0.2919525888958203,0.2919525888958203,1
11.859296482412061,40.57788944723619,-0.2922600619195046,0.2922600619195046,1
11.959798994974875,40.87939698492463,-0.2925629993853718,0.2925629993853718,1
12.06030150753769,41.18090452261307,-0.2928615009151922,0.2928615009151922,1
12.160804020100503,41.4824120603015,-0.2931556632344034,0.2931556632344034,1
12.261306532663317,41.78391959798995,-0.29344558027660844,0.29344558027660844,1
12.361809045226131,42.0854271356784,-0.29373134328358186,0.29373134328358186,1
12.462311557788945,42.38693467336685,-0.2940130409010077,0.2940130409010077,1
12.56281407035176,42.6884422110553,-0.29429075927015885,0.29429075927015885,1
12.663316582914574,42.989949748743754,-0.2945645821157216,0.2945645821157216,1
12.763819095477388,43.29145728643215,-0.29483459082994784,0.29483459082994784,1
12.864321608040202,43.5929648241206,-0.29510086455331414,0.29510086455331414,1
12.964824120603016,43.89447236180905,-0.2953634802518602,0.2953634802518602,1
13.06532663316583,44.195979899497445,-0.2956225127913589,0.2956225127913589,1
13.165829145728644,44.49748743718595,-0.2958780350084698,0.2958780350084698,1
13.266331658291458,44.79899497487435,-0.2961301177790244,0.2961301177790244,1
13.366834170854272,45.100502512562855,-0.2963788300835653,0.2963788300835653,1
13.467336683417086,45.40201005025125,-0.29662423907028235,0.29662423907028235,1
13.5678391959799,45.7035175879397,-0.29686641011544807,0.29686641011544807,1
13.668341708542714,46.00502512562815,-0.29710540688148546,0.29710540688148546,1
13.768844221105528,46.306532663316545,-0.297341291372762,0.297341291372762,1
13.869346733668342,46.608040201005,-0.2975741239892184,0.2975741239892184,1
13.969849246231156,46.90954773869345,-0.2978039635779325,0.2978039635779325,1
14.07035175879397,47.211055276381956,-0.2980308674827034,0.2980308674827034,1
14.170854271356784,47.51256281407035,-0.2982548915917505,0.2982548915917505,1
14.271356783919598,47.8140703517588,-0.29847609038360484,0.29847609038360484,1
14.371859296482413,48.11557788944725,-0.2986945169712793,0.2986945169712793,1
14.472361809045227,48.417085427135646,-0.2989102231447848,0.2989102231447848,1
14.57286432160804,48.7185929648241,-0.29912325941206813,0.29912325941206813,1
14.673366834170855,49.02010050251255,-0.2993336750384418,0.2993336750384418,1
14.773869346733669,49.321608040201,-0.29954151808456464,0.29954151808456464,1
14.874371859296483,49.62311557788945,-0.2997468354430381,0.2997468354430381,1
14.974874371859297,49.9246231155779,-0.2999496728736789,0.2999496728736789,1
15.075376884422111,50.226130653266296,-0.300150075037519,0.300150075037519,1
15.175879396984925,50.527638190954804,-0.3003480855295871,0.3003480855295871,1
15.27638190954774,50.8291457286432,-0.300543746910529,0.300543746910529,1
15.376884422110553,51.13065326633165,-0.30073710073710075,0.30073710073710075,1
15.477386934673367,51.4321608040201,-0.30092818759159734,0.30092818759159734,1
15.577889447236181,51.733668341708494,-0.30111704711024784,0.30111704711024784,1
15.678391959798995,52.035175879397,-0.3013037180106229,0.3013037180106229,1
15.77889447236181,52.33668341708545,-0.30148823811809883,0.30148823811809883,1
15.879396984924623,52.638190954773904,-0.30167064439140795,0.30167064439140795,1
15.979899497487438,52.9396984924623,-0.30185097294731855,0.30185097294731855,1
16.080402010050253,53.24120603015075,-0.3020292590844738,0.3020292590844738,1
16.18090452261307,53.54271356783926,-0.30220553730642874,0.30220553730642874,1
16.281407035175885,53.84422110552765,-0.3023798413439105,0.3023798413439105,1
16.3819095477387,54.1457286432161,-0.3025522041763341,0.3025522041763341,1
16.482412060301517,54.447236180904554,-0.30272265805260723,0.30272265805260723,1
16.582914572864333,54.74874371859295,-0.30289123451124383,0.30289123451124383,1
16.68341708542715,55.050251256281456,-0.30305796439981747,0.30305796439981747,1
16.783919597989964,55.35175879396991,-0.30322287789378116,0.30322287789378116,1
16.88442211055278,55.65326633165836,-0.30338600451467257,0.30338600451467257,1
16.984924623115596,55.95477386934681,-0.3035473731477324,0.3035473731477324,1
17.08542713567841,56.25628140703526,-0.30370701205895484,0.30370701205895484,1
17.185929648241228,56.557788944723654,-0.30386494891159505,0.30386494891159505,1
17.286432160804043,56.859296482412105,-0.3040212107821477,0.3040212107821477,1
17.38693467336686,57.16080402010056,-0.3041758241758242,0.3041758241758242,1
17.487437185929675,57.46231155778901,-0.30432881504153936,0.30432881504153936,1
17.58793969849249,57.76381909547746,-0.304480208786429,0.304480208786429,1
17.688442211055307,58.06532663316591,-0.3046300302899178,0.3046300302899178,1
17.788944723618123,58.36683417085442,-0.30477830391734817,0.30477830391734817,1
17.88944723618094,58.66834170854281,-0.3049250535331907,0.3049250535331907,1
17.989949748743754,58.96984924623126,-0.30507030251384754,0.30507030251384754,1
18.09045226130657,59.271356783919714,-0.3052140737600678,0.3052140737600678,1
18.190954773869386,59.57286432160811,-0.30535638970898377,0.30535638970898377,1
18.291457286432202,59.874371859296616,-0.30549727234578267,0.30549727234578267,1
18.391959798995018,60.17587939698507,-0.3056367432150313,0.3056367432150313,1
18.492462311557833,60.47738693467346,-0.30577482343165785,0.30577482343165785,1
18.59296482412065,60.77889447236197,-0.3059115336916082,0.3059115336916082,1
18.693467336683465,61.08040201005042,-0.3060468942821884,0.3060468942821884,1
18.79396984924628,61.38190954773887,-0.3061809250920998,0.3061809250920998,1
18.894472361809097,61.683417085427266,-0.3063136456211814,0.3063136456211814,1
18.994974874371913,61.98492462311572,-0.3064450749898663,0.3064450749898663,1
19.09547738693473,62.286432160804225,-0.3065752319483662,0.3065752319483662,1
19.195979899497544,62.58793969849262,-0.3067041348855883,0.3067041348855883,1
19.29648241206036,62.88944723618107,-0.30683180183779474,0.30683180183779474,1
19.396984924623176,63.19095477386952,-0.30695825049701814,0.30695825049701814,1
19.497487437185992,63.49246231155797,-0.3070834982192324,0.3070834982192324,1
19.597989949748808,63.79396984924642,-0.30720756203229627,0.30720756203229627,1
19.698492462311624,64.09547738693482,-0.3073304586436694,0.3073304586436694,1
19.79899497487444,64.39698492462333,-0.30745220444791255,0.30745220444791255,1
19.899497487437255,64.69849246231178,-0.3075728155339807,0.3075728155339807,1
20.00000000000007,65.00000000000023,-0.3076923076923077,0.3076923076923077,1