Time,A,B,C,A2,B2,C2,k1,k2,k12,k22,_J0,_J1,_J2,_J3
0,10,0,0,10,0,0,0.35,0.2,5,0.2,3.5,0,50,0
0.10050251256281408,9.654356010954364,0.3421731770926216,0.003470811952191554,6.050083100935641,3.9072068580809627,0.04271006863258785,0.35,0.2,5,0.2,3.3790246038340275,0.06843463541852433,30.250415504678205,0.7814413716161925
0.20100502512562815,9.320658998581333,0.6657101546046654,0.013630846814049078,3.6603469790869805,6.193350525790695,0.14630263574080585,0.35,0.2,5,0.2,3.2622306495034663,0.1331420309209331,18.3017348954349,1.238670105158139
0.30150753768844224,8.998496022876523,0.971390583180983,0.030113393943147732,2.214548782057996,7.500268472791102,0.28518300259818063,0.35,0.2,5,0.2,3.149473608006783,0.19427811663619662,11.07274391028998,1.5000536945582206
0.4020100502512563,8.687468416783792,1.2599644690085225,0.05256711420838496,1.33982920969453,8.216275238369924,0.4438958212270843,0.35,0.2,5,0.2,3.0406139458743273,0.25199289380170453,6.69914604847265,1.643255047673985
0.5025125628140704,8.387191292939788,1.5321532519447971,0.08065545511615049,0.8106132058464934,8.576266089728298,0.6131209808364209,0.35,0.2,5,0.2,2.9355169525289253,0.30643065038895945,4.053066029232467,1.7152532179456597
0.6030150753768845,8.097293067386628,1.7886508454890524,0.11405608712505803,0.4904306715908399,8.722320094520924,0.7872495111132458,0.35,0.2,5,0.2,2.83405257358532,0.3577301690978105,2.4521533579541996,1.744464018904185
0.7035175879396985,7.81741499974374,2.0301246397681187,0.15246036048887648,0.2967163976900408,8.740366938021493,0.9629169409234696,0.35,0.2,5,0.2,2.7360952499103086,0.40602492795362377,1.4835819884502042,1.7480733876042986
0.8040201005025126,7.547210749276193,2.2572164688223446,0.19557278190219649,0.17951702213247875,8.682367135791322,1.1381161186917985,0.35,0.2,5,0.2,2.6415237622466674,0.45144329376446896,0.8975851106623938,1.7364734271582645
0.9045226130653267,7.286345946307801,2.4705435434514387,0.24311051024149516,0.10860994645049005,8.579729799519384,1.3116605306941864,0.35,0.2,5,0.2,2.55022108120773,0.4941087086902878,0.5430497322524502,1.7159459599038769
1.0050251256281408,7.034497778449904,2.6706993508276224,0.2948028707232087,0.06571032274409927,8.451430332371176,1.4828596215487186,0.35,0.2,5,0.2,2.462074222457466,0.5341398701655246,0.32855161372049635,1.6902860664742354
1.105527638190955,6.7913545911297515,2.858254522053337,0.35039088681764546,0.039755538818242314,8.308922394607274,1.6513223432343935,0.35,0.2,5,0.2,2.3769741068954127,0.5716509044106675,0.19877769409121157,1.6617844789214549
1.206030150753769,6.556615501927357,3.0337576687836556,0.40962682928972227,0.02405257586630436,8.159109377554598,1.816838323239106,0.35,0.2,5,0.2,2.294815425674575,0.6067515337567312,0.1202628793315218,1.6318218755109197
1.306532663316583,6.3299900282431825,3.197736190002294,0.47227378175525975,0.01455209858029388,8.00614219875344,1.979305979326587,0.35,0.2,5,0.2,2.2154965098851136,0.6395472380004588,0.0727604929014694,1.601228439750688
1.407035175879397,6.111197727833754,3.350697050006105,0.5381052221608782,0.008804194849417432,7.852507045993308,2.138689035817568,0.35,0.2,5,0.2,2.1389192047418137,0.670139410001221,0.04402097424708716,1.5705014091986618
1.5075376884422111,5.89996785177322,3.493127528605047,0.6069046196224698,0.00532664300417094,7.699683405676847,2.294990227979251,0.35,0.2,5,0.2,2.064988748120627,0.6986255057210095,0.0266332150208547,1.5399366811353694
1.6080402010050252,5.696039009409919,3.625495944518957,0.6784650460718614,0.00322268345524615,7.5485421913027775,2.4482354019022488,0.35,0.2,5,0.2,1.9936136532934714,0.7250991889037914,0.016113417276230748,1.5097084382605557
1.7085427135678393,5.499158844902504,3.748252352916807,0.7525888021814268,0.0019497621911742835,7.399586610116039,2.59846390435306,0.35,0.2,5,0.2,1.9247055957158763,0.7496504705833614,0.009748810955871417,1.4799173220232078
1.8090452261306533,5.309083724937811,3.861829218003855,0.8290870570590702,0.001179629403536977,7.2530978686748515,2.7457227785818854,0.35,0.2,5,0.2,1.858179303728234,0.7723658436007711,0.005898147017684885,1.4506195737349703
1.9095477386934674,5.125578437241896,3.966642061540477,0.9077795012183636,0.0007136900876696902,7.1092233247746055,2.8900632617979967,0.35,0.2,5,0.2,1.7939524530346636,0.7933284123080955,0.003568450438348451,1.4218446649549212
2.0100502512562817,4.948415899511225,4.063090088140814,0.9884940123486967,0.0004317910561684552,6.968029810263314,3.031538675340786,0.35,0.2,5,0.2,1.7319455648289288,0.8126180176281628,0.002158955280842276,1.3936059620526628
2.1105527638190957,4.777376878405906,4.151556788165365,1.0710663334294663,0.0002612387447190595,6.829535880593621,3.1702031573219265,0.35,0.2,5,0.2,1.672081907442067,0.8303113576330731,0.0013061937235952974,1.3659071761187243
2.21105527638191,4.612249718254764,4.232410519002957,1.155339762743016,0.000158052611243381,6.693731319434033,3.3061109046149877,0.35,0.2,5,0.2,1.6142874013891675,0.8464821038005914,0.000790263056216905,1.3387462638868066
2.311557788944724,4.452830079137244,4.3060050655030855,1.2411648553604087,0.00009562372107040151,6.560588930004345,3.4393157229348477,0.35,0.2,5,0.2,1.5584905276980352,0.8612010131006171,0.00047811860535200754,1.312117786000869
2.412060301507538,4.2989206840196825,4.372680180290606,1.3283991356904497,0.00005785349483744102,6.430071660025453,3.569870763139973,0.35,0.2,5,0.2,1.5046222394068889,0.8745360360581214,0.0002892674741872051,1.2860143320050907
2.512562814070352,4.150331074630514,4.432762104678522,1.4169068206917035,0.000035002066190525433,6.302136904600433,3.69782836999364,0.35,0.2,5,0.2,1.4526158761206798,0.8865524209357045,0.00017501033095262717,1.2604273809200865
2.613065326633166,4.006877375773501,4.486564070861378,1.5065585533658612,0.000021176668427954797,6.176739101164884,3.8232399988269505,0.35,0.2,5,0.2,1.402407081520725,0.8973128141722756,0.00010588334213977398,1.2353478202329768
2.71356783919598,3.868382067788408,4.53438678604816,1.5972311461641686,0.000012812138875539952,6.053831291405502,3.9461561731158854,0.35,0.2,5,0.2,1.3539337237259428,0.9068773572096321,0.00006406069437769977,1.2107662582811005
2.814070351758794,3.734673766875213,4.576518899177964,1.68880733394756,0.00000775149881454415,5.933366058515568,4.0666264666458805,0.35,0.2,5,0.2,1.3071358184063244,0.9153037798355929,0.000038757494072720746,1.1866732117031136
2.9145728643216082,3.605587013011794,4.613237450830197,1.7811755361587456,0.000004689749371880975,5.815296086507941,4.18469950040295,0.35,0.2,5,0.2,1.2619554545541278,0.9226474901660394,0.000023448746859404877,1.1630592173015883
3.0150753768844223,3.4809620652024984,4.644808306923965,1.874229627874275,0.0000028373549368774827,5.699574491086206,4.300422948219121,0.35,0.2,5,0.2,1.2183367228208744,0.928961661384793,0.000014186774684387414,1.1399148982172411
3.1155778894472363,3.3606447038029597,4.671486576782724,1.967868719415056,0.0000017166339042398992,5.586155012462019,4.413843547564343,0.35,0.2,5,0.2,1.1762256463310359,0.9342973153565448,0.000008583169521199496,1.1172310024924037
3.2160804020100504,3.2444860396781423,4.693517016114082,2.0619969442085155,0.0000010385840088925878,5.474992124770033,4.525007113306225,0.35,0.2,5,0.2,1.1355701138873497,0.9387034032228163,0.000005192920044462938,1.0949984249540066
3.3165829145728645,3.132342329956639,4.711134415440435,2.156523254603665,6.283558878794312e-7,5.366041095183536,4.633958553120844,0.35,0.2,5,0.2,1.0963198154848235,0.9422268830880871,0.0000031417794393971557,1.0732082190367072
3.4170854271356785,3.0240748001544087,4.724563974493101,2.2513612253532305,3.801653485126754e-7,5.259258012733293,4.740741883761621,0.35,0.2,5,0.2,1.0584261800540429,0.9449127948986202,0.000001900826742563377,1.0518516025466587
3.5175879396984926,2.919549472453982,4.734021663053614,2.3464288644931437,2.3002152686947206e-7,5.154599798929729,4.845400247708957,0.35,0.2,5,0.2,1.0218423153588936,0.9468043326107228,0.0000011501076343473603,1.0309199597859457
3.6180904522613067,2.818636999871329,4.739714568843524,2.441648431285887,1.3917166443688093e-7,5.052024207573126,4.947975929915333,0.35,0.2,5,0.2,0.986522949954965,0.9479429137687048,6.958583221844047e-7,1.0104048415146252
3.7185929648241207,2.721212506245084,4.741841232618012,2.5369462611376434,8.420501068772584e-8,4.951489817979588,5.048510374475502,0.35,0.2,5,0.2,0.9524243771857793,0.9483682465236024,4.210250534386292e-7,0.9902979635959176
3.819095477386935,2.627155431679975,4.740591971284287,2.6322525970364783,5.094726823368331e-8,4.852956024593563,5.14704420111924,0.35,0.2,5,0.2,0.9195044010879911,0.9481183942568574,2.5473634116841655e-7,0.9705912049187125
3.919597989949749,2.536349383358942,4.7361491892430045,2.7275014273987934,3.082521586645281e-8,4.756383024362651,5.243617221472196,0.35,0.2,5,0.2,0.8877222841756296,0.9472298378486009,1.5412607933226406e-7,0.9512766048725303
4.020100502512563,2.4486819915326836,4.728687678383757,2.8226303300842983,1.8652153616061276e-8,4.6617318029599275,5.338268455047963,0.35,0.2,5,0.2,0.8570386970364392,0.9457375356767515,9.326076808030638e-8,0.9323463605919855
4.120603015075377,2.3640447704879874,4.718374907180607,2.9175803223321446,1.1293425338515235e-8,4.568964120409946,5.431036144956622,0.35,0.2,5,0.2,0.8274156696707956,0.9436749814361214,5.646712669257618e-8,0.9137928240819893
4.2211055276381915,2.282332984106618,4.705371299747371,3.012295716146749,6.838457324948457e-9,4.478042496486684,5.521957773334814,0.35,0.2,5,0.2,0.7988165444373162,0.9410742599494744,3.4192286624742284e-8,0.8956084992973369
4.3216080402010055,2.203445516480022,4.689830503845284,3.106723979675432,4.138808410827652e-9,4.388930196064542,5.611070076456569,0.35,0.2,5,0.2,0.7712059307680077,0.937966100769057,2.069404205413826e-8,0.8777860392129084
4.42211055276382,2.127284746911946,4.671899649315379,3.2008156037734135,2.5092323735071094e-9,4.301591214595809,5.698409059554851,0.35,0.2,5,0.2,0.7445496614191811,0.9343799298630758,1.2546161867535547e-8,0.8603182429191618
4.522613065326634,2.053756428960128,4.651719597705357,3.294523973335253,1.531075070949783e-9,4.215990263757736,5.784010011371043,0.35,0.2,5,0.2,0.7188147501360448,0.9303439195410714,7.655375354748914e-9,0.8431980527515472
4.623115577889448,1.9827695733218456,4.629425183523085,3.3878052431558072,9.394193268283378e-10,4.13209275727834,5.867907518442013,0.35,0.2,5,0.2,0.6939693506626459,0.9258850367046171,4.6970966341416895e-9,0.826418551455668
4.723618090452262,1.9142363355378442,4.605145445002285,3.480618219460609,5.741706505116885e-10,4.049864797032685,5.9501354790527445,0.35,0.2,5,0.2,0.6699827174382454,0.9210290890004571,2.870853252558443e-9,0.809972959406537
4.824120603015076,1.8480719077109884,4.579003846143817,3.572924246145933,3.4759622272783004e-10,3.9692731594093895,6.030727116902496,0.35,0.2,5,0.2,0.6468251676988459,0.9158007692287635,1.73798111363915e-9,0.793854631881878
4.92462311557789,1.7841944134990066,4.551118491655217,3.6646870948465153,2.1037861072342405e-10,3.890285281918302,6.109714994530787,0.35,0.2,5,0.2,0.6244680447246523,0.9102236983310434,1.0518930536171203e-9,0.7780570563836604
5.025125628140704,1.7225248084477365,4.521602330315802,3.7558728612372008,1.3550130048084138e-10,3.812869250175813,6.187131026348272,0.35,0.2,5,0.2,0.6028836829567077,0.9043204660631604,6.775065024042069e-10,0.7625738500351626
5.125628140703518,1.6629867778271974,4.490563363755518,3.8464498584180244,9.459743201233182e-11,3.7369937847134613,6.263006491851667,0.35,0.2,5,0.2,0.582045372239519,0.8981126727511036,4.729871600616591e-10,0.7473987569426923
5.226130653266332,1.605506646526634,4.458104829107692,3.9363885243664134,7.606462834951608e-11,3.6626282286414136,6.337372047942429,0.35,0.2,5,0.2,0.5619273262843218,0.8916209658215385,3.803231417475804e-10,0.7325256457282827
5.326633165829146,1.5500132835291178,4.424325393434202,4.02566132303742,6.374436965563606e-11,3.589742534961685,6.410257741634539,0.35,0.2,5,0.2,0.5425046492351911,0.8848650786868405,3.187218482781803e-10,0.717948506992337
5.42713567839196,1.4964380132306148,4.3893193333143445,4.114242653455781,4.813577347357735e-11,3.5183072543542737,6.481693022257337,0.35,0.2,5,0.2,0.5237533046307151,0.877863866662869,2.4067886736788676e-10,0.7036614508708547
5.527638190954774,1.4447145407188253,4.353176684296458,4.202108774985456,3.301831392766094e-11,3.448293524055554,6.551706752570869,0.35,0.2,5,0.2,0.5056500892515888,0.8706353368592916,1.650915696383047e-10,0.6896587048111109
5.628140703517588,1.3947788559750465,4.315983435945912,4.289237708079781,1.8286392822033934e-11,3.379673055160978,6.620327221479904,0.35,0.2,5,0.2,0.48817259959126624,0.8631966871891825,9.143196411016966e-11,0.6759346110321957
5.728643216080402,1.3465691667715252,4.2778216648834455,4.375609168345769,8.841067169690431e-12,3.312418122109424,6.6875821545407845,0.35,0.2,5,0.2,0.47129920837003375,0.8555643329766891,4.4205335848452154e-11,0.6624836244218848
5.8291457286432165,1.3000258173858896,4.238769698595306,4.461204484019545,4.542443309804858e-12,3.2465015511505873,6.753498725503942,0.35,0.2,5,0.2,0.4550090360850613,0.8477539397190612,2.2712216549024292e-11,0.6493003102301175
5.9296482412060305,1.255091210052791,4.198902273192284,4.546006516755666,4.167786857650759e-12,3.1818967089478654,6.818103567707134,0.35,0.2,5,0.2,0.4392819235184768,0.8397804546384569,2.0838934288253794e-11,0.6363793417895731
6.030150753768845,1.2117097407291268,4.158290660528633,4.629999598742981,4.758607042750653e-12,3.118577492417367,6.8814227842371185,0.35,0.2,5,0.2,0.4240984092551944,0.8316581321057266,2.3793035213753267e-11,0.6237154984834734
6.130653266331659,1.169827727075083,4.117002812011741,4.713169460913917,4.6910717836857425e-12,3.0565183179057778,6.943481958748785,0.35,0.2,5,0.2,0.40943970447627903,0.8234005624023482,2.3455358918428713e-11,0.6113036635811556
6.231155778894473,1.1293933386277957,4.075103497718658,4.795503163654287,3.0062525185189998e-12,2.9956941105608905,7.004306166095301,0.35,0.2,5,0.2,0.39528766851972846,0.8150206995437316,1.5031262592595e-11,0.5991388221121782
6.331658291457287,1.0903565410448048,4.032654415394807,4.876989043561128,7.689069479810337e-13,2.9360802949105773,7.063919981747775,0.35,0.2,5,0.2,0.38162478936568167,0.8065308830789615,3.844534739905169e-12,0.5872160589821155
6.432160804020101,1.0526690408522081,3.9897142986128453,4.957616660535686,-4.537613960922053e-12,2.8776527855996537,7.122347491063815,0.35,0.2,5,0.2,0.3684341642982728,0.7979428597225691,-2.2688069804610264e-11,0.5755305571199307
6.532663316582915,1.0162842112705648,3.946339065049813,5.037376723680362,-1.4022126705674873e-11,2.8203879763153044,7.179612300357267,0.35,0.2,5,0.2,0.35569947394469764,0.7892678130099626,-7.011063352837436e-11,0.5640775952630609
6.633165829145729,0.9811570069637212,3.9025819884268573,5.116261004610161,-2.0902012843300513e-11,2.764262727736073,7.235737548942988,0.35,0.2,5,0.2,0.3434049524373024,0.7805163976853715,-1.0451006421650256e-10,0.5528525455472146
6.733668341708543,0.947243946976657,3.858493725276357,5.194262327747727,-2.1297080059117026e-11,2.7092543617193043,7.290745914959865,0.35,0.2,5,0.2,0.3315353814418299,0.7716987450552715,-1.0648540029558513e-10,0.5418508723438609
6.834170854271357,0.9145030915424579,3.814122354772905,5.271374553685377,-2.2585386443147704e-11,2.6553406549319107,7.344659621748182,0.35,0.2,5,0.2,0.32007608203986027,0.7628244709545811,-1.1292693221573852e-10,0.5310681309863822
6.934673366834171,0.8828938738340724,3.7695137273225017,5.347592398844167,-1.7301871269473276e-11,2.6024998191855366,7.397500457489118,0.35,0.2,5,0.2,0.3090128558419253,0.7539027454645004,-8.650935634736638e-11,0.5204999638371074
7.035175879396985,0.8523772164830792,3.7247112073791473,5.422911576138515,-1.0183371598853195e-11,2.5507105080235406,7.449289768643926,0.35,0.2,5,0.2,0.2983320257690777,0.7449422414758295,-5.091685799426598e-11,0.5101421016047082
7.135678391959799,0.8229153309906465,3.67975609037728,5.497328578632814,-4.015261164436778e-12,2.4999517938904576,7.500048482770889,0.35,0.2,5,0.2,0.28802036584672625,0.735951218075456,-2.0076305822183892e-11,0.49999035877809156
7.236180904522613,0.7944717699644922,3.634687483029272,5.570840747006976,1.4815630041341313e-12,2.450203169105498,7.5497971075504795,0.35,0.2,5,0.2,0.27806511948757223,0.7269374966058545,7.407815020670656e-12,0.49004063382109964
7.336683417085427,0.7670113404264022,3.5895424778046494,5.643446181769688,4.842725007905655e-12,2.401444533455393,7.598555743197323,0.35,0.2,5,0.2,0.26845396914924075,0.71790849556093,2.4213625039528275e-11,0.4802889066910786
7.437185929648241,0.7405000617718224,3.5443562333814502,5.715143704847468,4.255193702728799e-12,2.3536561863167345,7.64634409033656,0.35,0.2,5,0.2,0.25917502162013784,0.7088712466762901,2.1275968513643994e-11,0.4707312372633469
7.5376884422110555,0.7149051357538333,3.4991620298753148,5.785932834371592,2.234131768176149e-12,2.3068188200404083,7.693181456614887,0.35,0.2,5,0.2,0.2502167975138416,0.699832405975063,1.1170658840880745e-11,0.46136376400808166
7.63819095477387,0.690194879251959,3.453991401455354,5.855813719293426,3.422611546563964e-13,2.2609135091278034,7.739086767529323,0.35,0.2,5,0.2,0.24156820773818563,0.6907982802910708,1.7113057732819821e-12,0.4521827018255607
7.738693467336684,0.6663387313391423,3.4088741141281247,5.9247871545334725,-2.5921883682240514e-12,2.2159217076763955,7.7840785689835705,0.35,0.2,5,0.2,0.2332185559686998,0.681774822825625,-1.2960941841120257e-11,0.44318434153527914
7.839195979899498,0.6433071514966356,3.3638383711036752,5.992854477400428,-3.6079086669012683e-12,2.171825235027766,7.828175041633177,0.35,0.2,5,0.2,0.22515750302382245,0.6727676742207351,-1.803954333450634e-11,0.4343650470055532
7.939698492462312,0.6210716482046345,3.318910745010039,6.060017606786067,-3.1421938642476147e-12,2.128606275295761,7.8713940013647115,0.35,0.2,5,0.2,0.21737507687162205,0.6637821490020078,-1.5710969321238073e-11,0.4257212550591522
8.040201005025127,0.5996047022268375,3.2741163309337993,6.126278966840102,-1.967472560108207e-12,2.0862473657731964,7.913752910886121,0.35,0.2,5,0.2,0.20986164577939312,0.6548232661867599,-9.837362800541035e-12,0.4172494731546393
8.14070351758794,0.5788797404008291,3.22947879368581,6.191641465914101,-4.3085618367144973e-13,2.0447313907301505,7.9552688859276826,0.35,0.2,5,0.2,0.20260790914029017,0.645895758737162,-2.1542809183572487e-12,0.40894627814603013
8.241206030150755,0.558871128705725,3.185020374669527,6.256108496625488,1.4273788241726149e-12,2.0040415772590596,7.995958699396975,0.35,0.2,5,0.2,0.19560489504700374,0.6370040749339054,7.1368941208630745e-12,0.40080831545181195
8.341708542713569,0.5395540936775087,3.140762048495506,6.319683857827726,1.8324055677240427e-12,1.9641614833350027,8.035838793320641,0.35,0.2,5,0.2,0.18884393278712805,0.6281524096991012,9.162027838620214e-12,0.3928322966670006
8.442211055276383,0.5209047452266127,3.0967234686856764,6.382371786088451,1.961520582846274e-12,1.9250749973401025,8.074925279315424,0.35,0.2,5,0.2,0.18231666082931441,0.6193446937371353,9.80760291423137e-12,0.38501499946802054
8.542713567839197,0.5028999954891364,3.0529231285444047,6.444176875967199,1.4268960586258562e-12,1.8867663253555151,8.11323395130053,0.35,0.2,5,0.2,0.17601499842119775,0.610584625708881,7.134480293129281e-12,0.37735326507110306
8.643216080402011,0.4855175708312091,3.009378330154904,6.505104099014627,3.3354103301294605e-13,1.8492199898230526,8.150780286834047,0.35,0.2,5,0.2,0.1699311497909232,0.6018756660309809,1.6677051650647302e-12,0.36984399796461054
8.743718592964825,0.4687359601626585,2.9661052841676554,6.565158755670427,-6.766174598158583e-13,1.8124208202535894,8.187579456404483,0.35,0.2,5,0.2,0.16405758605693047,0.5932210568335311,-3.3830872990792918e-12,0.3624841640507179
8.84422110552764,0.45253439291855085,2.9231191487492314,6.624346458332957,-1.012869909392169e-12,1.7763539476796262,8.223646328978768,0.35,0.2,5,0.2,0.1583870375214928,0.5846238297498463,-5.064349546960845e-12,0.3552707895359253
8.944723618090453,0.43689282815664354,2.880434045765851,6.682673126078246,-1.2070257500245476e-12,1.741004800524354,8.258995476134224,0.35,0.2,5,0.2,0.15291248985482522,0.5760868091531702,-6.035128750122738e-12,0.3482009601048708
9.045226130653267,0.42179189857197913,2.8380631693873823,6.740144932041379,-8.869447404549152e-13,1.7063590947654157,8.293641181892855,0.35,0.2,5,0.2,0.1476271645001927,0.5676126338774765,-4.434723702274576e-12,0.3412718189530832
9.145728643216081,0.40721292950141036,2.796018740981588,6.796768329517742,-2.3501754743464377e-13,1.6724028335962386,8.327597443061405,0.35,0.2,5,0.2,0.14252452532549362,0.5592037481963177,-1.1750877371732187e-12,0.33448056671924775
9.246231155778895,0.39313786919855714,2.7543121458126216,6.852549984989562,2.3360607977259844e-13,1.6391222958216938,8.360877980835502,0.35,0.2,5,0.2,0.13759825421949498,0.5508624291625244,1.1680303988629922e-12,0.3278244591643388
9.34673366834171,0.37954932097931304,2.7129538616816853,6.907496817339743,1.1297847239535935e-12,1.6065040374846733,8.393496239171665,0.35,0.2,5,0.2,0.13284226234275956,0.5425907723363371,5.648923619767967e-12,0.3213008074969347
9.447236180904524,0.3664304724188695,2.671953597109254,6.961615930472617,2.3654037260078317e-12,1.574534879803316,8.425465396851838,0.35,0.2,5,0.2,0.12825066534660431,0.5343907194218508,1.1827018630039158e-11,0.31490697596066325
9.547738693467338,0.35376507141562424,2.631320334264796,7.01491459432032,3.160368952509959e-12,1.5432019034026256,8.45679837325177,0.35,0.2,5,0.2,0.12381777499546848,0.5262640668529592,1.5801844762549797e-11,0.30864038068052513
9.648241206030152,0.3415374310391095,2.591062313615415,7.067400255346216,2.9684025280747814e-12,1.5124924465101834,8.487507830144402,0.35,0.2,5,0.2,0.11953810086368831,0.518212462723083,1.4842012640373906e-11,0.3024984893020367
9.748743718592966,0.3297325021412319,2.5511868816788708,7.119080616180638,3.927431500629999e-12,1.4823941126230138,8.517606164030669,0.35,0.2,5,0.2,0.11540637574943116,0.5102373763357742,1.9637157503149994e-11,0.2964788225246028
9.84924623115578,0.31833561461448306,2.5117010087963654,7.169963376589892,4.577580885596559e-12,1.452894732139718,8.547105544513373,0.35,0.2,5,0.2,0.11141746511506906,0.5023402017592731,2.2887904427982793e-11,0.29057894642794363
9.949748743718594,0.30733262229488223,2.4726109906636524,7.220056387042206,4.305107871863406e-12,1.4239823800515656,8.576017896601838,0.35,0.2,5,0.2,0.10756641780320877,0.4945221981327305,2.152553935931703e-11,0.28479647601031316
10.050251256281408,0.2967099507354173,2.4339223469243225,7.269367702341,3.711813681692485e-12,1.3956453804352498,8.604354896218782,0.35,0.2,5,0.2,0.10384848275739604,0.4867844693848645,1.8559068408462426e-11,0.27912907608704995
10.150753768844222,0.28645449836282477,2.3956400151816877,7.317905486456229,3.5426832092701786e-12,1.3678722901047322,8.632127986549508,0.35,0.2,5,0.2,0.10025907442698867,0.47912800303633757,1.7713416046350895e-11,0.27357445802094643
10.251256281407036,0.276553500356927,2.357768620181757,7.365677879462056,3.1074875417633797e-12,1.3406518769914564,8.659348399663232,0.35,0.2,5,0.2,0.09679372512492444,0.47155372403635143,1.5537437708816898e-11,0.26813037539829127
10.35175879396985,0.2669946545528739,2.3203122146190687,7.4126931308287975,2.2593181050348204e-12,1.3139731355788278,8.686027141076671,0.35,0.2,5,0.2,0.09344812909350586,0.46406244292381377,1.1296590525174102e-11,0.26279462711576557
10.452261306532664,0.25776626382244383,2.283273989452565,7.458959746725732,1.6151617284945452e-12,1.287825305892647,8.712174970763478,0.35,0.2,5,0.2,0.09021819233785533,0.45665479789051305,8.075808642472726e-12,0.2575650611785294
10.552763819095478,0.24885683593086108,2.2466570704957536,7.504486093574126,1.0104671442653836e-12,1.262197812307336,8.737802464349363,0.35,0.2,5,0.2,0.08709989257580138,0.4493314140991507,5.052335721326918e-12,0.2524395624614672
10.653266331658292,0.24025532415000816,2.2104640313544177,7.549280644496315,5.402059515957763e-13,1.2370802967452135,8.762919979911926,0.35,0.2,5,0.2,0.08408936345250285,0.44209280627088354,2.7010297579788813e-12,0.2474160593490427
10.753768844221106,0.23195108733440148,2.1746969695466385,7.593351943119701,2.3917797070765215e-13,1.2124626110714198,8.787537665585992,0.35,0.2,5,0.2,0.08118288056704051,0.43493939390932773,1.1958898535382608e-12,0.24249252221428397
10.85427135678392,0.22393390478354472,2.139357472793122,7.6367086224240746,-2.1026709032729213e-15,1.1883348175266548,8.811665459130966,0.35,0.2,5,0.2,0.07837686667424065,0.4278714945586244,-1.0513354516364607e-14,0.23766696350533098
10.954773869346734,0.21619381885012148,2.104446924708971,7.679359256441648,-1.0895826419774674e-13,1.1646871612466092,8.835313115411093,0.35,0.2,5,0.2,0.07566783659754252,0.42088938494179423,-5.447913209887337e-13,0.23293743224932184
11.055276381909549,0.20872123945388785,2.0699662943780486,7.721312466168804,-1.075782546300552e-13,1.1415100851908555,8.858490191466837,0.35,0.2,5,0.2,0.07305243380886074,0.4139932588756097,-5.37891273150276e-13,0.2283020170381711
11.155778894472363,0.20150695323617743,2.0359161165358683,7.762576930228695,2.3616507469138467e-15,1.118794230831725,8.881206045825854,0.35,0.2,5,0.2,0.07052743363266209,0.4071832233071737,1.1808253734569233e-14,0.223758846166345
11.256281407035177,0.19454203325052383,2.0022966614454787,7.803161305304738,1.646006439094843e-13,1.0965304199195958,8.903469856737821,0.35,0.2,5,0.2,0.06808971163768333,0.40045933228909575,8.230032195474215e-13,0.21930608398391915
11.35678391959799,0.18781784350321218,1.9691079224223036,7.8430742340752255,2.815192576895504e-13,1.0747096536433465,8.925290623013959,0.35,0.2,5,0.2,0.06573624522612426,0.39382158448446075,1.407596288447752e-12,0.2149419307286693
11.457286432160805,0.18132605478066507,1.936349581686614,7.882324363533462,2.7375250185842195e-13,1.0533231138727164,8.9466771627846,0.35,0.2,5,0.2,0.06346411917323277,0.38726991633732283,1.3687625092921097e-12,0.2106646227745433
11.557788944723619,0.17505868067821537,1.9040209375205248,7.920920381802,3.340441391863718e-13,1.0323621681688333,8.967638108488433,0.35,0.2,5,0.2,0.061270538237375376,0.380804187504105,1.6702206959318588e-12,0.20647243363376666
11.658291457286433,0.16900793473306855,1.872121174815838,7.958870890451834,3.369698204348007e-13,1.0118183417452493,8.988181934912024,0.35,0.2,5,0.2,0.05915277715657399,0.3744242349631676,1.6848491021740034e-12,0.20236366834904987
11.758793969849247,0.16316631385036323,1.8406492012185613,7.996184484931816,2.758424084320767e-13,0.9916833312198897,9.008316945437446,0.35,0.2,5,0.2,0.05710820984762713,0.3681298402437123,1.3792120421603835e-12,0.19833666624397794
11.859296482412061,0.15752660443380864,1.8096036314563164,8.032869764110616,1.615795427895803e-13,0.9719490040045474,9.0280512726529,0.35,0.2,5,0.2,0.05513431155183302,0.3619207262912633,8.078977139479014e-13,0.1943898008009095
11.959798994974875,0.15208184812196968,1.7789828495091649,8.068935302369606,2.3396994490785816e-14,0.9526073903683414,9.047392886289245,0.35,0.2,5,0.2,0.05322864684268938,0.355796569901833,1.1698497245392908e-13,0.1905214780736683
12.06030150753769,0.14682527922521962,1.7487851252375186,8.104389595538002,-9.337206308317281e-14,0.9336506703338991,9.0663496063238,0.35,0.2,5,0.2,0.05138884772882687,0.3497570250475037,-4.66860315415864e-13,0.18673013406677985
12.160804020100503,0.14175037495572576,1.719008513959708,8.139241111085306,-1.1800250916508963e-13,0.9150711811688179,9.084929095488905,0.35,0.2,5,0.2,0.04961263123450401,0.3438017027919416,-5.900125458254481e-13,0.1830142362337636
12.261306532663317,0.136850904367422,1.6896507602963977,8.173498335336921,-1.8581951008103163e-13,0.8968614254384321,9.103138851219352,0.35,0.2,5,0.2,0.047897816528597696,0.33793015205927956,-9.290975504051581e-13,0.17937228508768643
12.361809045226131,0.13212077976649428,1.6607095771650273,8.20716964306922,-2.208793924051642e-13,0.879014040775739,9.120986235882075,0.35,0.2,5,0.2,0.04624227291827299,0.3321419154330055,-1.104396962025821e-12,0.17580280815514782
12.462311557788945,0.12755413705613958,1.6321824894991694,8.240263373445433,-2.0573839189001578e-13,0.8615218138059837,9.138478462851813,0.35,0.2,5,0.2,0.04464394796964885,0.3264364978998339,-1.028691959450079e-12,0.17230436276119676
12.56281407035176,0.12314532549878848,1.6040668510008131,8.27278782350114,-1.4325577058744026e-13,0.844377676960965,9.155622599696772,0.35,0.2,5,0.2,0.04310086392457597,0.32081337020016265,-7.162788529372013e-13,0.16887553539219302
12.663316582914574,0.11888891670923747,1.5763598245221533,8.30475125876935,-6.746409186322093e-14,0.8275747090887586,9.1724255675689,0.35,0.2,5,0.2,0.04161112084823311,0.31527196490443066,-3.3732045931610466e-13,0.16551494181775173
12.763819095477388,0.11477962386462873,1.5490585285368481,8.336161847599264,8.602102842094826e-15,0.8111061166863601,9.188894159971225,0.35,0.2,5,0.2,0.04017286835262005,0.30981170570736966,4.301051421047413e-14,0.16222122333727204
12.864321608040202,0.11081235333075001,1.5221599385289064,8.367027708141086,4.6467324932501936e-14,0.7949652436542994,9.20503503300325,0.35,0.2,5,0.2,0.0387843236657625,0.3044319877057813,2.3233662466250967e-13,0.1589930487308599
12.964824120603016,0.10698221418183113,1.4956608678285062,8.397356917990404,8.596534815071516e-14,0.7791455726575547,9.22085470399996,0.35,0.2,5,0.2,0.03744377496364089,0.29913217356570126,4.2982674075357583e-13,0.15582911453151094
13.06532663316583,0.10328446771724245,1.4695580560620334,8.427157476221465,1.2352790525093519e-13,0.763640712025527,9.236359564631952,0.35,0.2,5,0.2,0.03614956370103486,0.29391161121240666,6.17639526254676e-13,0.1527281424051054
13.165829145728644,0.09971452648274808,1.4438481682271718,8.456437305290821,1.302139698547943e-13,0.7484443943195884,9.251555882337886,0.35,0.2,5,0.2,0.03490008426896182,0.28876963364543434,6.510698492739715e-13,0.14968887886391768
13.266331658291458,0.09626796678233354,1.4185277694558949,8.485204263762514,9.921054482090223e-14,0.7335504780996666,9.266449798557838,0.35,0.2,5,0.2,0.03369378837381674,0.28370555389117896,4.960527241045112e-13,0.1467100956199333
13.366834170854272,0.09294055106072228,1.393593282257949,8.51346616668207,6.181525327338791e-14,0.718952952151622,9.28104732450592,0.35,0.2,5,0.2,0.0325291928712528,0.27871865645158983,3.0907626636693956e-13,0.1437905904303244
13.467336683417086,0.08972814451406608,1.3690411336461301,8.541230721840545,1.746196374494713e-14,0.7046459143043747,9.29535436235321,0.35,0.2,5,0.2,0.03140485057992313,0.27380822672922606,8.730981872473564e-14,0.14092918286087494
13.5678391959799,0.0866267644675863,1.3448676638427604,8.568505571690395,-1.3498811399095745e-14,0.6906235821088613,9.309376694548755,0.35,0.2,5,0.2,0.030319367563655202,0.26897353276855207,-6.749405699547872e-14,0.13812471642177226
13.668341708542714,0.0836325798432408,1.321069124758419,8.595298295399083,-3.623916211471517e-14,0.6768802916044304,9.323119985053205,0.35,0.2,5,0.2,0.029271402945134275,0.26421382495168383,-1.8119581057357585e-13,0.1353760583208861
13.768844221105528,0.08074189715047123,1.2976417024702414,8.621616400380029,-6.669821925871443e-14,0.6634104927608102,9.336589783896855,0.35,0.2,5,0.2,0.028259664002664928,0.25952834049404827,-3.3349109629357216e-13,0.13268209855216204
13.869346733668342,0.07795112559876168,1.2745815770383682,8.647467297363612,-7.984716163591912e-14,0.6502087398407425,9.349791536816934,0.35,0.2,5,0.2,0.027282893959566585,0.2549163154076736,-3.992358081795956e-13,0.1300417479681485
13.969849246231156,0.07525680338826776,1.2518848729127101,8.672858323699764,-6.631277468083194e-14,0.6372696966462756,9.362730580011387,0.35,0.2,5,0.2,0.026339881185893716,0.25037697458254204,-3.3156387340415965e-13,0.12745393932925514
14.07035175879397,0.07265561927991296,1.229547618977551,8.697796761743279,-4.82240105204421e-14,0.6245881411503982,9.375412135507247,0.35,0.2,5,0.2,0.025429466747969535,0.2459095237955102,-2.411200526022105e-13,0.12491762823007964
14.170854271356784,0.07014434393143118,1.2075658667017621,8.722289789367549,-2.3810304923703014e-14,0.6121589467176617,9.38784132993996,0.35,0.2,5,0.2,0.02455052037600091,0.24151317334035244,-1.1905152461851507e-13,0.12243178934353234
14.271356783919598,0.06771986371622987,1.1859356283760392,8.746344507908473,-2.2838300346091303e-15,0.5999770897595342,9.400023186898066,0.35,0.2,5,0.2,0.023701952300680455,0.23718712567520783,-1.1419150173045652e-14,0.11999541795190685
14.371859296482413,0.06537917801025937,1.164652879896791,8.769967942093691,1.130726934541177e-14,0.5880376481510149,9.411962628506574,0.35,0.2,5,0.2,0.02288271230359078,0.2329305759793582,5.6536346727058847e-14,0.11760752963020299
14.472361809045227,0.06311940542205101,1.1437135480920526,8.793167046486639,3.380543408087092e-14,0.5763358020621643,9.423664474595402,0.35,0.2,5,0.2,0.02209179189771785,0.22874270961841053,1.690271704043546e-13,0.11526716041243286
14.57286432160804,0.06093773860729802,1.1231135855384022,8.815948675855042,4.728039793738001e-14,0.5648668202904265,9.435133456367128,0.35,0.2,5,0.2,0.021328208512554306,0.22462271710768045,2.3640198968690006e-13,0.1129733640580853
14.673366834170855,0.058831472844026185,1.1028489197604272,8.838319607396288,4.464114772901082e-14,0.5536260673475758,9.446374209309981,0.35,0.2,5,0.2,0.020591015495409162,0.22056978395208546,2.232057386450541e-13,0.11072521346951517
14.773869346733669,0.056798011267284176,1.0829154429837622,8.860286545749695,3.488511587507865e-14,0.5426090043379782,9.457391272319589,0.35,0.2,5,0.2,0.01987930394354946,0.21658308859675246,1.7442557937539325e-13,0.10852180086759565
14.874371859296483,0.054834838874418916,1.0633090533080531,8.88185610781827,2.2612611019926744e-14,0.5318111802615597,9.468189096396019,0.35,0.2,5,0.2,0.01919219360604662,0.21266181066161063,1.1306305509963372e-13,0.10636223605231195
14.974874371859297,0.05293951943767238,1.0440256578833096,8.90303482267976,9.196883921959929e-15,0.5212282302157751,9.478772046441817,0.35,0.2,5,0.2,0.018528831803185333,0.20880513157666192,4.598441960979964e-14,0.10424564604315503
15.075376884422111,0.051109703841783545,1.025061157185217,8.923829138973742,8.394884380879684e-16,0.5108558770606526,9.489144399596947,0.35,0.2,5,0.2,0.01788839634462424,0.20501223143704342,4.197442190439842e-15,0.10217117541213053
15.175879396984925,0.04934314305740117,1.0064114220541824,8.94424543488916,-1.4671823215825858e-14,0.5006899346823624,9.499310341975253,0.35,0.2,5,0.2,0.01727010007009041,0.2012822844108365,-7.33591160791293e-14,0.1001379869364725
15.27638190954774,0.04763764169991654,0.988072367744019,8.964289990556807,-2.597822731600628e-14,0.49072629267440665,9.509273983983219,0.35,0.2,5,0.2,0.01667317459497079,0.1976144735488038,-1.2989113658003139e-13,0.09814525853488133
15.376884422110553,0.04599108554399212,0.970039907102171,8.98396900735458,-2.8168339898428198e-14,0.48096092409693214,9.519039352560695,0.35,0.2,5,0.2,0.01609687994039724,0.1940079814204342,-1.40841699492141e-13,0.09619218481938643
15.477386934673367,0.04440144008517301,0.952309951313968,9.003288608601602,-2.3181126087051616e-14,0.471389884310665,9.528610392346957,0.35,0.2,5,0.2,0.015540504029810552,0.19046199026279362,-1.1590563043525808e-13,0.094277976862133
15.577889447236181,0.042866744886629414,0.9348784172314246,9.02225483788269,-1.7873970499026873e-14,0.4620093083598849,9.537990968297732,0.35,0.2,5,0.2,0.015003360710320294,0.18697568344628493,-8.936985249513437e-14,0.09240186167197699
15.678391959798995,0.04138509372849918,0.9177412575410104,9.040873648731235,-1.0388286241037977e-14,0.4528154037623976,9.547184872895214,0.35,0.2,5,0.2,0.014484782804974713,0.1835482515082021,-5.194143120518988e-14,0.09056308075247953
15.77889447236181,0.039954648969824175,0.900894435894554,9.059150915136366,-4.7154677689298515e-15,0.44380445436762445,9.55619582228998,0.35,0.2,5,0.2,0.01398412713943846,0.1801788871789108,-2.3577338844649258e-14,0.0887608908735249
15.879396984924623,0.03857365167182232,0.8843339096457936,9.07709243868313,4.702445924692245e-15,0.43497282319476527,9.56502745346283,0.35,0.2,5,0.2,0.013500778085137811,0.17686678192915872,2.3512229623461227e-14,0.08699456463895305
15.979899497487438,0.03724038831732464,0.8680556802983616,9.094703931385059,1.3140734813714916e-14,0.42631694028698663,9.573683336370602,0.35,0.2,5,0.2,0.013034135911063623,0.17361113605967232,6.570367406857458e-14,0.08526338805739733
16.080402010050253,0.0359532056434613,0.8520557686561733,9.11199102570111,1.676450391015112e-14,0.4178333070685488,9.582166969589036,0.35,0.2,5,0.2,0.012583621975211455,0.17041115373123467,8.382251955075561e-14,0.08356666141370978
16.18090452261307,0.03471051027692366,0.8363302139707961,9.128959275753026,1.4429701835426934e-14,0.4095184955842299,9.590481781073358,0.35,0.2,5,0.2,0.01214867859692328,0.16726604279415924,7.214850917713467e-14,0.08190369911684599
16.281407035175885,0.033510772799492244,0.8208750663654542,9.1456141608358,1.2755215170508373e-14,0.4013691493521052,9.598631127305485,0.35,0.2,5,0.2,0.011728770479822286,0.16417501327309084,6.377607585254186e-14,0.08027382987042105
16.3819095477387,0.03235250260749429,0.8056864232954958,9.161961074097755,9.062822740053377e-15,0.39338197345249276,9.606618303205101,0.35,0.2,5,0.2,0.011323375912623,0.16113728465909916,4.5314113700266887e-14,0.07867639469049856
16.482412060301517,0.031234263671448693,0.7907604042647457,9.178005332064552,5.161511772090469e-15,0.38555373965689427,9.614446537000703,0.35,0.2,5,0.2,0.010931992285007042,0.15815208085294916,2.5807558860452346e-14,0.07711074793137886
16.582914572864333,0.030154676984377064,0.7760931461064247,9.193752176909944,-3.81545099481829e-17,0.377881286871594,9.622118989786008,0.35,0.2,5,0.2,0.010554136944531972,0.15521862922128493,-1.907725497409145e-16,0.0755762573743188
16.68341708542715,0.029112407785904282,0.7616808202548114,9.20920677196003,-5.8619759382851385e-15,0.370361515539989,9.629638761117619,0.35,0.2,5,0.2,0.010189342725066499,0.15233616405096229,-2.930987969142569e-14,0.0740723031079978
16.783919597989964,0.02810616244560347,0.7475196359166374,9.224374201638506,-9.346769690643043e-15,0.3629913858118735,9.637008890845737,0.35,0.2,5,0.2,0.009837156855961215,0.14950392718332747,-4.6733848453215214e-14,0.0725982771623747
16.88442211055278,0.02713469358242108,0.7336058312548739,9.23925947516345,-8.43176151594007e-15,0.3557679189403685,9.644232357717243,0.35,0.2,5,0.2,0.009497142753847379,0.14672116625097478,-4.2158807579700356e-14,0.07115358378807371
16.984924623115596,0.026196807397269234,0.7199356617778688,9.253867530825607,-8.447386867451138e-15,0.3486881997366294,9.65131207692099,0.35,0.2,5,0.2,0.009168882589044232,0.14398713235557378,-4.223693433725569e-14,0.06973763994732589
17.08542713567841,0.025291338306689365,0.7065054350419084,9.268203226652147,-6.951913823696507e-15,0.3417493656387673,9.658250911018866,0.35,0.2,5,0.2,0.008851968407341277,0.1413010870083817,-3.475956911848253e-14,0.06834987312775347
17.185929648241228,0.02441716391329083,0.6933114881098239,9.28227134797763,-4.671087286516249e-15,0.33494861224295314,9.665051664414706,0.35,0.2,5,0.2,0.00854600736965179,0.13866229762196478,-2.3355436432581245e-14,0.06698972244859062
17.286432160804043,0.02357320381428066,0.6803501881532348,9.29607660803323,-1.7576173745252233e-15,0.3282831923311449,9.671717084326549,0.35,0.2,5,0.2,0.00825062133499823,0.13607003763064696,-8.788086872626117e-15,0.06565663846622898
17.38693467336686,0.022758417458199204,0.6676179341821371,9.30962364836041,2.0196063237122796e-15,0.32175041441065905,9.678249862247059,0.35,0.2,5,0.2,0.007965446110369721,0.13352358683642743,1.0098031618561399e-14,0.06435008288213181
17.487437185929675,0.02197179280995434,0.6551111714139572,9.322917035776833,4.794596342442526e-15,0.31534763732169596,9.68465263933604,0.35,0.2,5,0.2,0.007690127483484018,0.13102223428279144,2.3972981712212628e-14,0.06306952746433919
17.58793969849249,0.021212354315271856,0.6428263791040714,9.335961266581402,4.9351405622639455e-15,0.30907227310081326,9.690928003556923,0.35,0.2,5,0.2,0.00742432401034515,0.12856527582081428,2.4675702811319727e-14,0.061814454620162655
17.688442211055307,0.02047916775056474,0.630760063170624,9.348760769079556,5.240078778793588e-15,0.30292178874041387,9.697078487917322,0.35,0.2,5,0.2,0.007167708712697658,0.12615201263412482,2.620039389396794e-14,0.060584357748082775
17.788944723618123,0.019771323830150945,0.6189087766850058,9.361319899485588,4.889957280874382e-15,0.29689369826042317,9.703106578397303,0.35,0.2,5,0.2,0.00691996334055283,0.12378175533700116,2.444978640437191e-14,0.059378739652084636
17.88944723618094,0.019087944706840797,0.6072691101689743,9.373642945124928,3.757167160018422e-15,0.2909855651481146,9.709014711509594,0.35,0.2,5,0.2,0.006680780647394279,0.12145382203379487,1.878583580009211e-14,0.05819711302962292
17.989949748743754,0.01842818428203123,0.5958376901744957,9.385734125544216,2.1272377997529247e-15,0.2851950020471254,9.714805274610557,0.35,0.2,5,0.2,0.00644986449871093,0.11916753803489916,1.0636188998764622e-14,0.057039000409425084
18.09045226130657,0.017791230746648328,0.5846111750934568,9.397597594160638,-1.89404378729935e-16,0.27951967153360946,9.720480605124045,0.35,0.2,5,0.2,0.006226930761326914,0.11692223501869137,-9.47021893649675e-16,0.05590393430672189
18.190954773869386,0.0171762926720295,0.5735862715763766,9.409237435752337,-2.1732456155809467e-15,0.27395727895734673,9.726042997700283,0.35,0.2,5,0.2,0.006011702435210325,0.11471725431527534,-1.0866228077904734e-14,0.05479145579146935
18.291457286432202,0.016582607656498254,0.5627597226363759,9.420657669707868,-2.8433889405973267e-15,0.26850557613787057,9.731494700519747,0.35,0.2,5,0.2,0.005803912679774388,0.11255194452727518,-1.4216944702986633e-14,0.05370111522757412
18.391959798995018,0.016009443379084085,0.5521283055804335,9.431862251041226,-3.0455553710359635e-15,0.2631623615385279,9.736837915119086,0.35,0.2,5,0.2,0.005603305182679429,0.1104256611160867,-1.5227776855179818e-14,0.05263247230770558
18.492462311557833,0.015456091455423813,0.541688838377124,9.442855070168196,-3.2109191757713986e-15,0.25792547670913424,9.742074799948476,0.35,0.2,5,0.2,0.005409632009398335,0.1083377676754248,-1.6054595878856992e-14,0.05158509534182685
18.59296482412065,0.014921865003598931,0.531438181595546,9.453639953401598,-2.776344288434659e-15,0.2527928046159853,9.747207472041632,0.35,0.2,5,0.2,0.005222652751259626,0.1062876363191092,-1.3881721442173295e-14,0.05055856092319706
18.693467336683465,0.01440610167776171,0.5213732338372452,9.464220664485735,-1.8834476591034453e-15,0.24776227076255,9.752238005895082,0.35,0.2,5,0.2,0.005042135587216599,0.10427464676744905,-9.417238295517226e-15,0.04955245415251
18.79396984924628,0.013908167773937434,0.5114909262486953,9.474600905978109,-5.396122940127734e-16,0.242831845016565,9.757168431641086,0.35,0.2,5,0.2,0.004867858720878101,0.10229818524973906,-2.698061470063867e-15,0.048566369003313
18.894472361809097,0.013427444463663295,0.5017882372401293,9.48478431829695,7.728551331115463e-16,0.237999533840986,9.762000742816685,0.35,0.2,5,0.2,0.004699605562282153,0.10035764744802587,3.8642756655577315e-15,0.0475999067681972
18.994974874371913,0.012963335878518936,0.492262182407199,9.494774481715025,1.4840292943067073e-15,0.23326338421611087,9.766736892441573,0.35,0.2,5,0.2,0.004537167557481628,0.09845243648143981,7.420146471533536e-15,0.04665267684322218
19.09547738693473,0.012515268288567593,0.48290981470782357,9.504574917004351,1.6435718707030747e-15,0.22862148286274953,9.771378793794943,0.35,0.2,5,0.2,0.004380343900998657,0.09658196294156472,8.217859353515373e-15,0.04572429657254991
19.195979899497544,0.012082689396962188,0.47372822437415696,9.514189086229623,1.9815760574125166e-15,0.22407195546813852,9.775928321189564,0.35,0.2,5,0.2,0.004228941288936765,0.09474564487483139,9.907880287062582e-15,0.044814391093627705
19.29648241206036,0.01166506188375019,0.46471454498528425,9.523620393131708,1.9171261845069994e-15,0.21961296267174124,9.780387313985962,0.35,0.2,5,0.2,0.004082771659312566,0.09294290899705686,9.585630922534996e-15,0.04392259253434825
19.396984924623176,0.011261867839976786,0.455865947873338,9.532872184287427,1.453271357656558e-15,0.2152427021868567,9.784757574470841,0.35,0.2,5,0.2,0.003941653743991875,0.0911731895746676,7.26635678828279e-15,0.043048540437371344
19.497487437185992,0.010872611097325896,0.44717963911853065,9.541947749784885,7.1656979239513915e-16,0.21095940988582434,9.789040866771863,0.35,0.2,5,0.2,0.0038054138840640634,0.08943592782370613,3.5828489619756955e-15,0.04219188197716487
19.597989949748808,0.010496809123296756,0.43865286686149746,9.550850324015949,-9.694666554108792e-17,0.20676135462193157,9.793238922035743,0.35,0.2,5,0.2,0.003673883193153864,0.0877305733722995,-4.847333277054396e-16,0.041352270924386314
19.698492462311624,0.010133995801059776,0.43028291774300403,9.559583086456678,-6.712722016590537e-16,0.2026468395356842,9.79735343712198,0.35,0.2,5,0.2,0.0035468985303709214,0.08605658354860081,-3.3563610082952686e-15,0.04052936790713684
19.79899497487444,0.009783721846038092,0.4220671157740434,9.56814916238066,-8.03206903799988e-16,0.19861420198432203,9.801386074673337,0.35,0.2,5,0.2,0.0034243026461133323,0.08441342315480868,-4.01603451899994e-15,0.03972284039686441
19.899497487437255,0.009445556347855863,0.414002820221967,9.57655162343092,-1.148085522256241e-15,0.19466181420431342,9.805338462453335,0.35,0.2,5,0.2,0.003305944721749552,0.0828005640443934,-5.740427611281205e-15,0.03893236284086268
20.00000000000007,0.00911907910952833,0.4060874319382137,9.584793488953,-1.2474993318332837e-15,0.19078807815624943,9.809212198501394,0.35,0.2,5,0.2,0.003191677688334915,0.08121748638764276,-6.2374966591664185e-15,0.03815761563124989