Time,S1,S4,S2,S3,X0,VM1,Keq1,h,X1,V4,KS4,OR,AND,XOR,OR1,AND1,XOR1,OR0,AND0,XOR0,J0,J1,J2,J3,J4
0,0,0,0,0,10,10,10,10,0,2.5,0.5,0,0,0,0,0,0,0,1,0,9.090909090909092,0,0,0,0
0.10033444816053512,0.6539987245510365,0.012072708792228172,0.16722778284759246,0.04577267308282929,10,10,10,10,0,2.5,0.5,0,0,0,0,0,0,0,1,0,8.52462778000486,3.4073365693973594,1.3031590174447034,0.4098721048205578,0.05894040331060991
0.20066889632107024,1.104677916207505,0.07210129982054114,0.37052157853727546,0.15074115178486353,10,10,10,10,0,2.5,0.5,0,0,1,0,1,1,0,1,0,8.170008551102878,4.163598136991028,2.2374396045857647,1.1147870409780662,0.31507226011878553
0.3010033444816054,1.4737786784175881,0.1641006871942293,0.5542468419605782,0.2645361903985144,10,10,10,10,0,2.5,0.5,0,0,1,0,1,1,0,1,0,7.898666775305152,4.5010496141897045,2.756456349994654,1.621938062736492,0.6177552980992279
0.4013377926421405,1.7929316496897971,0.2696845348705114,0.7221913727751448,0.377492727586702,10,10,10,10,0,2.5,0.5,0,0,1,0,1,1,0,1,0,7.676665163048957,4.689717442602564,3.0799529660026344,1.9643048018397733,0.8759580147855057
0.5016722408026756,2.0766487084743765,0.38091670562269303,0.8783696972192706,0.4883310495964789,10,10,10,10,0,2.5,0.5,1,0,1,1,1,1,0,1,0,7.48837656138311,4.80648779356849,3.2986996279540763,2.2048854001358174,1.0810236177591692
0.6020066889632107,2.3332658201059537,0.4945273976128939,1.0254800004472149,0.5970364700266441,10,10,10,10,0,2.5,0.5,1,0,0,1,1,1,0,1,0,7.324561592621839,4.882527928059877,3.454974321965532,2.3816197927832707,1.2431216042913427
0.7023411371237459,2.5680904869145427,0.6090574341061438,1.1653248046539582,0.7037833913670685,10,10,10,10,0,2.5,0.5,1,0,0,1,1,1,0,1,0,7.177244055010326,4.933067103034602,3.5710334235615413,2.5162644058168895,1.3729168016375541
0.8026755852842811,2.78429106404001,0.7237987160789842,1.2991284036388075,0.80875109476827,10,10,10,10,0,2.5,0.5,1,0,0,1,1,1,0,1,0,7.032512019703644,4.9660772622900735,3.6596598589749347,2.6218293859749897,1.4785902014957462
0.9030100334448162,2.9821784982411117,0.8383813874496093,1.4276628322718896,0.9120839094728477,10,10,10,10,0,2.5,0.5,1,0,0,1,1,1,0,1,0,6.854572087301568,4.984704295441911,3.7285643094206105,2.7064789103714793,1.5660360255143917
1.0033444816053514,3.156135058773147,0.95259719933622,1.5511475273962463,1.01386557397706,10,10,10,10,0,2.5,0.5,1,0,1,1,1,1,0,1,0,6.556154361679497,4.986445844105311,3.782242517093182,2.775514803410832,1.6394723874098058
1.1036789297658864,3.288661137811239,1.0663098046859767,1.668823862176376,1.1140627615814331,10,10,10,10,0,2.5,0.5,1,1,0,1,1,1,0,1,0,5.973887273957333,4.9599728163513745,3.822507660627861,2.8323750814560924,1.7019458754198327
1.2040133779264215,3.3460197287877955,1.1793929569780286,1.7781960277217004,1.2124119149662922,10,10,10,10,0,2.5,0.5,1,1,0,1,1,1,0,1,0,4.943180983110934,4.882879118138428,3.8483200223723717,2.879096411613142,1.7556834332273827
1.3043478260869565,3.290841286116286,1.2916706031637104,1.8744717904416643,1.308258179588998,10,10,10,10,0,2.5,0.5,1,1,0,1,1,1,0,1,0,3.553075411806891,4.72960073854985,3.8559031208797867,2.916513415449916,1.8023271142626525
1.4046822742474916,3.1148404692501206,1.4028572319745327,1.951414179688727,1.400461265205324,10,10,10,10,0,2.5,0.5,1,1,0,1,1,1,0,1,0,2.2202987670705148,4.491334094899847,3.8404636065781323,2.944507065713299,1.843093123858317
1.5050167224080266,2.8506026378773943,1.512521179043931,2.003655494556973,1.48750668314823,10,10,10,10,0,2.5,0.5,1,1,0,1,1,1,0,1,0,1.2696927035544021,4.184768562549314,3.798914602543035,2.9624854830136584,1.8788885239986266
1.6053511705685617,2.5442994812604014,1.6200909739296028,2.0283789881382632,1.5677749348134227,10,10,10,10,0,2.5,0.5,1,1,0,1,1,1,0,1,0,0.70564478508107,3.8376943787024604,3.7309977644837122,2.969905835406301,1.9104026594278087
1.7056856187290967,2.2311554404188447,1.7248940533251442,2.025344542439164,1.6397714912110284,10,10,10,10,0,2.5,0.5,1,1,0,1,1,1,0,1,0,0.3968291490101303,3.4739589800933506,3.638473795621425,2.966533557575476,1.9381754950839782
1.8060200668896318,1.9315379444680962,1.8262022095936026,1.9960922754196477,1.7022336263264797,10,10,10,10,0,2.5,0.5,0,1,0,0,1,1,0,1,0,0.23048197283631275,3.1096478855084917,3.5239052904759824,2.9524392811367073,1.9626434473990204
1.9063545150501668,1.6555437123929377,1.9232639646237275,1.943190988269993,1.7541475381949927,10,10,10,10,0,2.5,0.5,0,1,0,0,1,1,0,1,0,0.13947463659802567,2.7549002001709475,3.389922765113838,2.9278902325462637,1.9841668021939598
2.006688963210702,1.4074554060474713,2.0153271090358666,1.8697710173983781,1.7947237823754674,10,10,10,10,0,2.5,0.5,1,1,0,0,1,1,0,1,0,0.08821457688666551,2.4162882677956974,3.238992271995965,2.893230013539342,2.003046742704121
2.107023411371237,1.1883791046358156,2.1016494343605725,1.779277584858712,1.8233709199924517,10,10,10,10,0,2.5,0.5,1,1,0,0,1,1,0,1,0,0.05835364078425419,2.0982752612352034,3.0734552059955003,2.848802506735321,2.019535574819971
2.207357859531772,0.9976956986421375,2.181493293877561,1.675293908920475,1.8397069097507885,10,10,10,10,0,2.5,0.5,1,0,1,0,0,0,0,1,0,0.04036239962000464,1.8040805655798378,2.895575392952118,2.794965733414025,2.033841832513986
2.307692307692307,0.8338035614769448,2.2541464212219213,1.561456651134011,1.8435311539808326,10,10,10,10,0,2.5,0.5,1,0,1,0,0,0,0,1,0,0.02917613208402466,1.5360007734108234,2.7077269520539526,2.7320320855739,2.0461388725130245
2.408026755852842,0.6945306660735336,2.318901545226899,1.4413397633536589,1.8348715194224143,10,10,10,10,0,2.5,0.5,1,0,1,0,0,0,0,1,0,0.022030374757258296,1.2955341189814753,2.512423705060029,2.660363957003858,2.0565648604802957
2.508361204013377,0.5773856131629206,2.3750885060119646,1.3183686266906232,1.813967718509708,10,10,10,10,0,2.5,0.5,1,0,1,0,0,0,0,1,0,0.01737032159546257,1.0833512164370078,2.312432975352001,2.5803343794578746,2.065230775544411
2.608695652173912,0.479732981607597,2.422060334755696,1.1957004248427292,1.7813166630134267,10,10,10,10,0,2.5,0.5,1,0,1,0,0,0,0,1,0,0.01430029434312922,0.8992669974853218,2.1107203557240672,2.49242866049936,2.0722196475096024
2.7090301003344472,0.39893005638674844,2.459220314569505,1.0761255884394136,1.7376629212687476,10,10,10,10,0,2.5,0.5,1,0,1,0,0,0,0,1,0,0.012293574192318205,0.7422254892849829,1.9104179540396629,2.397242350498755,2.0775914372290174
2.8093645484949823,0.332439722174374,2.486040836255704,0.9619715396423809,1.6839957742952272,10,10,10,10,0,2.5,0.5,1,0,0,0,0,0,0,1,0,0.011038899992875792,0.6103762502238043,1.714695527832792,2.2955110310478433,2.081385497203241
2.9096989966555173,0.2779200231479562,2.502056991844235,0.8550307426338873,1.6215492460113552,10,10,10,10,0,2.5,0.5,1,0,0,0,0,0,0,1,0,0.010358819583941073,0.5012486754798062,1.5265602838565155,2.1881811278919514,2.083618830889651
3.0100334448160524,0.23328504445741774,2.5069230834575964,0.7565424972043484,1.5517265069073025,10,10,10,10,0,2.5,0.5,1,0,0,0,0,0,0,1,0,0.010164318460235898,0.41197814031705954,1.3487331147144805,2.076328615874772,2.084292658872188
3.1103678929765874,0.1967388558160131,2.5004026186749964,0.6671990569901978,1.4760717644238215,10,10,10,10,0,2.5,0.5,1,0,0,0,0,0,0,1,0,0.01043605864978845,0.33959845970767916,1.1834319256591892,1.9612102174252104,2.0833892450900438
3.2107023411371225,0.16677900737308118,2.482395981257227,0.5872079284539304,1.3961879366352474,10,10,10,10,0,2.5,0.5,1,0,0,0,0,0,0,1,0,0.011220677261952304,0.28128728141884535,1.032281182429256,1.8442006031382812,2.0808738987526856
3.3110367892976575,0.14217896726859425,2.4529504522152332,0.5163785055500231,1.3136662193715516,10,10,10,10,0,2.5,0.5,1,0,0,0,0,0,0,1,0,0.012643903888658692,0.23456085662485912,0.8962588451062083,1.726751248605243,2.076694556773792
3.4113712374581926,0.12195729013741823,2.4122659140766003,0.4542263037714988,1.2300177888287915,10,10,10,10,0,2.5,0.5,1,0,0,0,0,0,0,1,0,0.014944963724659482,0.19738835947379071,0.7757220983730663,1.6103380444965163,2.07078095308603
3.5117056856187276,0.10534360854202061,2.3606976931741106,0.40007986236626036,1.1466148288640614,10,10,10,10,0,2.5,0.5,1,0,0,0,0,0,0,1,0,0.018545655082122896,0.16824260122294613,0.6705039955572945,1.4964023171933212,2.063043657852203
3.6120401337792627,0.09175085176397342,2.2987517745720627,0.35317823299327067,1.0646516430997008,10,10,10,10,0,2.5,0.5,1,0,0,0,0,0,0,1,0,0.02418315790925325,0.14613315897691098,0.5800569583496106,1.386306124561944,2.0533723242779796
3.7123745819397977,0.08076153280645,2.2270776718478777,0.3127568197736585,0.9851250399957175,10,10,10,10,0,2.5,0.5,1,0,1,0,0,0,0,1,0,0.03316615934217203,0.1306776392144535,0.5036456129477878,1.2812999339006697,2.041633884174265
3.812709030100333,0.07213811986593294,2.1464590859609003,0.2781238616062991,0.9088389827595447,10,10,10,10,0,2.5,0.5,1,0,1,0,0,0,0,1,0,0.047879579786075155,0.1222973598550713,0.4405930594688756,1.182520143873603,2.0276707633112196
3.913043478260868,0.06587563929433607,2.057806651401855,0.2487390032828844,0.836436329496849,10,10,10,10,0,2.5,0.5,1,0,1,0,0,0,0,1,0,0.07280359401320433,0.12268111213291795,0.39062296634274796,1.091033613722856,2.0113000432167483
4.013377926421403,0.06233278203383021,1.962158854271902,0.2243187928711138,0.7684653374629933,10,10,10,10,0,2.5,0.5,0,0,1,0,0,0,0,1,0,0.11661251090005487,0.1357712048881457,0.35440730535461534,1.007964209961716,1.9923154540450465
4.113712374581938,0.06252895824644816,1.8607023965440843,0.20501512833043334,0.7055011552847634,10,10,10,10,0,2.5,0.5,0,0,1,0,0,0,0,1,0,0.196520288085761,0.16982393597444206,0.3345425413100219,0.9347774773119444,1.970496576853601
4.214046822742474,0.06877809799616488,1.7548325391172586,0.19175176652806414,0.6483600178334528,10,10,10,10,0,2.5,0.5,0,0,1,0,0,0,0,1,0,0.34699503665335524,0.24138852673702113,0.3373695200963786,0.8738662448076935,1.9456351066809772
4.314381270903009,0.0859845333072167,1.646293738467553,0.18684717388329616,0.5984768047925573,10,10,10,10,0,2.5,0.5,0,0,1,0,0,0,0,1,0,0.6350667408449188,0.3819444334700324,0.37613236435994185,0.8296982899399595,1.9176006864314403
4.414715719063545,0.12394028128701226,1.5374643714537295,0.19497266129393348,0.5585003235278382,10,10,10,10,0,2.5,0.5,0,0,1,0,0,0,0,1,0,1.1760783835019926,0.6440588024103963,0.4749009383616477,0.8107568204636348,1.8864923394424191
4.51505016722408,0.19969941745991707,1.4318325614916585,0.2238031910894747,0.5328981901844415,10,10,10,10,0,2.5,0.5,0,0,1,0,0,0,0,1,0,2.104713508588026,1.0884334058222147,0.6672935668074605,0.8315482872997286,1.8529459928790017
4.615384615384616,0.3344262083147725,1.3344860077291254,0.2819800005629812,0.5275101869599405,10,10,10,10,0,2.5,0.5,0,0,1,0,0,0,0,1,0,3.4078048428904406,1.7200515976439388,0.9752910758393245,0.9105986440433719,1.8186102293866222
4.715719063545151,0.537012894744205,1.2518794160353577,0.37263340088890007,0.5465780509866219,10,10,10,10,0,2.5,0.5,0,0,1,0,0,0,0,1,0,4.738314402630772,2.4218422836942004,1.3720103141019302,1.0584479888299263,1.7864805713461436
4.816053511705687,0.788703640271084,1.190113338349998,0.488946271525473,0.5890676890704064,10,10,10,10,0,2.5,0.5,0,0,1,0,0,0,0,1,0,5.672843176988968,3.0334529568726047,1.785997306798496,1.2631239848605391,1.7604046298928486
4.916387959866222,1.0552575021366302,1.1526536634817874,0.6189437654646941,0.6491249792948585,10,10,10,10,0,2.5,0.5,0,0,0,0,1,1,0,1,0,6.109531810870931,3.4831662086496205,2.1565429651806074,1.494030399859361,1.7436406806695859
5.016722408026758,1.3081644947988007,1.1395085986588032,0.7523568699461147,0.7199238909714729,10,10,10,10,0,2.5,0.5,0,0,0,0,1,1,0,1,0,6.168456905826012,3.78266635922036,2.4607726653425184,1.7206986806788738,1.737576429289508
5.117056856187293,1.5292005902942392,1.1481460333610836,0.8824797128070796,0.7962331990398086,10,10,10,10,0,2.5,0.5,0,0,0,0,1,1,0,1,0,5.964309180360031,3.964922054693034,2.699927527883051,1.9243580654709833,1.741572060546807
5.217391304347829,1.705408841198353,1.1748941108655373,1.0050103767582412,0.8746869212335432,10,10,10,10,0,2.5,0.5,0,0,1,0,1,1,0,1,0,5.547996064360547,4.054546609089668,2.882500855525339,2.097691756103668,1.7536841631414921
5.317725752508364,1.825009123021457,1.2159519186749845,1.1166086165423175,0.953131774451457,10,10,10,10,0,2.5,0.5,0,0,1,0,1,1,0,1,0,4.935685361702349,4.06352798658313,3.016483948834043,2.240210292509099,1.7715413605730754
5.4180602006689,1.8773443817876225,1.2678708435530825,1.2139780697079738,1.0299719476507647,10,10,10,10,0,2.5,0.5,0,1,0,0,1,1,0,1,0,4.155791784636998,3.9951599689936756,3.107272537443511,2.3542595208328025,1.792934772606047
5.518394648829435,1.8567066916566421,1.3276801229453083,1.2935634478198357,1.1037489335251986,10,10,10,10,0,2.5,0.5,0,1,0,0,1,1,0,1,0,3.2850513144581472,3.8503373235705785,3.1578304868451834,2.442751679087035,1.8160728815140672
5.618729096989971,1.7672000559367274,1.392842840877925,1.3518346320759103,1.1729422901776427,10,10,10,10,0,2.5,0.5,0,1,0,0,1,1,0,1,0,2.4407192290825623,3.6339415491636498,3.169693284663458,2.508209802695821,1.8396176518171823
5.719063545150506,1.6236775588169043,1.4611590567692114,1.385978444514848,1.2359419578546695,10,10,10,10,0,2.5,0.5,0,1,0,0,1,1,0,1,0,1.7264461141022753,3.358098222877722,3.1441609048031522,2.5525679248902917,1.862621815050925
5.819397993311042,1.4470684941630019,1.5306770071938538,1.3945644045186256,1.2911240078577013,10,10,10,10,0,2.5,0.5,0,1,0,0,1,1,0,1,0,1.1866400023385495,3.040778866872378,3.0831135891230614,2.5772890910324997,1.8844417425460749
5.919732441471577,1.2578119303997877,1.599628652007149,1.3778550810744665,1.3369646720322097,10,10,10,10,0,2.5,0.5,0,1,0,0,1,1,0,1,0,0.8096671320799623,2.7016800798448206,2.9892759823389907,2.5835509485322987,1.9046566287781141
6.020066889632113,1.0717298909054107,1.6663896166476149,1.3377098756721175,1.3721415854796324,10,10,10,10,0,2.5,0.5,0,1,0,0,1,1,0,1,0,0.558352943874011,2.358709849208596,2.8661027798835046,2.572379932592573,1.9230031429275793
6.120401337792648,0.8990883794178689,1.7294550709079044,1.2772455036643955,1.3956081594979601,10,10,10,10,0,2.5,0.5,0,0,1,0,0,0,0,1,0,0.39438152267318327,2.026359011290124,2.717570486882429,2.544729830027594,1.939324875252606
6.220735785953184,0.7454368851792532,1.7874261163409997,1.2004290329772755,1.4066431499471237,10,10,10,10,0,2.5,0.5,0,0,1,0,0,0,0,1,0,0.2880113710777163,1.7154585192391847,2.548051040782607,2.5015274189962526,1.953534262343949
6.321070234113719,0.6129086374226299,1.8390039219168706,1.1116861879190234,1.404888338542584,10,10,10,10,0,2.5,0.5,0,0,1,0,0,0,0,1,0,0.21890245706527622,1.4335026852656856,2.3622662166252146,2.443717913910784,1.9655844788085712
6.421404682274255,0.5013812260769008,1.882991137605306,1.01555383697192,1.3903781541214102,10,10,10,10,0,2.5,0.5,0,0,1,0,0,0,0,1,0,0.1739846621614828,1.1850542473718613,2.1652757837683714,2.3723199597166493,1.975449161235178
6.52173913043479,0.4093596665892716,1.9183013574794228,0.9163726348366795,1.3635607959948288,10,10,10,10,0,2.5,0.5,0,0,0,0,0,0,0,1,0,0.14513378050848394,0.9721030209853408,1.9624193271341392,2.2884915239596513,1.9831082585576245
6.622073578595326,0.3346202090776189,1.9439761732418468,0.8180243209627645,1.3253029730575991,10,10,10,10,0,2.5,0.5,0,0,0,0,0,0,0,1,0,0.12743674720839676,0.7944430327373083,1.759166878368544,2.1935968727202626,1.9885383852405076
6.722408026755861,0.2746705717385317,1.9592095603572421,0.7237335276161841,1.2768673613185537,10,10,10,10,0,2.5,0.5,0,0,0,0,0,0,0,1,0,0.11807555511465,0.650138108990305,1.5608875444902932,2.0892572670682017,1.9917065954239312
6.822742474916397,0.2270687832456034,1.963376305103254,0.6359463662496464,1.2198613794966633,10,10,10,10,0,2.5,0.5,0,0,0,0,0,0,0,1,0,0.11568753379290883,0.5361175405510507,1.372550694051987,1.9773825463496801,1.992566362106172
6.923076923076932,0.189632255753473,1.9560628278128585,0.5563065097743689,1.1561528662044906,10,10,10,10,0,2.5,0.5,0,0,0,0,0,0,0,1,0,0.12007748441681083,0.4488757300426036,1.1984545811535292,1.8601658024767311,1.9910553647712936
7.023411371237468,0.16055945666057503,1.9370955959294558,0.48572446818127524,1.0877665324657315,10,10,10,10,0,2.5,0.5,0,0,0,0,0,0,0,1,0,0.1322282697564918,0.38519821561406475,1.0420520670976021,1.7400531768254293,1.987094391337047
7.123745819398003,0.13849752023854014,1.9065660282785486,0.4245290178089409,1.0167746357087015,10,10,10,10,0,2.5,0.5,0,0,0,0,0,0,0,1,0,0.15464051919778382,0.34287144442024803,0.9059671473006389,1.6196947562722708,1.9805876982755621
7.224080267558539,0.1225938340158549,1.8648503378431422,0.37267566849592487,0.9452062975177843,10,10,10,10,0,2.5,0.5,0,0,1,0,0,0,0,1,0,0.1921469682635829,0.3214049389487319,0.792250907013105,1.5019100362925386,1.9714253244710356
7.324414715719074,0.1125863360546495,1.8126280846040626,0.32999525413682407,0.8749974679154909,10,10,10,10,0,2.5,0.5,0,0,1,0,0,0,0,1,0,0.25351230313642403,0.3229438497208408,0.7029309394248807,1.389706855254147,1.9594893972266152
7.42474916387961,0.10900115591899642,1.7509066964783575,0.29648205604944977,0.8080058194422877,10,10,10,10,0,2.5,0.5,0,0,1,0,0,0,0,1,0,0.35435233751906925,0.35364879698201873,0.6409202625103068,1.2864167863035625,1.9446682299378826
7.525083612040145,0.11356377687237534,1.6810671270926474,0.2726461076562439,0.7461176302070119,10,10,10,10,0,2.5,0.5,0,0,1,0,0,0,0,1,0,0.5220000554710805,0.4258702524055459,0.6113770487351688,1.1960376630276954,1.9268860483600778
7.625418060200681,0.12993703770588735,1.6049532699360733,0.2599562661476592,0.6914623923519466,10,10,10,10,0,2.5,0.5,0,0,1,0,0,0,0,1,0,0.8019580688016755,0.5608040866176349,0.6234632796368462,1.1238623290231244,1.9061625890450467
7.725752508361216,0.16479815073082277,1.5250306584044835,0.2613183734769213,0.6467197236432439,10,10,10,10,0,2.5,0.5,0,0,1,0,0,0,0,1,0,1.2604156590232698,0.7890973432059151,0.6916760674090511,1.0773659676892102,1.8827253948911216
7.826086956521752,0.22858892748773563,1.444611723247407,0.281207063507948,0.6153466397907932,10,10,10,10,0,2.5,0.5,0,0,1,0,0,0,0,1,0,1.9635469039097002,1.141528496657922,0.8338162809454589,1.0667605778047535,1.8571981568060483
7.926421404682287,0.33364578262547356,1.3680290443998122,0.3245163537220635,0.6012504666950375,10,10,10,10,0,2.5,0.5,0,0,1,0,0,0,0,1,0,2.906346813017141,1.6207251751208405,1.0607009021934133,1.103448350318034,1.8308455220504247
8.026755852842822,0.48699254859004726,1.3004331382107828,0.39356926163022765,0.6073899200858076,10,10,10,10,0,2.5,0.5,0,0,1,0,0,0,0,1,0,3.9303931950824746,2.171046407755026,1.3598042383839082,1.194375604983001,1.805722621145369
8.127090301003356,0.6816503647348288,1.2468913152174512,0.48536914971138795,0.6338927012966804,10,10,10,10,0,2.5,0.5,0,0,1,0,0,0,0,1,0,4.782776366722354,2.697606232410602,1.692054284285263,1.3347562193102858,1.7844431767958036
8.227424749163891,0.8974223486173788,1.2110628317919203,0.5924853084260673,0.6776094542374796,10,10,10,10,0,2.5,0.5,0,0,1,0,0,0,0,1,0,5.304070702073615,3.128330019503908,2.0129706701865047,1.5072560843430485,1.769459907155525
8.327759197324426,1.1108953328263873,1.1943487736271348,0.706565675171643,0.7336876439472266,10,10,10,10,0,2.5,0.5,0,0,0,0,1,1,0,1,0,5.488611750821177,3.4413331543530505,2.2941394731279017,1.689930788605819,1.7622534277142399
8.42809364548496,1.302642352645596,1.1960162249875737,0.8207085852253841,0.7974457542437628,10,10,10,10,0,2.5,0.5,0,0,0,0,1,1,0,1,0,5.395695775424192,3.645125566250245,2.5255174013564816,1.8648725559881474,1.762978748915472
8.528428093645495,1.4578208834762953,1.2139394408344264,0.9297444850704136,0.8652197568759304,10,10,10,10,0,2.5,0.5,0,0,0,0,1,1,0,1,0,5.0775079221083494,3.7545311989296173,2.707371072369355,2.021434517487376,1.7706860171258787
8.62876254180603,1.5645835819158238,1.2453802151430597,1.0295855877719435,0.9343254913949316,10,10,10,10,0,2.5,0.5,0,0,1,0,1,1,0,1,0,4.570042745600062,3.78019620172599,2.8432718357051296,2.155071920515586,1.783823668244375
8.729096989966564,1.6139549649054927,1.2875130924067313,1.116571909300433,1.0026993907495698,10,10,10,10,0,2.5,0.5,0,1,0,0,1,1,0,1,0,3.914861468246586,3.727732381880819,2.936685985396123,2.2648895051098834,1.8007044226361535
8.829431438127099,1.6019057767490863,1.3376819354005092,1.187183121593003,1.0685666958308226,10,10,10,10,0,2.5,0.5,0,1,0,0,1,1,0,1,0,3.179530456312021,3.6010481385842055,2.990001803016655,2.351649557833818,1.8197952399050101
8.929765886287633,1.5319533444046567,1.3934786818180573,1.2381970294718714,1.1302390635568633,10,10,10,10,0,2.5,0.5,0,1,0,0,1,1,0,1,0,2.453241099766191,3.4065323956554296,3.00480457045104,2.416604815499059,1.8398394119759562
9.030100334448168,1.4155330360135687,1.4527337059609413,1.267133879966864,1.186047791953088,10,10,10,10,0,2.5,0.5,0,1,0,0,1,1,0,1,0,1.8161738593817005,3.1556105576026807,2.9825373218884645,2.4609915469622328,1.8598717550763666
9.130434782608702,1.26897971843638,1.5134776144749797,1.272740850143045,1.2343715138654543,10,10,10,10,0,2.5,0.5,0,1,0,0,1,1,0,1,0,1.3106492217453871,2.8642337213369067,2.9251031643520733,2.48589513362564,1.8791835623035018
9.230769230769237,1.1090251230628319,1.573903610706811,1.255250835120152,1.2737133531245872,10,10,10,10,0,2.5,0.5,0,1,0,0,1,1,0,1,0,0.9383560574453282,2.5502514261707185,2.835132665352646,2.492276752071325,1.8972718917375406
9.331103678929772,0.9494404212800432,1.632339833789468,1.2163623550882177,1.3027858443339748,10,10,10,10,0,2.5,0.5,0,0,1,0,0,0,0,1,0,0.6772287362091362,2.230612581218657,2.7160128873752916,2.4810335359902953,1.9137895000636116
9.431438127090306,0.7997884341204725,1.6872325105352903,1.1589816149783934,1.3205853453942897,10,10,10,10,0,2.5,0.5,0,0,1,0,0,0,0,1,0,0.499095277131947,1.9196899444679172,2.5717698670287694,2.4530527050591244,1.928501545227086
9.53177257525084,0.6656492945925878,1.737137642300718,1.0868651286339481,1.3264496846811158,10,10,10,10,0,2.5,0.5,0,0,1,0,0,0,0,1,0,0.3792873587839873,1.62860643011753,2.4069716291413465,2.409255855584444,1.9412502939629255
9.632107023411375,0.5494890619187132,1.7807206415854715,1.004237905221289,1.3201028897143667,10,10,10,10,0,2.5,0.5,0,0,1,0,0,0,0,1,0,0.2994186336935679,1.3652261395230898,2.226658976739306,2.3506467762872165,1.9519276156806968
9.73244147157191,0.4515927373587651,1.816763152004743,0.9154313799505517,1.301688694001887,10,10,10,10,0,2.5,0.5,0,0,0,0,0,0,0,1,0,0.24690916945711383,1.1343630147456034,2.036273518213293,2.2783708507136637,1.9604541258702473
9.832775919732445,0.37087942286463704,1.8441787243472216,0.8245609335829847,1.271787601104284,10,10,10,10,0,2.5,0.5,0,0,0,0,0,0,0,1,0,0.21361741231345788,0.9381591057263323,1.8415349789416344,2.1937785317905614,1.9667642074312892
9.93311036789298,0.3055160850635398,1.8620358620576396,0.7352609075709589,1.2314108927086098,10,10,10,10,0,2.5,0.5,0,0,0,0,0,0,0,1,0,0.19458096578698175,0.7764880931197795,1.6482400546739189,2.0984851440827748,1.9707955031169224
10.033444816053514,0.2533952416312378,1.869586709906619,0.6504910708428682,1.1819664349686738,10,10,10,10,0,2.5,0.5,0,0,0,0,0,0,0,1,0,0.18714332805172434,0.6476070900601164,1.4619735088681876,1.99441810114087,1.9724818489342137
10.133779264214049,0.21246326876661203,1.866300308563888,0.572447590056574,1.125190023221653,10,10,10,10,0,2.5,0.5,0,0,0,0,0,0,0,1,0,0.1904866669737319,0.5488999647853147,1.2878289645067034,1.883832601374508,1.971749213117152
10.234113712374583,0.18094191091451542,1.8518960332987,0.5025789735107304,1.0630522747747995,10,10,10,10,0,2.5,0.5,0,0,0,0,0,0,0,1,0,0.20555639447373666,0.477725681673541,1.130203409977722,1.7693032285678272,1.9685139214054515
10.334448160535118,0.15747793021953652,1.8263754237165093,0.4417013389835127,0.9976543738961553,10,10,10,10,0,2.5,0.5,0,0,1,0,0,0,0,1,0,0.23541634843979134,0.4323321578404947,0.9927640439056694,1.6536986441571317,1.9626834571682936
10.434782608695652,0.14125933350442413,1.7900514390409568,0.39019902228792447,0.9311355264385545,10,10,10,10,0,2.5,0.5,0,0,1,0,0,0,0,1,0,0.2861792560749732,0.4128060603654521,0.8786838463767139,1.5401678119027553,1.9541607325102346
10.535117056856187,0.13216320352998773,1.7435780757505461,0.34828835279147824,0.8656189254757,10,10,10,10,0,2.5,0.5,0,0,1,0,0,0,0,1,0,0.3687915632447853,0.4222058648578948,0.7912010110623932,1.4321836966781523,1.942854245408047
10.635451505016722,0.13101094376116193,1.687988212543672,0.3163361729558599,0.8032222437258039,10,10,10,10,0,2.5,0.5,0,0,1,0,0,0,0,1,0,0.5020298873934368,0.4680543346343285,0.7345479274614514,1.333705335296834,1.928698933187214
10.735785953177256,0.1400172901943622,1.624753692704984,0.29523752223604693,0.7461550218819952,10,10,10,10,0,2.5,0.5,0,0,1,0,0,0,0,1,0,0.7166833407543822,0.5641492022593637,0.715229994742281,1.2495274093846431,1.9116965160283361
10.83612040133779,0.16348404651694642,1.5558852432228605,0.28682236690618695,0.6969020917481562,10,10,10,10,0,2.5,0.5,0,0,1,0,0,0,0,1,0,1.0587465512268932,0.7317045015696845,0.7432582076271458,1.1858292700436288,1.8919894098561325
10.936454849498325,0.20850954672019642,1.4840800334842486,0.29413607865027436,0.6584220671733888,10,10,10,10,0,2.5,0.5,0,0,1,0,0,0,0,1,0,1.583048204237936,0.9961252903740229,0.8319939949704714,1.1506947295305392,1.8699850918791459
11.03678929765886,0.2846695311396984,1.4128731635234462,0.32110271734905305,0.63412169737528,10,10,10,10,0,2.5,0.5,0,0,1,0,0,0,0,1,0,2.3198965650752323,1.3728533911167045,0.9936372337156415,1.153750106972285,1.8465327321036054
11.137123745819395,0.40069964012409176,1.346626795575577,0.37093597824877284,0.627204416366818,10,10,10,10,0,2.5,0.5,0,0,1,0,0,0,0,1,0,3.2117958449347825,1.8430000000463878,1.2286178470589322,1.2034276048167154,1.8230900780845727
11.23745819397993,0.5578000894557684,1.2900923120483438,0.44365424274890136,0.6393158466545771,10,10,10,10,0,2.5,0.5,0,0,1,0,0,0,0,1,0,4.0875113798211915,2.343641987520607,1.5160614884701598,1.3016191789871256,1.801711989048394
11.337792642140464,0.7451295192649946,1.2474697215227164,0.5349233455911026,0.6694198360747006,10,10,10,10,0,2.5,0.5,0,0,1,0,0,0,0,1,0,4.755511909931518,2.798816027395268,1.819314622658258,1.4396358980284525,1.7846800235767342
11.438127090300998,0.943453284828737,1.221409568161627,0.6376893910431685,0.7141091987977636,10,10,10,10,0,2.5,0.5,0,0,1,0,0,0,0,1,0,5.123723662496209,3.161062789155925,2.104208895359049,1.6004915058066045,1.773850905026087
11.538461538461533,1.1327514078336616,1.2125920235681331,0.7447810430154771,0.7690579890124237,10,10,10,10,0,2.5,0.5,0,0,0,0,1,1,0,1,0,5.201961585089981,3.4188848120209916,2.350864306280822,1.765933567243487,1.770112214235552
11.638795986622068,1.2963365476943363,1.220021247548983,0.8502631680978644,0.8302905749054931,10,10,10,10,0,2.5,0.5,0,0,0,0,1,1,0,1,0,5.035325669310928,3.579368257176638,2.5524765355018237,1.922053742439791,1.7732647914778725
11.739130434782602,1.4210210259127665,1.2416641717571648,0.9494403035150127,0.8946473337162872,10,10,10,10,0,2.5,0.5,0,0,0,0,1,1,0,1,0,4.665027539577047,3.652713515685937,2.7091669985311793,2.0607471491174083,1.7822956226177202
11.839464882943137,1.4966032626036152,1.2750441179966918,1.0383620997815355,0.9596876016114935,10,10,10,10,0,2.5,0.5,0,0,1,0,1,1,0,1,0,4.129549653877377,3.6462333022058995,2.823250658806456,2.1784767303592987,1.7957921511208716
11.939799331103671,1.5167172508423812,1.3176264503677595,1.1134249200723305,1.0234155010799213,10,10,10,10,0,2.5,0.5,0,1,0,0,1,1,0,1,0,3.481200493254613,3.564687568426139,2.896997289784155,2.274410863584359,1.8122899373811996
12.040133779264206,1.4808592944531163,1.3670058851853968,1.171300416305619,1.0840437753402994,10,10,10,10,0,2.5,0.5,0,1,0,0,1,1,0,1,0,2.793384582189502,3.4133206374291114,2.932076011154333,2.348974016733609,1.830478811063912
12.14046822742474,1.3957252641478306,1.4209653745210515,1.2091951528403615,1.139864443576963,10,10,10,10,0,2.5,0.5,0,1,0,0,1,1,0,1,0,2.145589445268291,3.200864651940908,2.929844142441171,2.4030111305060964,1.8492855120766252
12.240802675585275,1.2740442142885042,1.4774724251480333,1.2252766700032063,1.1892232813311203,10,10,10,10,0,2.5,0.5,0,1,0,0,1,1,0,1,0,1.5964435445789444,2.9405387911321488,2.8918788338278083,2.4374228674669403,1.867879933948295
12.34113712374581,1.1311648725002972,1.5346552353226461,1.2190258536022218,1.2305646165191504,10,10,10,10,0,2.5,0.5,0,1,0,0,1,1,0,1,0,1.1687615394970732,2.6486841327155495,2.820372269477426,2.45306676847254,1.8856453032929772
12.441471571906344,0.981403271745569,1.5907789513406443,1.191359482953543,1.2625065556692816,10,10,10,10,0,2.5,0.5,0,0,1,0,0,0,0,1,0,0.8553950002724354,2.342221693236357,2.718281952226618,2.450767698586525,1.9021367016353028
12.541806020066879,0.8358760307364359,1.6442292402951333,1.1444937030740867,1.283917832551177,10,10,10,10,0,2.5,0.5,0,0,1,0,0,0,0,1,0,0.6346314814458209,2.036583861511618,2.5892753169784015,2.4313549538258794,1.9170399430669318
12.642140468227414,0.7019173974372792,1.6935032141718653,1.0816635291649301,1.2939827260211876,10,10,10,10,0,2.5,0.5,0,0,1,0,0,0,0,1,0,0.48266669112013,1.744460478815769,2.437657626881059,2.3957001918370775,1.930135323292916
12.742474916387948,0.5835276936015107,1.7372080352786834,1.0067602129421647,1.292254293731896,10,10,10,10,0,2.5,0.5,0,0,1,0,0,0,0,1,0,0.37957295569056926,1.4754176554954077,2.268281490372112,2.3447611853171355,1.9412678748294008
12.842809364548483,0.48216568201981475,1.7740666130622869,0.9239665936583017,1.2786942529521566,10,10,10,10,0,2.5,0.5,0,0,0,0,0,0,0,1,0,0.3107041185773203,1.235893663428568,2.0864767612689628,2.2796334668723253,1.9503239294662817
12.943143812709017,0.3975666017747353,1.8029313122545183,0.8374107979156761,1.2536992472081436,10,10,10,10,0,2.5,0.5,0,0,0,0,0,0,0,1,0,0.2661020665289883,1.029471001467269,1.8979296754559485,2.2016128204574317,1.9572135116021858
13.043478260869552,0.3284272469504858,1.822805575218555,0.7508719631061644,1.21810448706296,10,10,10,10,0,2.5,0.5,0,0,0,0,0,0,0,1,0,0.2394337588812805,0.857273707733465,1.7085048474017954,2.1122553060172162,1.9618576718878478
13.143812709030087,0.2729382819038059,1.8328719665155047,0.6675532215907947,1.1731605033779196,10,10,10,10,0,2.5,0.5,0,0,0,0,0,0,0,1,0,0.22708994848110306,0.7185171248343729,1.523987148405736,2.01342878805043,1.9641797672818437
13.244147157190621,0.22918446095615022,1.832525315574332,0.5899497029946855,1.120478050615293,10,10,10,10,0,2.5,0.5,0,0,0,0,0,0,0,1,0,0.22763137131809014,0.6112496953810072,1.3498020465011522,1.9073421337032541,1.964100135739699
13.344481605351156,0.1954251329832771,1.8214076913390402,0.5198214958274525,1.0619451273688212,10,10,10,10,0,2.5,0.5,0,0,0,0,0,0,0,1,0,0.24162682775973232,0.5332226414646924,1.1907833480823347,1.796549584009089,1.9615336183025347
13.44481605351169,0.1702879923684518,1.7994430231283542,0.45827602938041107,0.9996280584788763,10,10,10,10,0,2.5,0.5,0,0,1,0,0,0,0,1,0,0.2719312932070599,0.4828350954721961,1.0511004841919855,1.6839365205627,1.9563900964593606
13.545150501672225,0.15292022395855143,1.7668700664527663,0.40594402377719446,0.9356784169450286,10,10,10,10,0,2.5,0.5,0,0,1,0,0,0,0,1,0,0.32452911751193686,0.46015180159082225,0.9344304896595629,1.5727124337885778,1.9485788936478305
13.64548494983276,0.14315336432033918,1.7242759134922112,0.36323030837387416,0.8722712958967457,10,10,10,10,0,2.5,0.5,0,0,1,0,0,0,0,1,0,0.41016889169371823,0.46805673696303335,0.8444460466227991,1.4664512447423423,1.9380193606298397
13.745819397993294,0.14175340422136792,1.6726364847528978,0.3306265147177,0.8116012911471158,10,10,10,10,0,2.5,0.5,0,0,1,0,0,0,0,1,0,0.5470375951131636,0.5136452915788352,0.7856599378810311,1.3692348940603032,1.9246621518269458
13.846153846153829,0.1508427666220712,1.613376856752848,0.30907291869507897,0.7559578320855181,10,10,10,10,0,2.5,0.5,0,0,1,0,0,0,0,1,0,0.7642598395240262,0.609817291357583,0.7645472214798497,1.2859585073880857,1.90852953130158
13.946488294314364,0.17449764877866691,1.5484639546627859,0.3003365387514492,0.7078727354850187,10,10,10,10,0,2.5,0.5,0,0,1,0,0,0,0,1,0,1.1039391052487508,0.7758861436485409,0.7905649759276588,1.2227849342396722,1.8897866754478612
14.046822742474898,0.21930081975569488,1.4805358380173397,0.30723623325622285,0.6702726101036011,10,10,10,10,0,2.5,0.5,0,0,1,0,0,0,0,1,0,1.6139525213197834,1.0340631614083589,0.8757569495429599,1.18752202382622,1.8688576717443595
14.147157190635433,0.293897520003097,1.413021219676466,0.33328827488328183,0.6464138343468709,10,10,10,10,0,2.5,0.5,0,0,1,0,0,0,0,1,0,2.3173926472856805,1.3965207030479763,1.0304858850367105,1.1891397724986734,1.8465833064771742
14.247491638795967,0.40592374475308457,1.3500997642924377,0.3812703867362085,0.6392718030553838,10,10,10,10,0,2.5,0.5,0,0,1,0,0,0,0,1,0,3.1589745967298724,1.844621474507219,1.254198142486053,1.2352156360559001,1.8243607592815099
14.347826086956502,0.5561893530827055,1.296280839360442,0.45106895849052875,0.6503516469549323,10,10,10,10,0,2.5,0.5,0,0,1,0,0,0,0,1,0,3.985295934360737,2.32145289272401,1.5275315577839628,1.3272624967625009,1.804117723348284
14.448160535117037,0.7347788163898198,1.2555519320637742,0.5386732650308453,0.6787220907458374,10,10,10,10,0,2.5,0.5,0,0,1,0,0,0,0,1,0,4.623433592520409,2.758114712458839,1.8171267736805767,1.4572998329707392,1.787973213910831
14.548494983277571,0.9239833246108322,1.23048225103148,0.6375358692743683,0.721271784869888,10,10,10,10,0,2.5,0.5,0,0,1,0,0,0,0,1,0,4.98343736560219,3.109389742842014,2.091232455659241,1.6098066738765013,1.777658005879622
14.648829431438106,1.1048646763728627,1.2218246334353153,0.7408432723927585,0.773966786139739,10,10,10,10,0,2.5,0.5,0,0,0,0,1,1,0,1,0,5.0664834781396175,3.361891097465907,2.3303943499685085,1.7678195350723,1.7740259514663523
14.74916387959864,1.2612126055358763,1.2287500955365562,0.8427958100532542,0.8330017610742524,10,10,10,10,0,2.5,0.5,0,0,0,0,1,1,0,1,0,4.910671223568121,3.5201368592869726,2.5270800195602012,1.9180252661526807,1.776934240971345
14.849498327759175,1.380093129278959,1.249411153431981,0.9387057494314291,0.8952724347123165,10,10,10,10,0,2.5,0.5,0,0,0,0,1,1,0,1,0,4.555288942856206,3.592721412079044,2.680512033364455,2.0523215959121988,1.7854738592767287
14.94983277591971,1.4516343489334,1.281489507125165,1.0246049067721312,0.9583308656190748,10,10,10,10,0,2.5,0.5,0,0,1,0,1,1,0,1,0,4.0395867910920105,3.5863853891320927,2.79234551865865,2.1668885414143984,1.7983399593426983
15.050167224080244,1.4698769466942463,1.322567442587075,1.0969011110087699,1.0201553151845388,10,10,10,10,0,2.5,0.5,0,1,0,0,1,1,0,1,0,3.4158756819556975,3.5059560877129674,2.8644654632135604,2.2605578787840113,1.8141543238445728
15.150501672240779,1.434587887799372,1.3703167819533757,1.1523154570281644,1.078934157083728,10,10,10,10,0,2.5,0.5,0,1,0,0,1,1,0,1,0,2.7547287567386927,3.357003745668634,2.8983481236525375,2.3334654825599364,1.831664019667038
15.250836120401313,1.3522910796259915,1.4225682967366242,1.188159213469017,1.1329493772175876,10,10,10,10,0,2.5,0.5,0,1,0,0,1,1,0,1,0,2.130905006410313,3.148354431373105,2.895326400112394,2.3862508801051425,1.8498280388157053
15.351170568561848,1.2351125411317547,1.4773185832040951,1.2026940175927638,1.180554517491885,10,10,10,10,0,2.5,0.5,0,1,0,0,1,1,0,1,0,1.5994142116411383,2.8930474144601224,2.8569675093946447,2.4196870052235013,1.867830752910606
15.451505016722383,1.0975936077147663,1.5327135482632248,1.1954727379497707,1.2202100427908253,10,10,10,10,0,2.5,0.5,0,1,0,0,1,1,0,1,0,1.1823692565148847,2.6069898690473186,2.7854774300361536,2.4345481888203504,1.8850584598759548
15.551839464882917,0.9533644169488791,1.5870299196817728,1.167420650410909,1.2505583171990355,10,10,10,10,0,2.5,0.5,0,0,1,0,0,0,0,1,0,0.8741227442443916,2.3067281832251347,2.6837759847672182,2.431611407119455,1.9010627311990822
15.652173913043452,0.8130659349283034,1.6386612343727145,1.1207401071724803,1.2704916330640386,10,10,10,10,0,2.5,0.5,0,0,1,0,0,0,0,1,0,0.6550662596300707,2.007351219005965,2.5555368873117157,2.4116718331551628,1.9155222061774386
15.752508361203986,0.6837913010330412,1.6861111382770202,1.0586171218838953,1.2792230565905622,10,10,10,10,0,2.5,0.5,0,0,1,0,0,0,0,1,0,0.5031083672385027,1.7213624079893677,2.4050657540250646,2.3755900074057066,1.9282083933824214
15.852842809364521,0.5694444951038086,1.7279936721711278,0.9848882525478024,1.276334533949144,10,10,10,10,0,2.5,0.5,0,0,0,0,0,0,0,1,0,0.39942045255306263,1.4581766801395968,2.2372631173158792,2.3243244599490342,1.9389571139212867
15.953177257525056,0.4714927607077556,1.7630407173041185,0.9036591697312737,1.261822222059639,10,10,10,10,0,2.5,0.5,0,0,0,0,0,0,0,1,0,0.32997754603870744,1.224178222181163,2.057490298342482,2.258993889472773,1.947645819873236
16.05351170568559,0.3897276308049758,1.7901175334269595,0.8189754551531194,1.2361161631424895,10,10,10,10,0,2.5,0.5,0,0,0,0,0,0,0,1,0,0.285162183846259,1.0229194734716753,1.8714732451905771,2.180928189054888,1.954176485811414
16.153846153846125,0.32292795341313696,1.8082452485550753,0.7345283304043613,1.200084746109053,10,10,10,10,0,2.5,0.5,0,0,0,0,0,0,0,1,0,0.2588570091409175,0.8555335475010186,1.6850990856010055,2.0917332093768723,1.9584630897507618
16.25418060200666,0.2693839890419098,1.8166304115264316,0.6534367843960505,1.1550074502033507,10,10,10,10,0,2.5,0.5,0,0,0,0,0,0,0,1,0,0.24764876621213303,0.7213185653008796,1.504161233294479,1.9933372463955221,1.960423210460933
16.354515050167194,0.22728903711687912,1.8146987980247042,0.578123539716429,1.1025178368281752,10,10,10,10,0,2.5,0.5,0,0,0,0,0,0,0,1,0,0.25035463331305224,0.618497570064857,1.3340836095418804,1.8880193417002862,1.959972934246688
16.45484949832773,0.19501955743891963,1.8021312750032512,0.5102996146287769,1.044519460391816,10,10,10,10,0,2.5,0.5,0,0,0,0,0,0,0,1,0,0.26793864474989926,0.5451157533193675,1.1797145461190217,1.7784125787570537,1.9570248823024936
16.555183946488263,0.17133432073579385,1.7788991584432123,0.45105667983664494,0.9830893984308845,10,10,10,10,0,2.5,0.5,0,0,1,0,0,0,0,1,0,0.3038897396825959,0.5000211708511803,1.0452897729603863,1.6674946168987945,1.951489551273557
16.655518394648798,0.15553816554634556,1.7452986775226675,0.4010527852245966,0.9203909058686026,10,10,10,10,0,2.5,0.5,0,0,1,0,0,0,0,1,0,0.36520258538420897,0.4839268046889152,0.9346537453540379,1.5585912482952493,1.9432811934939644
16.755852842809333,0.14767009297442135,1.7019872574680206,0.36077330038859023,0.8586213615705267,10,10,10,10,0,2.5,0.5,0,0,1,0,0,0,0,1,0,0.4641786938971156,0.5006182746330626,0.8518044641398138,1.4554363186843486,1.9323309566117444
16.856187290969867,0.14878877819544106,1.6500290315770132,0.3308518118210994,0.800020838418591,10,10,10,10,0,2.5,0.5,0,0,1,0,0,0,0,1,0,0.6211840199827595,0.5583681360775431,0.8017731332661455,1.36234271913231,1.918612501672527
16.9565217391304,0.16142017138066014,1.5909614304083328,0.31243296278593036,0.7469564344803331,10,10,10,10,0,2.5,0.5,0,0,1,0,0,0,0,1,0,0.8677324796496984,0.6712580550260684,0.7916991128841074,1.2845257605311617,1.9021888774122944
17.056856187290936,0.19013657801076875,1.526894228482241,0.3075138129669131,0.7020647300121515,10,10,10,10,0,2.5,0.5,0,0,1,0,0,0,0,1,0,1.2465393476547977,0.858904162094951,0.8315219504521929,1.228525631371515,1.8832929304179762
17.15719063545147,0.24189137022397172,1.4606331313034042,0.3190403662576945,0.6683492870966757,10,10,10,10,0,2.5,0.5,0,0,1,0,0,0,0,1,0,1.7993629544592218,1.1408781871129858,0.9327335911479965,1.2023802327031488,1.8624508430248674
17.257525083612006,0.3249954907797166,1.3957597067435097,0.3503060666814418,0.6489888360497704,10,10,10,10,0,2.5,0.5,0,0,1,0,0,0,0,1,0,2.530707763668475,1.5217217241161602,1.102930333940501,1.2146713907670574,1.840633733508758
17.35785953177254,0.4453552711843462,1.3364994533755956,0.40331970440674153,0.6465780626842184,10,10,10,10,0,2.5,0.5,0,0,1,0,0,0,0,1,0,3.3600078171167036,1.9727174063487982,1.3366719856412206,1.2714325054149693,1.8193572708652728
17.458193979933075,0.6009600534561363,1.2871903015016055,0.4769014645136621,0.6619738348400214,10,10,10,10,0,2.5,0.5,0,0,1,0,0,0,0,1,0,4.126653365601327,2.4331735112327753,1.6106908974532526,1.3716963717099786,1.8005781203323763
17.55852842809361,0.779758015103359,1.2514126714288807,0.5663297725273814,0.6936491742022995,10,10,10,10,0,2.5,0.5,0,0,1,0,0,0,0,1,0,4.680471014855804,2.8408658197354053,1.8920527481270706,1.5054578245079329,1.7862904212174084
17.658862876254144,0.9638156453856496,1.231226451014852,0.665021631796171,0.7382557434109914,10,10,10,10,0,2.5,0.5,0,0,1,0,0,0,0,1,0,4.959459663423727,3.1603756011747746,2.152770580921295,1.6568897235066682,1.7779685180599887
17.75919732441468,1.1352108544536887,1.2269556251289082,0.7665264263074621,0.7918685900294129,10,10,10,10,0,2.5,0.5,0,0,0,0,1,1,0,1,0,4.976293899838635,3.383854133530083,2.3770868236459286,1.8102328126944998,1.7761829071857627
17.859531772575213,1.2788853277523182,1.2375194840509025,0.8654276712722168,0.8509289306719415,10,10,10,10,0,2.5,0.5,0,0,0,0,1,1,0,1,0,4.768461945009507,3.5168248003329463,2.559464705923471,1.9538128951262155,1.7805836069902856
17.959866220735748,1.3828883409618369,1.2609848590558128,0.957282399589098,0.9125515899389786,10,10,10,10,0,2.5,0.5,0,0,0,0,1,1,0,1,0,4.373713274746849,3.5669789169145885,2.6997104516443056,2.0808162399930255,1.790169933278011
18.060200668896282,1.438470909022695,1.2950530922293557,1.0382465687978206,0.9744247343580188,10,10,10,10,0,2.5,0.5,0,0,1,0,1,1,0,1,0,3.833793386042415,3.5401829545111854,2.7993814693384476,2.188160170698832,1.8036417666913853
18.160535117056817,1.4412535150096453,1.337372307640474,1.1048260009530753,1.0345904458942405,10,10,10,10,0,2.5,0.5,0,1,0,0,1,1,0,1,0,3.2057572547691247,3.4412322378161218,2.8601108740317964,2.274983564281675,1.8196806141019775
18.26086956521735,1.392874352673667,1.3856912634640508,1.1539134222492766,1.0912646407172177,10,10,10,10,0,2.5,0.5,0,1,0,0,1,1,0,1,0,2.561601056219231,3.2764623709380496,2.8832331414521013,2.3414918407373726,1.8371131190883676
18.361204013377886,1.3014649651853214,1.4379113963110004,1.183080081833943,1.1427466503840198,10,10,10,10,0,2.5,0.5,0,1,0,0,1,1,0,1,0,1.9705567394941563,3.0559195948102937,2.870055563960698,2.3882882977645523,1.8549756700025117
18.46153846153842,1.1797997651986378,1.4920861456900578,1.1909621712212317,1.187418409116786,10,10,10,10,0,2.5,0.5,0,1,0,0,1,1,0,1,0,1.4777137271450254,2.7934554522544683,2.822294489102456,2.4160893585996464,1.8725170958573176
18.561872909698955,1.042060993710875,1.5464083956116814,1.1775076858545026,1.2237922277951592,10,10,10,10,0,2.5,0.5,0,1,0,0,1,1,0,1,0,1.0965062273788357,2.5051786025227925,2.742331649591619,2.4256283418850266,1.8891737335125771
18.66220735785949,0.9008608547853476,1.5991938329347315,1.144021821769474,1.2505837448059611,10,10,10,10,0,2.5,0.5,0,0,1,0,0,0,0,1,0,0.8169804113527318,2.2071671122378396,2.6333105725448864,2.417659096984087,1.9045333116035001
18.762541806020025,0.7656670700303172,1.648871206904847,1.0929932815222487,1.2667820866232808,10,10,10,10,0,2.5,0.5,0,0,1,0,0,0,0,1,0,0.6190003740907566,1.9137230256429354,2.4990863143955977,2.392979600086191,1.9182992466075004
18.86287625418056,0.6425369323063589,1.6939783096445375,1.0277942872748542,1.271712070965638,10,10,10,10,0,2.5,0.5,0,0,1,0,0,0,0,1,0,0.481817978712093,1.6364190016844395,2.3441442116031586,2.3524691024748847,1.930258724753518
18.963210702341094,0.5346039619438157,1.7331652371689998,0.9523282340977914,1.2650827449368989,10,10,10,10,0,2.5,0.5,0,0,0,0,0,0,0,1,0,0.38838098662654336,1.3837864806769338,2.173523027264064,2.2971303971479693,1.9402563772734371
19.06354515050163,0.442816563573957,1.7652048215990088,0.8706739356776215,1.2470234622585181,10,10,10,10,0,2.5,0.5,0,0,0,0,0,0,0,1,0,0.32623016320112047,1.161369698839706,1.9927182273596757,2.2281446485373047,1.9481735214047333
19.163879598662163,0.36666723505477883,1.7890105365551687,0.7867587374469295,1.2181020391432966,10,10,10,10,0,2.5,0.5,0,0,0,0,0,0,0,1,0,0.2869590503766989,0.9720115306412134,1.807532428289732,2.1469322749993047,1.9539125180781478
19.264214046822698,0.30480661688480076,1.8036619119401294,0.704088777428719,1.1793187147499895,10,10,10,10,0,2.5,0.5,0,0,0,0,0,0,0,1,0,0.26537113409963403,0.8163135913559864,1.623860088276768,2.0552104292865057,1.9573856547607464
19.364548494983232,0.2555173663038321,1.8084363303774336,0.6255597636730992,1.1320690770884454,10,10,10,10,0,2.5,0.5,0,0,0,0,0,0,0,1,0,0.258811802596199,0.6932486259657599,1.447424476983575,1.95503300047084,1.9585079157042973
19.464882943143767,0.21708113617868513,1.802843628325533,0.5533626746178533,1.0780791001901673,10,10,10,10,0,2.5,0.5,0,0,0,0,0,0,0,1,0,0.26683872216809135,0.6010278361064749,1.2835049508342644,1.848813863911895,1.957192844262329
19.5652173913043,0.18802663156958607,1.7866626897463291,0.48900789602173056,1.0193151586965852,10,10,10,10,0,2.5,0.5,0,0,0,0,0,0,0,1,0,0.2912994553008635,0.53800354662243,1.1367948149503224,1.739323367365753,1.9533518189608154
19.665551839464836,0.1673201257960857,1.7599768400198643,0.4334481645533665,0.9578903576083869,10,10,10,10,0,2.5,0.5,0,0,1,0,0,0,0,1,0,0.3369142610336306,0.5036987137458261,1.0114422980692848,1.6296843254404951,1.9468969867899117
19.76588628762537,0.15453811144975796,1.72320952739048,0.38729164733771937,0.8959874434267868,10,10,10,10,0,2.5,0.5,0,0,1,0,0,0,0,1,0,0.41253060937013053,0.4999240774988739,0.9113829294634597,1.523391908189482,1.937749800637458
19.866220735785905,0.1500872524530379,1.677163830011236,0.3510852316592038,0.8358268261283068,10,10,10,10,0,2.5,0.5,0,0,1,0,0,0,0,1,0,0.5332487825536869,0.5320521590057687,0.8410025715419639,1.4244104499724095,1.9258585491962956
19.96655518394644,0.1555465168543087,1.6230753397265152,0.3256506669477778,0.7797004937857451,10,10,10,10,0,2.5,0.5,0,0,1,0,0,0,0,1,0,0.7233339783988519,0.6104277300383684,0.8060915031937005,1.3373946686658882,1.9112314449655752
20.066889632106975,0.17416492221642,1.5626898224624002,0.31244536858582644,0.7300781142497612,10,10,10,10,0,2.5,0.5,0,0,1,0,0,0,0,1,0,1.0184670907211872,0.7512113241123135,0.8148241483364669,1.268052160925122,1.8939951676749083
20.16722408026751,0.2113879107604059,1.49837185570059,0.3138299135570327,0.6897392210810177,10,10,10,10,0,2.5,0.5,0,0,1,0,0,0,0,1,0,1.4620279023187404,0.9744308365627068,0.8778437753913727,1.2234983052556294,1.8744907903730588
20.267558528428044,0.27477146388284784,1.4332171650211576,0.3329332649385011,0.6617785081259684,10,10,10,10,0,2.5,0.5,0,0,1,0,0,0,0,1,0,2.084367728111106,1.294919441132536,1.0055465958631244,1.2120697885832041,1.8534094241366206
20.36789297658858,0.3719772081742776,1.3710626232585956,0.37265232483133276,0.6492043029861713,10,10,10,10,0,2.5,0.5,0,0,1,0,0,0,0,1,0,2.8591597286093204,1.7049278232472438,1.2009331467592816,1.2415848913085845,1.8319304311562636
20.468227424749113,0.506074231757884,1.3162058894841948,0.43379841670989466,0.6539834734712163,10,10,10,10,0,2.5,0.5,0,0,1,0,0,0,0,1,0,3.6699868196304117,2.161557093694287,1.451309274405894,1.3155467474490556,1.8117520391066446
20.568561872909648,0.6709090779519279,1.272719998525906,0.5136837263496588,0.6760078254876478,10,10,10,10,0,2.5,0.5,0,0,1,0,0,0,0,1,0,4.352283988126392,2.6008157289689535,1.7284724916372622,1.429307318058289,1.7948689014399175
20.668896321070182,0.8516148782100095,1.2435872474032457,0.6066722156589927,0.7129322109062967,10,10,10,10,0,2.5,0.5,0,0,1,0,0,0,0,1,0,4.790255176022194,2.970688154770609,2.000710846051107,1.5701393749360708,1.7830872089356893
20.769230769230717,1.0300238270856565,1.2301437751042004,0.7061596875731463,0.7611023135043635,10,10,10,10,0,2.5,0.5,0,0,0,0,1,1,0,1,0,4.957114406739751,3.248290492247403,2.245157687470385,1.7219364212294546,1.777516690816798
20.86956521739125,1.1894532320004367,1.2321083780644657,0.806143316502739,0.8167280908555635,10,10,10,10,0,2.5,0.5,0,0,0,0,1,1,0,1,0,4.8789758843365885,3.432453443083538,2.450740423370728,1.8705706949401804,1.7783361504221777
20.969899665551786,1.316258033626346,1.2480291508603532,0.9016653258047731,0.8765503649677215,10,10,10,10,0,2.5,0.5,0,0,0,0,1,1,0,1,0,4.593427889191054,3.529993855000344,2.6144667428944746,2.0064924948133327,1.7849089505259286
21.07023411371232,1.3998389259126396,1.2758182640994749,0.9885748115013265,0.9379506064772992,10,10,10,10,0,2.5,0.5,0,0,0,0,1,1,0,1,0,4.138398743959286,3.5477484651264404,2.7369818327397724,2.1245676996518563,1.796099141860172
21.170568561872855,1.433162390500793,1.3131636218927736,1.0631907321585201,0.9987856657278655,10,10,10,10,0,2.5,0.5,0,0,1,0,1,1,0,1,0,3.5609015691050345,3.490849468719461,2.8198571341338754,2.2227180352697236,1.8105972429034745
21.27090301003339,1.4142420556699504,1.357768765099492,1.122173070486267,1.0571814775188506,10,10,10,10,0,2.5,0.5,0,1,0,0,1,1,0,1,0,2.92467434402321,3.3644450640779744,2.864533543621102,2.3005539427613693,1.827149845835062
21.371237458193924,1.347449417276271,1.4074603779488808,1.1626699658302015,1.1113912250226528,10,10,10,10,0,2.5,0.5,0,1,0,0,1,1,0,1,0,2.302179877785069,3.17628918684676,2.872248458437364,2.3584374763972966,1.8446783930871775
21.47157190635446,1.2430195638194481,1.4602142011728652,1.1826892718712563,1.1597459072432486,10,10,10,10,0,2.5,0.5,0,1,0,0,1,1,0,1,0,1.753643375717605,2.9380246767010085,2.844453338581966,2.3969962127243782,1.8623145882464882
21.571906354514994,1.1145160480691916,1.51415055000276,1.1813950690883313,1.2006800456416624,10,10,10,10,0,2.5,0.5,0,1,0,0,1,1,0,1,0,1.3104992879043849,2.664625965426335,2.783081475217749,2.416933726921019,1.8793909794884565
21.672240802675528,0.9755500286791954,1.5675190525096176,1.1593193603909466,1.2327863500772633,10,10,10,10,0,2.5,0.5,0,0,1,0,0,0,0,1,0,0.9752406391475115,2.372303481586506,2.69084211485115,2.418970167370183,1.8954106500335695
21.772575250836063,0.8373924148098847,1.618686644237802,1.1182799767145286,1.2548915238274259,10,10,10,10,0,2.5,0.5,0,0,1,0,0,0,0,1,0,0.7327668867916791,2.0764697103336247,2.57117573716515,2.4038606027278333,1.9100118564490747
21.872909698996597,0.7079926061988023,1.666129545772465,1.0611558182170764,1.2661264945131725,10,10,10,10,0,2.5,0.5,0,0,1,0,0,0,0,1,0,0.5623777314483661,1.790302889452242,2.428199483474196,2.3724309297288633,1.9229338672566616
21.973244147157132,0.5920817632310669,1.7084339859992241,0.9915661413706669,1.2659763287097368,10,10,10,10,0,2.5,0.5,0,0,0,0,0,0,0,1,0,0.4449385609438874,1.524079710147782,2.266650035756847,2.3256016825670303,1.9339880621632315
22.073578595317667,0.4917959320067781,1.7443021261606424,0.9135047854576247,1.2543296081325659,10,10,10,10,0,2.5,0.5,0,0,0,0,0,0,0,1,0,0.3655198762168598,1.28505750932088,2.091772427156854,2.2644475487325337,1.9430339901970368
22.1739130434782,0.4074127628438828,1.7725662528361756,0.8310015738682562,1.2315040793744134,10,10,10,10,0,2.5,0.5,0,0,0,0,0,0,0,1,0,0.31355772686124384,1.0776041062376898,1.909223440532348,2.1902483124541035,1.949961030425409
22.274247491638736,0.33803660104743427,1.7922099532679552,0.7478087540055941,1.198259180150374,10,10,10,10,0,2.5,0.5,0,0,0,0,0,0,0,1,0,0.2821447017563242,0.9035897593737187,1.724864902414762,2.104557538019035,1.9546747350879004
22.37458193979927,0.2821426958576558,1.8023976356128997,0.6671764597393361,1.15576991632998,10,10,10,10,0,2.5,0.5,0,0,0,0,0,0,0,1,0,0.2672588423404256,0.7628684275882259,1.5445652109072643,2.0092388176367852,1.9570876982041163
22.474916387959805,0.23801023625682977,1.8025067909537977,0.5916923359258175,1.1055839491789763,10,10,10,10,0,2.5,0.5,0,0,0,0,0,0,0,1,0,0.26725173534637836,0.654050395354203,1.3738879777961819,1.90651302779859,1.9571134361422682
22.57525083612034,0.20403063751248648,1.7921647388581188,0.5232439611656664,1.0495416913786602,10,10,10,10,0,2.5,0.5,0,0,0,0,0,0,0,1,0,0.28270034721972886,0.5753679545534222,1.2178846791222764,1.7989629248282797,1.9546639781996171
22.675585284280874,0.17893057765985107,1.771284788849259,0.46308625762873323,0.9896835689586317,10,10,10,10,0,2.5,0.5,0,0,1,0,0,0,0,1,0,0.3167051025459866,0.525654331180684,1.0810208971215203,1.6895292667634758,1.949650697201512
22.77591973244141,0.16195088964684554,1.740102021408418,0.41200673708342994,0.9281614362043117,10,10,10,10,0,2.5,0.5,0,0,1,0,0,0,0,1,0,0.3757594335855581,0.5054109518527192,0.9673426569361906,1.581514083233755,1.9419897004449431
22.876254180601943,0.15303575601421604,1.699210422679435,0.3705722914836195,0.8671794996290255,10,10,10,10,0,2.5,0.5,0,0,1,0,0,0,0,1,0,0.47138083925195656,0.5179895042370092,0.8809573623882349,1.4786308468250788,1.9316141888428089
22.976588628762478,0.15310321127337165,1.649607788687531,0.33943751550961154,0.8089904901835492,10,10,10,10,0,2.5,0.5,0,0,1,0,0,0,0,1,0,0.6226180331488907,0.570943939031553,0.8268343970669327,1.3851534460440886,1.9184985714239517
23.076923076923013,0.16445786406737345,1.5927590056910554,0.3196966309262536,0.7559626704324492,10,10,10,10,0,2.5,0.5,0,0,1,0,0,0,0,1,0,0.858875935568672,0.6772781285317223,0.8118099956455422,1.3062025202422525,1.9027023672574117
23.177257525083547,0.19132546487769117,1.5306879556493664,0.3132162306299392,0.7107040030917126,10,10,10,10,0,2.5,0.5,0,0,1,0,0,0,0,1,0,1.2201341129722445,0.8552918083688344,0.8452676501831178,1.2481255494906836,1.8844450613288446
23.277591973244082,0.24018542026384054,1.4660920382152849,0.3227553158121405,0.6761548209034061,10,10,10,10,0,2.5,0.5,0,0,1,0,0,0,0,1,0,1.7465253979399058,1.12374291006306,0.9381329765008082,1.2186706851152733,1.864221015240627
23.377926421404617,0.3189276239272762,1.4024198274302895,0.351460987298543,0.6554277691837577,10,10,10,10,0,2.5,0.5,0,0,1,0,0,0,0,1,0,2.4462656500522195,1.488488515765836,1.0980949130836142,1.2261690350849233,1.8429420877680567
23.47826086956515,0.4335358475573957,1.3437619446305233,0.40140856050408813,0.6511370699557283,10,10,10,10,0,2.5,0.5,0,0,1,0,0,0,0,1,0,3.2506091226054172,1.9251489794711076,1.3211942404037655,1.2767865599717072,1.822038290441833
23.578595317725686,0.5829136470368346,1.2943761701267016,0.4717712632782151,0.6643198029504077,10,10,10,10,0,2.5,0.5,0,0,1,0,0,0,0,1,0,4.0113639939298364,2.3777825589144936,1.5865770333775682,1.3703488719842887,1.803379067995683
23.67892976588622,0.75633381082394,1.2578744055115847,0.5582786988365525,0.6937407498365685,10,10,10,10,0,2.5,0.5,0,0,1,0,0,0,0,1,0,4.579104081879628,2.785252686425647,1.862908196092286,1.498047155412768,1.7889139314613212
23.779264214046755,0.9367680544173865,1.2364607439510324,0.6546350109617547,0.7363047307737817,10,10,10,10,0,2.5,0.5,0,0,1,0,0,0,0,1,0,4.8826043038162625,3.1096708304122314,2.1220696446272855,1.6449753138660983,1.780144970535971
23.87959866220729,1.1065373915898826,1.2306571609259491,0.754454199547193,0.7882080609573701,10,10,10,10,0,2.5,0.5,0,0,0,0,1,1,0,1,0,4.926216575949066,3.3402634060194174,2.3471956800007256,1.7956304403480647,1.7777310098025332
23.979933110367824,1.2504835272736636,1.2395675018472416,0.8522656780687605,0.8459002880621184,10,10,10,10,0,2.5,0.5,0,0,0,0,1,1,0,1,0,4.744156283892738,3.4808820184379607,2.53166643205373,1.9380749643483937,1.7814305862390345
24.08026755852836,1.3564974717505869,1.2613945220125198,0.9435556647556372,0.9064537405838111,10,10,10,10,0,2.5,0.5,0,0,0,0,1,1,0,1,0,4.373587925282317,3.5386895013326916,2.6746049160777634,2.065044730536283,1.790335024675911
24.180602006688893,1.4156397587280356,1.2939234676456848,1.024437063384532,0.9675088877250945,10,10,10,10,0,2.5,0.5,0,0,1,0,1,1,0,1,0,3.8553958729751128,3.519550314308389,2.777240295839379,2.1730458184388297,1.8032032734147354
24.280936454849428,1.4231806945788952,1.3348465647688754,1.0913989059937719,1.0270741748658565,10,10,10,10,0,2.5,0.5,0,1,0,0,1,1,0,1,0,3.244422006024719,3.4282931397650342,2.841082953252151,2.2609243964349552,1.818744126074948
24.381270903009963,1.3801656111786138,1.3819317774380624,1.1413179875154493,1.083347872665948,10,10,10,10,0,2.5,0.5,0,1,0,0,1,1,0,1,0,2.6102294371312453,3.2710702219448216,2.8674239535945145,2.3287053244147686,1.835788887256228
24.481605351170497,1.2939848420144198,1.4330858971398959,1.1717230857099297,1.134622319685016,10,10,10,10,0,2.5,0.5,0,1,0,0,1,1,0,1,0,2.0214179356041626,3.057500074936245,2.8575315217560266,2.3768903977571365,1.853365516840487
24.581939799331032,1.1768036728403695,1.486361399110856,1.1811645976430734,1.1792740279329976,10,10,10,10,0,2.5,0.5,0,1,0,0,1,1,0,1,0,1.524858392308035,2.8010114377177895,2.81305477464098,2.4061360319788143,1.8707086733765916
24.682274247491566,1.0424690060474715,1.5399467568630893,1.1694778443217921,1.2158081018607156,10,10,10,10,0,2.5,0.5,0,1,0,0,1,1,0,1,0,1.1368974059759491,2.5173935773257106,2.736301271667257,2.417140587276168,1.8872389091555621
24.7826086956521,0.9035566864990805,1.592152095991809,1.1378406619108736,1.2429274706172293,10,10,10,10,0,2.5,0.5,0,0,1,0,0,0,0,1,0,0.8500355617572456,2.2226249209769104,2.630334684095747,2.410633300722634,1.9025290979586154
24.882943143812636,0.7696892557878511,1.6413997831807055,1.0886221133625182,1.2596036871899676,10,10,10,10,0,2.5,0.5,0,0,1,0,0,0,0,1,0,0.6455162361788682,1.9310871414244086,2.498939515329169,2.387395288487996,1.9162696709797338
24.98327759197317,0.6471577884506095,1.6862209945107598,1.0250958827271432,1.2651386282117971,10,10,10,10,0,2.5,0.5,0,0,1,0,0,0,0,1,0,0.5030788368571575,1.6545532958714781,2.3465444621588913,2.3482915196423186,1.9282371255520172
25.083612040133705,0.5393292055246758,1.7252588322834561,0.9510945471104607,1.2592148524582742,10,10,10,10,0,2.5,0.5,0,0,0,0,0,0,0,1,0,0.4056690903549747,1.401810819275986,2.178143878321328,2.2943132727976296,1.9382675930254332
25.18394648829424,0.44734791765926524,1.7572787953545863,0.8706561965996752,1.2419324563707812,10,10,10,10,0,2.5,0.5,0,0,0,0,0,0,0,1,0,0.34063796435772187,1.178672102688122,1.9992031543636979,2.2266308060512894,1.9462358825270218
25.284280936454774,0.3708542361480195,1.7811864688133705,0.7876958414204893,1.2138290824788196,10,10,10,10,0,2.5,0.5,0,0,0,0,0,0,0,1,0,0.29936068576327574,0.9882331203740689,1.815510577925842,2.1466544440327824,1.9520395342121133
25.38461538461531,0.3085993688687644,1.796053011871807,0.7057327928820825,1.1758748713317078,10,10,10,10,0,2.5,0.5,0,0,0,0,0,0,0,1,0,0.27645756081251904,0.8313068394181762,1.632969763578577,2.0560903746788943,1.9555874827206339
25.484949832775843,0.25893514757932806,1.8011465561992586,0.6276925994911186,1.1294386849674884,10,10,10,10,0,2.5,0.5,0,0,0,0,0,0,0,1,0,0.26914382445606083,0.7070638491787395,1.4573294524004492,1.9569843332015011,1.9567925295185933
25.585284280936378,0.2201824542207405,1.79596722020287,0.5558097766762863,1.0762242940929514,10,10,10,10,0,2.5,0.5,0,0,0,0,0,0,0,1,0,0.276898736238898,0.613856845704886,1.2939229079134322,1.8517442833216198,1.9555671400702526
25.685618729096912,0.190892106571319,1.7802838596381867,0.4916438173741682,1.0181828462263152,10,10,10,10,0,2.5,0.5,0,0,0,0,0,0,0,1,0,0.30153693863326314,0.5501418530157002,1.147518481279273,1.7431403920861352,1.951822633959994
25.785953177257447,0.17004214427161157,1.75417010216105,0.43619694399266895,0.9574200880926547,10,10,10,10,0,2.5,0.5,0,0,1,0,0,0,0,1,0,0.34778137481621174,0.5155070380123506,1.022356221124244,1.6343023786766224,1.945472194488944
25.88628762541798,0.15721717508496405,1.7180406367032253,0.3901222204744428,0.8961199423076892,10,10,10,10,0,2.5,0.5,0,0,1,0,0,0,0,1,0,0.42449849813171325,0.5117993584170658,0.9224667248558769,1.5287417448348397,1.9364395406849115
25.986622073578516,0.15283139097238438,1.6726915913194,0.3540039965721358,0.8365109216993754,10,10,10,10,0,2.5,0.5,0,0,1,0,0,0,0,1,0,0.5467745563424337,0.5443898672411128,0.8523192911171004,1.4304463808321957,1.9246767442769368
26.08695652173905,0.1584665299651921,1.6193535985857646,0.328691150901807,0.7808973952574226,10,10,10,10,0,2.5,0.5,0,0,1,0,0,0,0,1,0,0.7387072654253812,0.6235270205562261,0.8177503246517033,1.3440968809885065,1.9101975239836717
26.187290969899585,0.17735799151261517,1.5597689400851094,0.3156498263664141,0.731759736580029,10,10,10,10,0,2.5,0.5,0,0,1,0,0,0,0,1,0,1.035404074227969,0.7650865914527158,0.8268881913727626,1.2754133103538379,1.8931358145694002
26.28762541806012,0.2148897385420948,1.4962973456839341,0.31721806569675703,0.6918767014486523,10,10,10,10,0,2.5,0.5,0,0,1,0,0,0,0,1,0,1.4789067614264872,0.9884821745815828,0.8901657021442171,1.2314799208185692,1.8738407744204317
26.387959866220655,0.27845828572104475,1.4320219284276094,0.33645294113231694,0.6643174576111289,10,10,10,10,0,2.5,0.5,0,0,1,0,0,0,0,1,0,2.0974487074572292,1.3076117992320822,1.0175552863934436,1.2205156632041079,1.85300941381275
26.48829431438119,0.37545331113455355,1.3707495147397264,0.3761375652256873,0.6520342766072539,10,10,10,10,0,2.5,0.5,0,0,1,0,0,0,0,1,0,2.863174509512795,1.7140178231190453,1.2115872276491115,1.2501204179440166,1.83181861593378
26.588628762541724,0.5086767940483862,1.3167249057316202,0.43698137016558397,0.6569282175945311,10,10,10,10,0,2.5,0.5,0,0,1,0,0,0,0,1,0,3.6612148225510075,2.165233995178507,1.4594504387057985,1.3235680831796828,1.8119486631925663
26.68896321070226,0.6719239883492459,1.2739550868376797,0.5162832403344965,0.6788604967878787,10,10,10,10,0,2.5,0.5,0,0,1,0,0,0,0,1,0,4.331418664661627,2.5987819290059346,1.7334224385494441,1.436152944233846,1.795359837870361
26.789297658862793,0.850541042796506,1.2453673570336483,0.6084845782897739,0.7155133774822326,10,10,10,10,0,2.5,0.5,0,0,1,0,0,0,0,1,0,4.7612367060943,2.9639549945664365,2.0025056460892308,1.5753417577346907,1.7838183921782254
26.889632107023328,1.0266560341110256,1.2322737248519189,0.7070778564214358,0.7632927912591935,10,10,10,10,0,2.5,0.5,0,0,0,0,1,1,0,1,0,4.923963044606886,3.2382100755765815,2.2442757676469633,1.7253432481271567,1.7784050337617086
26.989966555183862,1.1838038876760635,1.2344005932934479,0.806127303859247,0.8184645267305669,10,10,10,10,0,2.5,0.5,0,0,0,0,1,1,0,1,0,4.844423415110332,3.420073444496649,2.447749745409982,1.8722884424955566,1.7792899144329863
27.090301003344397,1.308482140366523,1.2503230220700299,0.9007060850876687,0.877803620251438,10,10,10,10,0,2.5,0.5,0,0,0,0,1,1,0,1,0,4.559383556176316,3.515969909148277,2.609835623910048,2.0067570390039253,1.7858461071250264
27.19063545150493,1.3902259378281008,1.2779856026379208,0.9866764784440714,0.9387062932205348,10,10,10,10,0,2.5,0.5,0,0,0,0,1,1,0,1,0,4.106745896130349,3.532499596053302,2.731045070540813,2.1236388028721835,1.7969571867480656
27.290969899665466,1.4221583336809744,1.3151069901681607,1.060367722446049,0.9990335388819104,10,10,10,10,0,2.5,0.5,0,0,1,0,1,1,0,1,0,3.533705226759397,3.4747329084955085,2.812841275668864,2.220823572195475,1.8113353610719147
27.391304347826,1.4024547598531425,1.359414373805448,1.1184573811655107,1.0569090365110112,10,10,10,10,0,2.5,0.5,0,1,0,0,1,1,0,1,0,2.9036861019773763,3.3478917860160124,2.8566012691128524,2.2978684025620497,1.8277453279863758
27.491638795986535,1.3355622138155243,1.4087504816609908,1.1581316243927438,1.1105864374095873,10,10,10,10,0,2.5,0.5,0,1,0,0,1,1,0,1,0,2.288100395150762,3.159795735000999,2.8635517631481484,2.355092337383477,1.845121317841265
27.59197324414707,1.2316723590133472,1.4611031609484837,1.177425076222129,1.1584003732211154,10,10,10,10,0,2.5,0.5,0,1,0,0,1,1,0,1,0,1.7458559366666846,2.9221439477575735,2.8351153737248227,2.3930899164880666,1.8626036483489017
27.692307692307605,1.1041860352058335,1.5146009232776114,1.175551651553597,1.1987891834797093,10,10,10,10,0,2.5,0.5,0,1,0,0,1,1,0,1,0,1.3075460278975193,2.6498329680560846,2.773264055432677,2.412536720001377,1.8795297194809484
27.79264214046814,0.9665151846350925,1.5674996147287314,1.153064578845696,1.2303555672100077,10,10,10,10,0,2.5,0.5,0,0,1,0,0,0,0,1,0,0.9755231154115077,2.358978851833693,2.6807000793591707,2.41414061448289,1.8954049659332062
27.892976588628674,0.8297486519777055,1.6181706417883053,1.1117979913200107,1.2519382376744819,10,10,10,10,0,2.5,0.5,0,0,1,0,0,0,0,1,0,0.7349998923122826,2.0648629016222917,2.5608736391396896,2.398651144527178,1.9098681308581145
27.99331103678921,0.7017071635392795,1.6650948115231923,1.0546355342968272,1.2626785964140392,10,10,10,10,0,2.5,0.5,0,0,1,0,0,0,0,1,0,0.5657046008504384,1.7805480322356348,2.417919387218652,2.366887133129288,1.9226580779062523
28.093645484949743,0.5870471971460366,1.7068624626229858,0.9851849039051253,1.2620766714590568,10,10,10,10,0,2.5,0.5,0,0,0,0,0,0,0,1,0,0.4488697957864393,1.5162325989386065,2.2565769729564624,2.319773994587612,1.9335850008005024
28.193979933110278,0.4878675548063938,1.7421805792734912,0.9074233827042696,1.2500347984162985,10,10,10,10,0,2.5,0.5,0,0,0,0,0,0,0,1,0,0.3698243369921448,1.2791050701504854,2.0821065088111332,2.258391888373859,1.9425069900458134
28.294314381270812,0.40443760570254234,1.7698872704198965,0.8253545725886955,1.2268859513736916,10,10,10,10,0,2.5,0.5,0,0,0,0,0,0,0,1,0,0.31817472286673587,1.0734932767063419,1.9001693272882587,2.1840330908191654,1.9493118595405983
28.394648829431347,0.33586635078132293,1.7889737926479805,0.7427059861432246,1.1934011534396922,10,10,10,10,0,2.5,0.5,0,0,0,0,0,0,0,1,0,0.2871302700971087,0.901220276172077,1.7166463330315822,2.0982614802029245,1.9539037519717741
28.49498327759188,0.28065111224630807,1.798613342937334,0.662693480849149,1.150769693357326,10,10,10,10,0,2.5,0.5,0,0,0,0,0,0,0,1,0,0.2727655322636374,0.7621520990292172,1.5373918739834926,2.0029635451921757,1.9561938814804494
28.595317725752416,0.2370988430303603,1.7981948363948765,0.5878766395220992,1.1005486324907994,10,10,10,10,0,2.5,0.5,0,0,0,0,0,0,0,1,0,0.27353342922452306,0.6549321690545216,1.3679640526090653,1.9003806511629453,1.9560948531409788
28.69565217391295,0.20363470110368698,1.787359201266027,0.5201208398370348,1.0445851699911641,10,10,10,10,0,2.5,0.5,0,0,0,0,0,0,0,1,0,0.2901446000257588,0.5778692556481564,1.2134092743817002,1.7931192709682506,1.9535182758754552
28.795986622073485,0.17902544702762216,1.7660359355211568,0.4606687834676728,0.9849240072434025,10,10,10,10,0,2.5,0.5,0,0,1,0,0,0,0,1,0,0.3258962393813652,0.5299261820775,1.0782006841880007,1.6841470710923632,1.9483759147833117
28.89632107023402,0.1625603036331087,1.7344791569870806,0.41030989798632433,0.9237203627921411,10,10,10,10,0,2.5,0.5,0,0,1,0,0,0,0,1,0,0.38758121954429253,0.5117925430398672,0.9664220263907953,1.5767989916239922,1.9405855180652165
28.996655518394554,0.15424661416672367,1.6933054665364236,0.3696293001995053,0.8631838809120795,10,10,10,10,0,2.5,0.5,0,0,1,0,0,0,0,1,0,0.48716189277474525,0.5270819846262059,0.8822615599170663,1.4748330062652883,1.9300839444977322
29.09698996655509,0.1550883902294866,1.6435400752201286,0.339318864156644,0.805578175056091,10,10,10,10,0,2.5,0.5,0,0,1,0,0,0,0,1,0,0.6442867106495429,0.5836736749112459,0.8308241649251082,1.3825857086050195,1.9168525168013792
29.197324414715624,0.16750599750730544,1.5866817584142505,0.3205275705746314,0.7532906724524896,10,10,10,10,0,2.5,0.5,0,0,1,0,0,0,0,1,0,0.8889664003338853,0.694880045788628,0.8191143879425886,1.3052632313390296,1.9009627989703985
29.29765886287616,0.19586079299514936,1.5247960104725706,0.31518210511357997,0.7089541856928679,10,10,10,10,0,2.5,0.5,0,0,1,0,0,0,0,1,0,1.2611947466433935,0.8790244945307687,0.8566185427460745,1.2493079523502113,1.882653860668038
29.397993311036693,0.2467193572704664,1.4606272233430397,0.32606833597066304,0.6755234172905747,10,10,10,10,0,2.5,0.5,0,0,1,0,0,0,0,1,0,1.7991772074300991,1.1540380869988567,0.9540589493407274,1.2225113413063178,1.8624489218972275
29.498327759197227,0.32785456111487904,1.3976642898857716,0.35626221778669726,0.6560807329778141,10,10,10,10,0,2.5,0.5,0,0,1,0,0,0,0,1,0,2.505940594087697,1.523659883757598,1.1183286184178345,1.2330691402897807,1.8412955038136682
29.598662207357762,0.44475708930969515,1.3400063475859276,0.4076253344335962,0.6531294938071897,10,10,10,10,0,2.5,0.5,0,0,1,0,0,0,0,1,0,3.3062199322915506,1.9608911084837288,1.3441649238236926,1.2867047962338756,1.8206545175020787
29.698996655518297,0.5955733095155329,1.291859876873457,0.47904778804420006,0.6675298435689428,10,10,10,10,0,2.5,0.5,0,0,1,0,0,0,0,1,0,4.050359450231915,2.408939890250507,1.6097336254768408,1.3825751484096063,1.802400809274733
29.79933110367883,0.7690204130096239,1.2567231885299786,0.5660726554329475,0.6978878980725018,10,10,10,10,0,2.5,0.5,0,0,1,0,0,0,0,1,0,4.59499216369297,2.8084785603874662,1.8838449952587504,1.5113436160560407,1.7884479420767498
29.899665551839366,0.9480091184641806,1.2366608410131303,0.6623933421724756,0.7410450552089782,10,10,10,10,0,2.5,0.5,0,0,1,0,0,0,0,1,0,4.876097861589685,3.124155996354616,2.1393697117050463,1.6580310622104701,1.7802279118179591
29.9999999999999,1.11512021730041,1.2320774067726363,0.7617189360180632,0.793225525710799,10,10,10,10,0,2.5,0.5,0,0,0,0,1,1,0,1,0,4.901125485947112,3.346646714628524,2.36041855276893,1.8074555063066091,1.7783232463443344