Time,A,test
0,1,0
0.033444816053511704,1,0.03408540306669072
0.06688963210702341,1,0.06816650212549903
0.1003344481605351,1,0.10223899316854251
0.13377926421404682,1,0.13629857218793875
0.16722408026755853,1,0.1703409351758053
0.20066889632107024,1,0.20436177812425987
0.23411371237458195,1,0.2383567970254199
0.26755852842809363,1,0.27232168787140304
0.3010033444816053,1,0.3062521466543269
0.334448160535117,1,0.34014386936630897
0.3678929765886287,1,0.37399255199946685
0.40133779264214037,1,0.40779389054591825
0.43478260869565205,1,0.44154358099778074
0.46822742474916373,1,0.47523731934717184
0.5016722408026755,1,0.5088708015862091
0.5351170568561872,1,0.5424397237070102
0.5685618729096988,1,0.5759397817016927
0.6020066889632105,1,0.6093666715623741
0.6354515050167222,1,0.6427160892811721
0.6688963210702339,1,0.6759837308502042
0.7023411371237456,1,0.709165292261588
0.7357859531772573,1,0.7422564695074413
0.7692307692307689,1,0.7752529585798813
0.8026755852842806,1,0.8081504554710259
0.8361204013377923,1,0.8409446561729925
0.869565217391304,1,0.8736312566778989
0.9030100334448157,1,0.9062059529778624
0.9364548494983274,1,0.9386644410650007
0.969899665551839,1,0.9710024169314315
1.0033444816053507,1,1.003215558812743
1.0367892976588624,1,1.035280410279953
1.070234113712374,1,1.0671167895734441
1.1036789297658858,1,1.098633987510558
1.1371237458193975,1,1.129741294908637
1.1705685618729091,1,1.1603480025850228
1.2040133779264208,1,1.1903634013570583
1.2374581939799325,1,1.219696782042085
1.2709030100334442,1,1.2482574354574452
1.3043478260869559,1,1.275954652420481
1.3377926421404676,1,1.3026977237485349
1.3712374581939792,1,1.3283959402589485
1.404682274247491,1,1.3529585927690642
1.4381270903010026,1,1.376294972096224
1.4715719063545143,1,1.3983143690577704
1.505016722408026,1,1.4189260744710452
1.5384615384615377,1,1.4380393791533905
1.5719063545150493,1,1.4555635739221486
1.605351170568561,1,1.4714079495946615
1.6387959866220727,1,1.4854817969882714
1.6722408026755844,1,1.4976944069203206
1.705685618729096,1,1.507955070208151
1.7391304347826078,1,1.5161730776691047
1.7725752508361194,1,1.522257720120524
1.8060200668896311,1,1.526118288379751
1.8394648829431428,1,1.5276640732641278
1.8729096989966545,1,1.5268043655909964
1.9063545150501662,1,1.5234484561776993
1.9397993311036779,1,1.517505635841578
1.9732441471571895,1,1.5088851953999756
2.0066889632107014,1,1.4974967368579712
2.040133779264213,1,1.4833158340211459
2.073578595317725,1,1.4664652524952495
2.1070234113712365,1,1.4470876739012786
2.140468227424748,1,1.425325779860229
2.17391304347826,1,1.4013222519930968
2.2073578595317715,1,1.3752197719208779
2.2408026755852832,1,1.3471610212645682
2.274247491638795,1,1.3172886816451637
2.3076923076923066,1,1.2857454346836605
2.3411371237458183,1,1.2526739620010547
2.37458193979933,1,1.218216945218342
2.4080267558528416,1,1.1825170659565185
2.4414715719063533,1,1.1457170058365802
2.474916387959865,1,1.107959446479523
2.5083612040133767,1,1.0693870695063432
2.5418060200668884,1,1.0301425565380362
2.5752508361204,1,0.9903685891955988
2.6086956521739117,1,0.9502078491000262
2.6421404682274234,1,0.9098030178723149
2.675585284280935,1,0.8692967771334605
2.709030100334447,1,0.8288318085044594
2.7424749163879585,1,0.7885507936063073
2.77591973244147,1,0.7485964140600002
2.809364548494982,1,0.7091113514865341
2.8428093645484935,1,0.6702382875069052
2.876254180602005,1,0.6321199037421092
2.909698996655517,1,0.5948988818131423
2.9431438127090286,1,0.5587179033410004
2.9765886287625403,1,0.5237196499466794
3.010033444816052,1,0.4900450384766723
3.0434782608695636,1,0.457780373387032
3.0769230769230753,1,0.4269113941738749
3.110367892976587,1,0.39741533661965645
3.1438127090300987,1,0.36926943650683186
3.1772575250836104,1,0.34245092961785667
3.210702341137122,1,0.31693705173518605
3.2441471571906337,1,0.2927050386412755
3.2775919732441454,1,0.2697321261185802
3.311036789297657,1,0.24799554994955575
3.344481605351169,1,0.22747254591665728
3.3779264214046805,1,0.20814034980234025
3.411371237458192,1,0.18997619738905996
3.444816053511704,1,0.1729573244592718
3.4782608695652155,1,0.15706096679543108
3.511705685618727,1,0.14226436017999322
3.545150501672239,1,0.12854474039541358
3.5785953177257506,1,0.11587934322414745
3.6120401337792623,1,0.10424540444865016
3.645484949832774,1,0.09362015985137706
3.6789297658862856,1,0.0839808452147836
3.7123745819397973,1,0.07530469632132514
3.745819397993309,1,0.06756894895345689
3.7792642140468207,1,0.06075083889363425
3.8127090301003324,1,0.054827601924312686
3.846153846153844,1,0.04977647382794742
3.8795986622073557,1,0.04557469038699391
3.9130434782608674,1,0.04219948738390755
3.946488294314379,1,0.03962810060114341
3.9799331103678908,1,0.03783776582115711
4.013377926421403,1,0.03680571882640388
4.046822742474915,1,0.03650919539933922
4.080267558528427,1,0.03692543132241827
4.113712374581939,1,0.03803166237809652
4.147157190635451,1,0.03980512434882949
4.1806020066889635,1,0.042223053017072076
4.214046822742476,1,0.045262684165280176
4.247491638795988,1,0.048901253575908576
4.2809364548495,1,0.05311599703141312
4.314381270903012,1,0.05788415031424893
4.347826086956524,1,0.0631829492068714
4.381270903010036,1,0.06898962949173587
4.414715719063548,1,0.07528142695129758
4.4481605351170606,1,0.08203557736801215
4.481605351170573,1,0.0892293165243348
4.515050167224085,1,0.09683988020272066
4.548494983277597,1,0.10484450418562552
4.581939799331109,1,0.11322042425550427
4.615384615384621,1,0.1219448761948127
4.648829431438133,1,0.13099509578600577
4.6822742474916454,1,0.14034831881153903
4.715719063545158,1,0.14998178105386778
4.74916387959867,1,0.15987271829544747
4.782608695652182,1,0.16999836631873355
4.816053511705694,1,0.18033596090618081
4.849498327759206,1,0.1908627378402452
4.882943143812718,1,0.20155593290338192
4.91638795986623,1,0.21239278187804622
4.9498327759197425,1,0.22335052054669358
4.983277591973255,1,0.23440638469177882
5.016722408026767,1,0.24553761009575842
5.050167224080279,1,0.2567214325410866
5.083612040133791,1,0.2679350878102194
5.117056856187303,1,0.27915581168561177
5.150501672240815,1,0.2903608399497194
5.183946488294327,1,0.3015274083849973
5.2173913043478395,1,0.3126327527739008
5.250836120401352,1,0.32365410889888613
5.284280936454864,1,0.3345687125424072
5.317725752508376,1,0.34535379948692047
5.351170568561888,1,0.3559866055148809
5.3846153846154,1,0.36644436640874367
5.418060200668912,1,0.3767043179509651
5.451505016722424,1,0.38674369592399876
5.4849498327759365,1,0.3965397361103016
5.518394648829449,1,0.4060696742923284
5.551839464882961,1,0.4153107462525345
5.585284280936473,1,0.4242401877733753
5.618729096989985,1,0.43283523463730583
5.652173913043497,1,0.4410731226267817
5.685618729097009,1,0.44893108752425837
5.719063545150521,1,0.45638636511219144
5.7525083612040335,1,0.4634161911730356
5.785953177257546,1,0.46999780148924686
5.819397993311058,1,0.47610843184327994
5.85284280936457,1,0.48172531801759055
5.886287625418082,1,0.4868256957946337
5.919732441471594,1,0.4913868009568653
5.953177257525106,1,0.4953858692867405
5.986622073578618,1,0.49880013656671457
6.0200668896321305,1,0.5016122327658358
6.053511705685643,1,0.5038309531740043
6.086956521739155,1,0.5055011887893492
6.120401337792667,1,0.5066655545647013
6.153846153846179,1,0.5073666654528907
6.187290969899691,1,0.507647136406748
6.220735785953203,1,0.5075495823791034
6.254180602006715,1,0.5071166183227878
6.287625418060228,1,0.5063908591906311
6.32107023411374,1,0.5054149199354641
6.354515050167252,1,0.5042314155101171
6.387959866220764,1,0.5028829608674205
6.421404682274276,1,0.5014121709602047
6.454849498327788,1,0.4998616607413003
6.4882943143813,1,0.4982740451635376
6.5217391304348125,1,0.4966919391797471
6.555183946488325,1,0.49515795774275917
6.588628762541837,1,0.49371471580540427
6.622073578595349,1,0.49240482832051286
6.655518394648861,1,0.49127091024091535
6.688963210702373,1,0.49035557651944217
6.722408026755885,1,0.4897014421089237
6.755852842809397,1,0.48935112196219044
6.7892976588629095,1,0.48934723103207284
6.822742474916422,1,0.48973238427140126
6.856187290969934,1,0.49054919663300617
6.889632107023446,1,0.491840283069718
6.923076923076958,1,0.4936482585343672
6.95652173913047,1,0.49601573797978415
6.989966555183982,1,0.4989853363587994
7.023411371237494,1,0.5025959753455024
7.0568561872910065,1,0.5068484486255824
7.090301003344519,1,0.5117210564174124
7.123745819398031,1,0.5171918082147994
7.157190635451543,1,0.5232387135115505
7.190635451505055,1,0.529839781801473
7.224080267558567,1,0.5369730225783738
7.257525083612079,1,0.5446164453360602
7.290969899665591,1,0.5527480595683394
7.3244147157191035,1,0.5613458747690185
7.357859531772616,1,0.5703879004319046
7.391304347826128,1,0.5798521460508049
7.42474916387964,1,0.5897166211195266
7.458193979933152,1,0.5999593351318767
7.491638795986664,1,0.6105582975816624
7.525083612040176,1,0.621491517962691
7.558528428093688,1,0.6327370057687693
7.5919732441472005,1,0.6442727704937048
7.625418060200713,1,0.6560768216313045
7.658862876254225,1,0.6681271686753756
7.692307692307737,1,0.6804018211197252
7.725752508361249,1,0.6928787884581604
7.759197324414761,1,0.7055360801844884
7.792642140468273,1,0.7183517057925165
7.826086956521785,1,0.7313036747760515
7.859531772575298,1,0.7443699966289008
7.89297658862881,1,0.7575286808448716
7.926421404682322,1,0.7707577369177708
7.959866220735834,1,0.7840351743414058
7.993311036789346,1,0.7973390026095836
8.026755852842857,1,1
8.06020066889637,1,1
8.093645484949882,1,1
8.127090301003394,1,1
8.160535117056906,1,1
8.193979933110418,1,1
8.22742474916393,1,1
8.260869565217442,1,1
8.294314381270954,1,1
8.327759197324466,1,1
8.361204013377979,1,1
8.39464882943149,1,1
8.428093645485003,1,1
8.461538461538515,1,1
8.494983277592027,1,1
8.52842809364554,1,1
8.561872909699051,1,1
8.595317725752563,1,1
8.628762541806076,1,1
8.662207357859588,1,1
8.6956521739131,1,1
8.729096989966612,1,1
8.762541806020124,1,1
8.795986622073636,1,1
8.829431438127148,1,1
8.86287625418066,1,1
8.896321070234173,1,1
8.929765886287685,1,1
8.963210702341197,1,1
8.996655518394709,1,1
9.030100334448221,1,1
9.063545150501733,1,1
9.096989966555245,1,1
9.130434782608758,1,1
9.16387959866227,1,1
9.197324414715782,1,1
9.230769230769294,1,1
9.264214046822806,1,1
9.297658862876318,1,1
9.33110367892983,1,1
9.364548494983342,1,1
9.397993311036855,1,1
9.431438127090367,1,1
9.464882943143879,1,1
9.498327759197391,1,1
9.531772575250903,1,1
9.565217391304415,1,1
9.598662207357927,1,1
9.63210702341144,1,1
9.665551839464952,1,1
9.698996655518464,1,1
9.732441471571976,1,1
9.765886287625488,1,1
9.799331103679,1,1
9.832775919732512,1,1
9.866220735786024,1,1
9.899665551839536,1,1
9.933110367893049,1,1
9.96655518394656,1,1
10.000000000000073,1,1