Time,S1,S2,Xo,k1,k2,k3,J0,J1,J2
0,0,0,5,0.1,0.4,0.9,0.5,0,0
0.10033444816053512,0.049173857187692814,0.0009640336012015559,5,0.1,0.4,0.9,0.5,0.019669542875077127,0.0008676302410814003
0.20066889632107024,0.09641326016129648,0.0036939519540336143,5,0.1,0.4,0.9,0.5,0.038565304064518593,0.003324556758630253
0.3010033444816054,0.1417943083188952,0.007964530837228367,5,0.1,0.4,0.9,0.5,0.05671772332755808,0.007168077753505531
0.4013377926421405,0.1853901079719642,0.013572872998552097,5,0.1,0.4,0.9,0.5,0.07415604318878569,0.012215585698696888
0.5016722408026756,0.22727088870369377,0.020336339177501907,5,0.1,0.4,0.9,0.5,0.09090835548147752,0.018302705259751716
0.6020066889632107,0.26750412222531517,0.028090631950840626,5,0.1,0.4,0.9,0.5,0.10700164889012607,0.025281568755756566
0.7023411371237459,0.3061546164370282,0.036688324057199594,5,0.1,0.4,0.9,0.5,0.12246184657481128,0.03301949165147963
0.8026755852842811,0.34328462984284,0.04599715127455392,5,0.1,0.4,0.9,0.5,0.137313851937136,0.04139743614709853
0.9030100334448162,0.3789539831428214,0.05589843737269023,5,0.1,0.4,0.9,0.5,0.15158159325712858,0.05030859363542121
1.0033444816053514,0.4132201392155834,0.06628607556745521,5,0.1,0.4,0.9,0.5,0.1652880556862334,0.05965746801070969
1.1036789297658864,0.44613829767688357,0.07706532489011719,5,0.1,0.4,0.9,0.5,0.17845531907075343,0.06935879240110547
1.2040133779264215,0.4777614855533586,0.08815171152455062,5,0.1,0.4,0.9,0.5,0.19110459422134346,0.07933654037209556
1.3043478260869565,0.5081406441133908,0.09947003993093463,5,0.1,0.4,0.9,0.5,0.20325625764535632,0.08952303593784117
1.4046822742474916,0.5373247114648447,0.11095351769780155,5,0.1,0.4,0.9,0.5,0.2149298845859379,0.0998581659280214
1.5050167224080266,0.5653606971172532,0.12254304347293266,5,0.1,0.4,0.9,0.5,0.2261442788469013,0.1102887391256394
1.6053511705685617,0.592293774266297,0.1341861146343076,5,0.1,0.4,0.9,0.5,0.23691750970651881,0.12076750317087684
1.7056856187290967,0.6181673308826825,0.14583662218345797,5,0.1,0.4,0.9,0.5,0.247266932353073,0.1312529599651122
1.8060200668896318,0.6430230491335773,0.1574540468443171,5,0.1,0.4,0.9,0.5,0.25720921965343096,0.1417086421598854
1.9063545150501668,0.6669009680508579,0.16900300383825648,5,0.1,0.4,0.9,0.5,0.2667603872203432,0.15210270345443083
2.006688963210702,0.689839550806821,0.180452691624656,5,0.1,0.4,0.9,0.5,0.2759358203227284,0.1624074224621904
2.107023411371237,0.7118757490914822,0.1917763783530148,5,0.1,0.4,0.9,0.5,0.2847502996365929,0.17259874051771334
2.207357859531772,0.7330450518176523,0.20295119268095174,5,0.1,0.4,0.9,0.5,0.29321802072706094,0.18265607341285658
2.307692307692307,0.7533815708690764,0.21395722607869444,5,0.1,0.4,0.9,0.5,0.3013526283476306,0.192561503470825
2.408026755852842,0.7729180730899933,0.2247776218852196,5,0.1,0.4,0.9,0.5,0.3091672292359973,0.20229985969669764
2.508361204013377,0.7916860336446176,0.23539826834548316,5,0.1,0.4,0.9,0.5,0.3166744134578471,0.21185844151093486
2.608695652173912,0.8097156847507371,0.2458075344089926,5,0.1,0.4,0.9,0.5,0.32388627390029484,0.22122678096809337
2.7090301003344472,0.8270360685564212,0.25599596011033027,5,0.1,0.4,0.9,0.5,0.3308144274225685,0.23039636409929726
2.8093645484949823,0.8436750837089304,0.26595600466608943,5,0.1,0.4,0.9,0.5,0.3374700334835722,0.2393604041994805
2.9096989966555173,0.8596595324293628,0.2756817994303607,5,0.1,0.4,0.9,0.5,0.3438638129717451,0.24811361948732463
3.0100334448160524,0.8750151659821349,0.2851689402947786,5,0.1,0.4,0.9,0.5,0.350006066392854,0.25665204626530075
3.1103678929765874,0.8897667227951853,0.29441435816456557,5,0.1,0.4,0.9,0.5,0.35590668911807416,0.26497292234810904
3.2107023411371225,0.9039379662634276,0.303416206936164,5,0.1,0.4,0.9,0.5,0.36157518650537107,0.2730745862425476
3.3110367892976575,0.9175517281428289,0.3121736576984384,5,0.1,0.4,0.9,0.5,0.3670206912571316,0.28095629192859456
3.4113712374581926,0.9306299378111843,0.32068687196517176,5,0.1,0.4,0.9,0.5,0.3722519751244737,0.2886181847686546
3.5117056856187276,0.9431936625482311,0.3289568090685198,5,0.1,0.4,0.9,0.5,0.3772774650192925,0.29606112816166785
3.6120401337792627,0.9552631394414421,0.3369851547101091,5,0.1,0.4,0.9,0.5,0.3821052557765769,0.3032866392390982
3.7123745819397977,0.9668578030449274,0.3447742462703738,5,0.1,0.4,0.9,0.5,0.386743121217971,0.31029682164333644
3.812709030100333,0.9779963394526052,0.3523268333334046,5,0.1,0.4,0.9,0.5,0.39119853578104213,0.31709415000006413
3.913043478260868,0.9886966864058578,0.3596462238692339,5,0.1,0.4,0.9,0.5,0.39547867456234315,0.3236816014823105
4.013377926421403,0.9989760580728039,0.3667362526271618,5,0.1,0.4,0.9,0.5,0.3995904232291216,0.33006262736444564
4.113712374581938,1.0088510552169048,0.37360059627701137,5,0.1,0.4,0.9,0.5,0.40354042208676194,0.33624053664931025
4.214046822742474,1.018337602418371,0.38024340133127393,5,0.1,0.4,0.9,0.5,0.4073350409673484,0.34221906119814655
4.314381270903009,1.0274509628568638,0.3866693211621401,5,0.1,0.4,0.9,0.5,0.41098038514274554,0.34800238904592606
4.414715719063545,1.0362058331269168,0.392882940546719,5,0.1,0.4,0.9,0.5,0.4144823332507668,0.35359464649204714
4.51505016722408,1.0446163044417272,0.39888918494719,5,0.1,0.4,0.9,0.5,0.4178465217766909,0.359000266452471
4.615384615384616,1.0526959165333665,0.4046930947186558,5,0.1,0.4,0.9,0.5,0.42107836661334663,0.3642237852467902
4.715719063545151,1.0604576847644442,0.41029968588127463,5,0.1,0.4,0.9,0.5,0.4241830739057777,0.36926971729314717
4.816053511705687,1.0679141062429307,0.4157141099750687,5,0.1,0.4,0.9,0.5,0.4271656424971723,0.3741426989775618
4.916387959866222,1.075077190949792,0.42094147799871984,5,0.1,0.4,0.9,0.5,0.4300308763799168,0.37884733019884786
5.016722408026758,1.0819584844978496,0.4259868721655433,5,0.1,0.4,0.9,0.5,0.4327833937991399,0.383388184948989
5.117056856187293,1.088569045097764,0.43085556764346317,5,0.1,0.4,0.9,0.5,0.4354276180391057,0.38777001087911683
5.217391304347829,1.0949195426542795,0.43555252001097206,5,0.1,0.4,0.9,0.5,0.43796781706171184,0.39199726800987483
5.317725752508364,1.1010202362576802,0.4400826043387157,5,0.1,0.4,0.9,0.5,0.4404080945030721,0.39607434390484414
5.4180602006689,1.1068808800473868,0.444451230269047,5,0.1,0.4,0.9,0.5,0.44275235201895474,0.4000061072421423
5.518394648829435,1.1125109685643126,0.4486630382347909,5,0.1,0.4,0.9,0.5,0.44500438742572507,0.40379673441131186
5.618729096989971,1.1179196137111946,0.4527226835958647,5,0.1,0.4,0.9,0.5,0.44716784548447785,0.40745041523627823
5.719063545150506,1.12311545026528,0.4566353279645376,5,0.1,0.4,0.9,0.5,0.44924618010611206,0.41097179516808385
5.819397993311042,1.1281068896851023,0.46040548922988245,5,0.1,0.4,0.9,0.5,0.45124275587404095,0.4143649403068942
5.919732441471577,1.1329020060296966,0.464037656244672,5,0.1,0.4,0.9,0.5,0.45316080241187867,0.41763389062020484
6.020066889632113,1.1375084846579784,0.4675364845711279,5,0.1,0.4,0.9,0.5,0.4550033938631914,0.4207828361140151
6.120401337792648,1.141933749440087,0.4709063990200019,5,0.1,0.4,0.9,0.5,0.4567734997760348,0.42381575911800173
6.220735785953184,1.1461849489048583,0.47415168377582745,5,0.1,0.4,0.9,0.5,0.45847397956194336,0.4267365153982447
6.321070234113719,1.1502689169380813,0.4772765777457155,5,0.1,0.4,0.9,0.5,0.46010756677523257,0.42954891997114397
6.421404682274255,1.1541922231627766,0.480285212464149,5,0.1,0.4,0.9,0.5,0.46167688926511063,0.43225669121773413
6.52173913043479,1.1579611982432632,0.48318159736819366,5,0.1,0.4,0.9,0.5,0.4631844792973053,0.4348634376313743
6.622073578595326,1.1615819070667508,0.48596963488727085,5,0.1,0.4,0.9,0.5,0.46463276282670035,0.4373726713985438
6.722408026755861,1.165060172429104,0.4886531099998241,5,0.1,0.4,0.9,0.5,0.46602406897164167,0.43978779899984166
6.822742474916397,1.1684016096035739,0.4912356861460629,5,0.1,0.4,0.9,0.5,0.46736064384142956,0.4421121175314566
6.923076923076932,1.1716115867070802,0.49372095646162834,5,0.1,0.4,0.9,0.5,0.46864463468283213,0.4443488608154655
7.023411371237468,1.1746952368370664,0.49611245101402307,5,0.1,0.4,0.9,0.5,0.4698780947348266,0.44650120591262077
7.123745819398003,1.177657554814511,0.4984134660521071,5,0.1,0.4,0.9,0.5,0.4710630219258044,0.4485721194468964
7.224080267558539,1.180503334206866,0.5006272057524565,5,0.1,0.4,0.9,0.5,0.4722013336827464,0.4505644851772108
7.324414715719074,1.1832371996815705,0.5027567374487458,5,0.1,0.4,0.9,0.5,0.4732948798726282,0.45248106370387126
7.42474916387961,1.1858634411138398,0.5048053193059134,5,0.1,0.4,0.9,0.5,0.4743453764455359,0.4543247873753221
7.525083612040145,1.188386284008994,0.5067759121273087,5,0.1,0.4,0.9,0.5,0.47535451360359765,0.4560983209145778
7.625418060200681,1.1908098687517854,0.508671235627873,5,0.1,0.4,0.9,0.5,0.47632394750071416,0.4578041120650857
7.725752508361216,1.1931381485497585,0.5104939767418162,5,0.1,0.4,0.9,0.5,0.47725525941990343,0.4594445790676346
7.826086956521752,1.1953749477594668,0.5122466980294763,5,0.1,0.4,0.9,0.5,0.47814997910378676,0.4610220282265287
7.926421404682287,1.1975235803227284,0.5139323946068763,5,0.1,0.4,0.9,0.5,0.4790094321290914,0.4625391551461887
8.026755852842822,1.1995876742880403,0.5155533306876812,5,0.1,0.4,0.9,0.5,0.4798350697152161,0.4639979976189131
8.127090301003356,1.201570593384965,0.5171118773210459,5,0.1,0.4,0.9,0.5,0.480628237353986,0.4654006895889413
8.227424749163891,1.2034755779832647,0.5186103239825277,5,0.1,0.4,0.9,0.5,0.4813902311933059,0.466749291584275
8.327759197324426,1.205305703760307,0.5200509141093739,5,0.1,0.4,0.9,0.5,0.48212228150412284,0.4680458226984365
8.42809364548496,1.2070637328571001,0.5214359705463869,5,0.1,0.4,0.9,0.5,0.48282549314284007,0.46929237349174824
8.528428093645495,1.2087526223537843,0.5227674998184902,5,0.1,0.4,0.9,0.5,0.48350104894151374,0.47049074983664124
8.62876254180603,1.2103751079144434,0.5240475296800157,5,0.1,0.4,0.9,0.5,0.48415004316577737,0.4716427767120141
8.729096989966564,1.2119338252932075,0.5252780202062908,5,0.1,0.4,0.9,0.5,0.484773530117283,0.4727502181856617
8.829431438127099,1.2134312477191642,0.5264608469120953,5,0.1,0.4,0.9,0.5,0.4853724990876657,0.47381476222088575
8.929765886287633,1.2148697335337635,0.5275978151177405,5,0.1,0.4,0.9,0.5,0.4859478934135054,0.4748380336059665
9.030100334448168,1.2162516448703478,0.5286906944498209,5,0.1,0.4,0.9,0.5,0.4865006579481391,0.47582162500483877
9.130434782608702,1.2175792126567964,0.5297411814451777,5,0.1,0.4,0.9,0.5,0.48703168506271854,0.47676706330065993
9.230769230769237,1.2188545852784014,0.5307509142076173,5,0.1,0.4,0.9,0.5,0.4875418341113606,0.4776758227868556
9.331103678929772,1.2200797702795116,0.5317214139230222,5,0.1,0.4,0.9,0.5,0.4880319081118047,0.47854927253072
9.431438127090306,1.2212567440879571,0.5326541876708226,5,0.1,0.4,0.9,0.5,0.4885026976351829,0.4793887689037404
9.53177257525084,1.2223874189307986,0.5335506941438222,5,0.1,0.4,0.9,0.5,0.4889549675723195,0.48019562472943994
9.632107023411375,1.2234736253613476,0.5344123243543318,5,0.1,0.4,0.9,0.5,0.48938945014453905,0.48097109191889864
9.73244147157191,1.2245171267914285,0.5352404155177982,5,0.1,0.4,0.9,0.5,0.48980685071657143,0.4817163739660184
9.832775919732445,1.2255195284561053,0.5360362611696977,5,0.1,0.4,0.9,0.5,0.4902078113824422,0.48243263505272793
9.93311036789298,1.2264824910763596,0.5368010944509286,5,0.1,0.4,0.9,0.5,0.4905929964305439,0.4831209850058358
10.033444816053514,1.2274075753301574,0.5375361039039753,5,0.1,0.4,0.9,0.5,0.490963030132063,0.4837824935135778
10.133779264214049,1.228296286973793,0.5382424315999397,5,0.1,0.4,0.9,0.5,0.4913185147895172,0.4844181884399457
10.234113712374583,1.2291500541887765,0.5389211825228312,5,0.1,0.4,0.9,0.5,0.49166002167551065,0.48502906427054804
10.334448160535118,1.2299701931072116,0.53957343736432,5,0.1,0.4,0.9,0.5,0.4919880772428846,0.485616093627888
10.434782608695652,1.230758069912609,0.5402002086071969,5,0.1,0.4,0.9,0.5,0.49230322796504367,0.4861801877464772
10.535117056856187,1.2315149633100848,0.5408024830511674,5,0.1,0.4,0.9,0.5,0.49260598532403393,0.4867222347460507
10.635451505016722,1.2322421066860074,0.5413812124988988,5,0.1,0.4,0.9,0.5,0.492896842674403,0.48724309124900894
10.735785953177256,1.2329406467073971,0.5419373031232961,5,0.1,0.4,0.9,0.5,0.4931762586829589,0.48774357281096653
10.83612040133779,1.2336116877772054,0.5424716292702242,5,0.1,0.4,0.9,0.5,0.4934446751108822,0.48822446634320177
10.936454849498325,1.2342563364193688,0.5429850472412433,5,0.1,0.4,0.9,0.5,0.49370253456774754,0.48868654251711896
11.03678929765886,1.2348756368246592,0.5434783780996129,5,0.1,0.4,0.9,0.5,0.4939502547298637,0.4891305402896516
11.137123745819395,1.2354705952795606,0.5439524157732983,5,0.1,0.4,0.9,0.5,0.4941882381118243,0.4895571741959685
11.23745819397993,1.2360421373727917,0.5444078762206211,5,0.1,0.4,0.9,0.5,0.4944168549491167,0.48996708859855903
11.337792642140464,1.2365911917465289,0.5448454941959353,5,0.1,0.4,0.9,0.5,0.49463647669861155,0.4903609447763418
11.438127090300998,1.237118650886453,0.5452659765950526,5,0.1,0.4,0.9,0.5,0.49484746035458116,0.49073937893554737
11.538461538461533,1.2376253683828966,0.5456699983400665,5,0.1,0.4,0.9,0.5,0.49505014735315866,0.4911029985060598
11.638795986622068,1.2381121641835042,0.5460582076439164,5,0.1,0.4,0.9,0.5,0.4952448656734017,0.4914523868795248
11.739130434782602,1.2385797927824775,0.546431188700014,5,0.1,0.4,0.9,0.5,0.49543191711299106,0.49178806983001255
11.839464882943137,1.2390290249517362,0.5467895544058727,5,0.1,0.4,0.9,0.5,0.4956116099806945,0.4921105989652855
11.939799331103671,1.239460587186309,0.5471338761338006,5,0.1,0.4,0.9,0.5,0.4957842348745236,0.49242048852042053
12.040133779264206,1.2398751797758853,0.5474647035482902,5,0.1,0.4,0.9,0.5,0.4959500719103542,0.49271823319346125
12.14046822742474,1.240273466691122,0.5477825617365363,5,0.1,0.4,0.9,0.5,0.49610938667644877,0.49300430556288266
12.240802675585275,1.2406560703818192,0.5480879499723823,5,0.1,0.4,0.9,0.5,0.4962624281527277,0.4932791549751441
12.34113712374581,1.241023622634773,0.5483813591227783,5,0.1,0.4,0.9,0.5,0.49640944905390927,0.4935432232105005
12.441471571906344,1.2413767194569905,0.5486632571381037,5,0.1,0.4,0.9,0.5,0.4965506877827962,0.4937969314242934
12.541806020066879,1.241715935801006,0.5489340944428373,5,0.1,0.4,0.9,0.5,0.4966863743204024,0.4940406849985535
12.642140468227414,1.2420418046636028,0.5491943001024762,5,0.1,0.4,0.9,0.5,0.4968167218654411,0.49427487009222854
12.742474916387948,1.2423548453045312,0.5494442885489037,5,0.1,0.4,0.9,0.5,0.49694193812181253,0.49449985969401333
12.842809364548483,1.2426555728186417,0.549684462297633,5,0.1,0.4,0.9,0.5,0.4970622291274567,0.49471601606786975
12.943143812709017,1.2429444752435397,0.5499152076867434,5,0.1,0.4,0.9,0.5,0.4971777900974159,0.4949236869180691
13.043478260869552,1.2432220233243236,0.5501368976355241,5,0.1,0.4,0.9,0.5,0.49728880932972946,0.49512320787197167
13.143812709030087,1.2434886436960175,0.5503498733346552,5,0.1,0.4,0.9,0.5,0.497395457478407,0.4953148860011897
13.244147157190621,1.24374477403299,0.5505544822722822,5,0.1,0.4,0.9,0.5,0.49749790961319607,0.495499034045054
13.344481605351156,1.2439908307342968,0.5507510561460454,5,0.1,0.4,0.9,0.5,0.49759633229371875,0.4956759505314408
13.44481605351169,1.2442272127809169,0.5509399136360471,5,0.1,0.4,0.9,0.5,0.49769088511236675,0.4958459222724424
13.545150501672225,1.2444543023104853,0.5511213596980153,5,0.1,0.4,0.9,0.5,0.49778172092419415,0.4960092237282138
13.64548494983276,1.2446724500417983,0.5512956683150396,5,0.1,0.4,0.9,0.5,0.4978689800167193,0.4961661014835357
13.745819397993294,1.2448820166410444,0.5514631302364644,5,0.1,0.4,0.9,0.5,0.4979528066564178,0.496316817212818
13.846153846153829,1.245083340977444,0.5516240157846611,5,0.1,0.4,0.9,0.5,0.49803333639097763,0.49646161420619506
13.946488294314364,1.2452767495775001,0.5517785855219695,5,0.1,0.4,0.9,0.5,0.4981106998310001,0.49660072696977253
14.046822742474898,1.245462551259297,0.5519270850177479,5,0.1,0.4,0.9,0.5,0.4981850205037188,0.49673437651597313
14.147157190635433,1.2456410380826195,0.5520697455976336,5,0.1,0.4,0.9,0.5,0.4982564152330478,0.4968627710378702
14.247491638795967,1.2458125036846983,0.5522068015601009,5,0.1,0.4,0.9,0.5,0.49832500147387937,0.4969861214040909
14.347826086956502,1.2459772257655728,0.5523384734362958,5,0.1,0.4,0.9,0.5,0.49839089030622913,0.49710462609266626
14.448160535117037,1.2461354721023647,0.552464973535956,5,0.1,0.4,0.9,0.5,0.49845418884094594,0.4972184761823604
14.548494983277571,1.2462874909301445,0.5525865014248436,5,0.1,0.4,0.9,0.5,0.4985149963720578,0.49732785128235923
14.648829431438106,1.2464335261806243,0.5527032514754097,5,0.1,0.4,0.9,0.5,0.49857341047224973,0.49743292632786873
14.74916387959864,1.2465738170848457,0.5528154128231859,5,0.1,0.4,0.9,0.5,0.4986295268339383,0.4975338715408673
14.849498327759175,1.246708591281313,0.5529231661688274,5,0.1,0.4,0.9,0.5,0.4986834365125252,0.4976308495519447
14.94983277591971,1.2468380683840627,0.5530266856604554,5,0.1,0.4,0.9,0.5,0.49873522735362513,0.4977240170944099
15.050167224080244,1.2469624463854514,0.5531261322581746,5,0.1,0.4,0.9,0.5,0.4987849785541806,0.4978135190323572
15.150501672240779,1.2470819310950982,0.5532216685512998,5,0.1,0.4,0.9,0.5,0.4988327724380393,0.49789950169616987
15.250836120401313,1.247196716350661,0.5533134490362714,5,0.1,0.4,0.9,0.5,0.4988786865402644,0.4979821041326443
15.351170568561848,1.2473069885294463,0.5534016225080789,5,0.1,0.4,0.9,0.5,0.49892279541177853,0.498061460257271
15.451505016722383,1.2474129255249615,0.5534863310233802,5,0.1,0.4,0.9,0.5,0.49896517020998465,0.4981376979210422
15.551839464882917,1.247514690850272,0.55356770489257,5,0.1,0.4,0.9,0.5,0.4990058763401088,0.49821093440331304
15.652173913043452,1.2476124531415071,0.553645879197027,5,0.1,0.4,0.9,0.5,0.4990449812566029,0.49828129127732435
15.752508361203986,1.2477063706222766,0.5537209806127277,5,0.1,0.4,0.9,0.5,0.4990825482489107,0.49834888255145493
15.852842809364521,1.2477965957814157,0.5537931313635078,5,0.1,0.4,0.9,0.5,0.4991186383125663,0.4984138182271571
15.953177257525056,1.2478832721252704,0.5538624457214335,5,0.1,0.4,0.9,0.5,0.49915330885010817,0.49847620114929014
16.05351170568559,1.2479665362952137,0.5539290321491601,5,0.1,0.4,0.9,0.5,0.4991866145180855,0.4985361289342441
16.153846153846125,1.2480465252403012,0.5539930007581911,5,0.1,0.4,0.9,0.5,0.4992186100961205,0.498593700682372
16.25418060200666,1.2481233684865611,0.5540544550950082,5,0.1,0.4,0.9,0.5,0.49924934739462445,0.49864900958550734
16.354515050167194,1.2481971909051375,0.5541134949676191,5,0.1,0.4,0.9,0.5,0.49927887636205504,0.49870214547085717
16.45484949832773,1.2482681079214928,0.5541702124406643,5,0.1,0.4,0.9,0.5,0.49930724316859715,0.4987531911965979
16.555183946488263,1.2483362339813668,0.5542246988612028,5,0.1,0.4,0.9,0.5,0.4993344935925468,0.4988022289750826
16.655518394648798,1.2484016803340698,0.5542770429956669,5,0.1,0.4,0.9,0.5,0.49936067213362795,0.49884933869610026
16.755852842809333,1.248464553109794,0.5543273294114648,5,0.1,0.4,0.9,0.5,0.4993858212439176,0.4988945964703183
16.856187290969867,1.248524954542016,0.554375639507649,5,0.1,0.4,0.9,0.5,0.49940998181680646,0.49893807555688413
16.9565217391304,1.2485829709505247,0.5544220443555267,5,0.1,0.4,0.9,0.5,0.4994331883802099,0.498979839919974
17.056856187290936,1.2486387016604876,0.5544666220634119,5,0.1,0.4,0.9,0.5,0.4994554806641951,0.4990199598570707
17.15719063545147,1.248692236885008,0.5545094445662043,5,0.1,0.4,0.9,0.5,0.4994768947540032,0.4990585001095839
17.257525083612006,1.2487436639267053,0.5545505813804489,5,0.1,0.4,0.9,0.5,0.49949746557068214,0.499095523242404
17.35785953177254,1.2487930674522638,0.5545900998086067,5,0.1,0.4,0.9,0.5,0.49951722698090556,0.49913108982774607
17.458193979933075,1.2488405297669798,0.5546280651433236,5,0.1,0.4,0.9,0.5,0.4995362119067919,0.4991652586289913
17.55852842809361,1.2488861310893118,0.5546645408716996,5,0.1,0.4,0.9,0.5,0.4995544524357247,0.49919808678452965
17.658862876254144,1.248929930655111,0.5546995764029246,5,0.1,0.4,0.9,0.5,0.4995719722620444,0.4992296187626321
17.75919732441468,1.2489719868055185,0.5547332201676868,5,0.1,0.4,0.9,0.5,0.4995887947222074,0.4992598981509181
17.859531772575213,1.2490123838190912,0.5547655371069314,5,0.1,0.4,0.9,0.5,0.4996049535276365,0.4992889833962383
17.959866220735748,1.2490511890364138,0.5547965807928215,5,0.1,0.4,0.9,0.5,0.4996204756145655,0.49931692271353934
18.060200668896282,1.2490884681954404,0.5548264034350352,5,0.1,0.4,0.9,0.5,0.4996353872781762,0.49934376309153167
18.160535117056817,1.2491242856690505,0.55485505606096,5,0.1,0.4,0.9,0.5,0.4996497142676202,0.499369550454864
18.26086956521735,1.249158704702606,0.5548825886958862,5,0.1,0.4,0.9,0.5,0.4996634818810424,0.4993943298262976
18.361204013377886,1.249191787651507,0.5549090505432013,5,0.1,0.4,0.9,0.5,0.49967671506060285,0.49941814548888114
18.46153846153842,1.249223531070005,0.55493444423086,5,0.1,0.4,0.9,0.5,0.499689412428002,0.499440999807774
18.561872909698955,1.2492540216045696,0.554958835738144,5,0.1,0.4,0.9,0.5,0.49970160864182783,0.49946295216432957
18.66220735785949,1.2492833123775149,0.5549822672514998,5,0.1,0.4,0.9,0.5,0.49971332495100595,0.4994840405263498
18.762541806020025,1.2493114531180776,0.5550047784214347,5,0.1,0.4,0.9,0.5,0.49972458124723107,0.49950430057929124
18.86287625418056,1.2493384923889428,0.5550264079450536,5,0.1,0.4,0.9,0.5,0.4997353969555771,0.4995237671505483
18.963210702341094,1.2493644777449007,0.5550471936906222,5,0.1,0.4,0.9,0.5,0.4997457910979603,0.49954247432155996
19.06354515050163,1.2493894558915017,0.5550671728221311,5,0.1,0.4,0.9,0.5,0.49975578235660073,0.499560455539918
19.163879598662163,1.249413452605292,0.5550863666284116,5,0.1,0.4,0.9,0.5,0.4997653810421168,0.4995777299655704
19.264214046822698,1.2494364875495882,0.5551047917250069,5,0.1,0.4,0.9,0.5,0.49977459501983534,0.49959431255250625
19.364548494983232,1.2494586185479586,0.5551224935190895,5,0.1,0.4,0.9,0.5,0.49978344741918346,0.49961024416718053
19.464882943143767,1.2494798820594974,0.5551395012275351,5,0.1,0.4,0.9,0.5,0.499791952823799,0.4996255511047816
19.5652173913043,1.249500313354695,0.5551558431297539,5,0.1,0.4,0.9,0.5,0.499800125341878,0.4996402588167785
19.665551839464836,1.249519946609322,0.5551715466433064,5,0.1,0.4,0.9,0.5,0.49980797864372883,0.49965439197897576
19.76588628762537,1.2495388149983204,0.5551866383995179,5,0.1,0.4,0.9,0.5,0.4998155259993282,0.4996679745595661
19.866220735785905,1.2495569507896886,0.5552011443190928,5,0.1,0.4,0.9,0.5,0.49982278031587546,0.49968102988718355
19.96655518394644,1.2495743651055287,0.5552150727976216,5,0.1,0.4,0.9,0.5,0.4998297460422115,0.4996935655178595
20.066889632106975,1.2495910949335562,0.5552284537547805,5,0.1,0.4,0.9,0.5,0.49983643797342253,0.49970560837930245
20.16722408026751,1.2496071686766996,0.5552413100146565,5,0.1,0.4,0.9,0.5,0.49984286747067985,0.49971717901319085
20.267558528428044,1.2496226121092198,0.5552536622510084,5,0.1,0.4,0.9,0.5,0.4998490448436879,0.4997282960259075
20.36789297658858,1.249637450074076,0.5552655303948603,5,0.1,0.4,0.9,0.5,0.49985498002963036,0.49973897735537426
20.468227424749113,1.2496517065493198,0.5552769336872784,5,0.1,0.4,0.9,0.5,0.49986068261972794,0.49974924031855056
20.568561872909648,1.2496654047144895,0.5552878907321469,5,0.1,0.4,0.9,0.5,0.4998661618857958,0.4997591016589322
20.668896321070182,1.249678564730987,0.5552984175342515,5,0.1,0.4,0.9,0.5,0.4998714258923948,0.49976857578082634
20.769230769230717,1.2496912044571995,0.5553085281237863,5,0.1,0.4,0.9,0.5,0.4998764817828798,0.49977767531140765
20.86956521739125,1.2497033469623682,0.5553182411726785,5,0.1,0.4,0.9,0.5,0.4998813387849473,0.49978641705541066
20.969899665551786,1.2497150117959055,0.5553275722943963,5,0.1,0.4,0.9,0.5,0.4998860047183622,0.4997948150649567
21.07023411371232,1.2497262178923916,0.5553365365984197,5,0.1,0.4,0.9,0.5,0.49989048715695666,0.4998028829385778
21.170568561872855,1.249736983629461,0.5553451487355189,5,0.1,0.4,0.9,0.5,0.4998947934517844,0.499810633861967
21.27090301003339,1.2497473268856896,0.5553534229430338,5,0.1,0.4,0.9,0.5,0.4998989307542758,0.49981808064873046
21.371237458193924,1.2497572650984838,0.5553613730901541,5,0.1,0.4,0.9,0.5,0.4999029060393936,0.4998252357811387
21.47157190635446,1.2497668075176158,0.5553690069887807,5,0.1,0.4,0.9,0.5,0.49990672300704636,0.4998321062899026
21.571906354514994,1.2497759725344577,0.555376339129305,5,0.1,0.4,0.9,0.5,0.4999103890137831,0.49983870521637447
21.672240802675528,1.249784776288757,0.5553833823119334,5,0.1,0.4,0.9,0.5,0.4999139105155028,0.4998450440807401
21.772575250836063,1.2497932334659516,0.5553901482352768,5,0.1,0.4,0.9,0.5,0.4999172933863807,0.4998511334117491
21.872909698996597,1.2498013583956948,0.5553966483062619,5,0.1,0.4,0.9,0.5,0.49992054335827796,0.49985698347563573
21.973244147157132,1.2498091650983483,0.5554028936770379,5,0.1,0.4,0.9,0.5,0.49992366603933935,0.4998626043093341
22.073578595317667,1.2498166673314723,0.5554088952818816,5,0.1,0.4,0.9,0.5,0.49992666693258897,0.4998680057536935
22.1739130434782,1.2498238750056203,0.5554146611478167,5,0.1,0.4,0.9,0.5,0.49992955000224815,0.499873195033035
22.274247491638736,1.2498307931178931,0.5554201955958167,5,0.1,0.4,0.9,0.5,0.49993231724715725,0.499878176036235
22.37458193979927,1.2498374388719293,0.5554255120981837,5,0.1,0.4,0.9,0.5,0.49993497554877175,0.4998829608883653
22.474916387959805,1.249843823378348,0.5554306195394252,5,0.1,0.4,0.9,0.5,0.4999375293513392,0.4998875575854827
22.57525083612034,1.2498499574385062,0.555435526561267,5,0.1,0.4,0.9,0.5,0.49993998297540254,0.49989197390514034
22.675585284280874,1.2498558515749394,0.5554402415875066,5,0.1,0.4,0.9,0.5,0.4999423406299758,0.49989621742875595
22.77591973244141,1.2498615160618023,0.555444772848867,5,0.1,0.4,0.9,0.5,0.49994460642472094,0.49990029556398025
22.876254180601943,1.2498669609553092,0.5554491284078501,5,0.1,0.4,0.9,0.5,0.4999467843821237,0.4999042155670651
22.976588628762478,1.2498721887454418,0.555453310183771,5,0.1,0.4,0.9,0.5,0.49994887549817674,0.49990797916539387
23.076923076923013,1.2498772099236242,0.5554573266112971,5,0.1,0.4,0.9,0.5,0.4999508839694497,0.4999115939501674
23.177257525083547,1.2498820341292824,0.5554611854416112,5,0.1,0.4,0.9,0.5,0.499952813651713,0.4999150668974501
23.277591973244082,1.2498866692565673,0.5554648930161695,5,0.1,0.4,0.9,0.5,0.499954667702627,0.4999184037145526
23.377926421404617,1.2498911229253113,0.5554684554628719,5,0.1,0.4,0.9,0.5,0.49995644917012455,0.49992160991658474
23.47826086956515,1.2498954024997837,0.5554718787114135,5,0.1,0.4,0.9,0.5,0.4999581609999135,0.49992469084027213
23.578595317725686,1.2498995151074461,0.555475168508637,5,0.1,0.4,0.9,0.5,0.49995980604297846,0.4999276516577733
23.67892976588622,1.249903466869304,0.555478329707498,5,0.1,0.4,0.9,0.5,0.49996138674772167,0.4999304967367482
23.779264214046755,1.2499072620204936,0.5554813654549022,5,0.1,0.4,0.9,0.5,0.4999629048081975,0.499933228909412
23.87959866220729,1.2499109082429716,0.5554842821029811,5,0.1,0.4,0.9,0.5,0.49996436329718863,0.49993585389268297
23.979933110367824,1.2499144113608853,0.5554870843198115,5,0.1,0.4,0.9,0.5,0.49996576454435415,0.4999383758878304
24.08026755852836,1.2499177769814678,0.5554897765993055,5,0.1,0.4,0.9,0.5,0.49996711079258715,0.499940798939375
24.180602006688893,1.2499210105095282,0.5554923632726327,5,0.1,0.4,0.9,0.5,0.4999684042038113,0.49994312694536946
24.280936454849428,1.2499241171619424,0.5554948485196425,5,0.1,0.4,0.9,0.5,0.49996964686477696,0.4999453636676782
24.381270903009963,1.2499271019821432,0.5554972363802861,5,0.1,0.4,0.9,0.5,0.4999708407928573,0.4999475127422575
24.481605351170497,1.2499299679038909,0.5554995291580563,5,0.1,0.4,0.9,0.5,0.4999719871615564,0.4999495762422507
24.581939799331032,1.2499327198710932,0.5555017308154426,5,0.1,0.4,0.9,0.5,0.4999730879484373,0.4999515577338984
24.682274247491566,1.2499353628187406,0.55550384530909,5,0.1,0.4,0.9,0.5,0.4999741451274963,0.49995346077818104
24.7826086956521,1.249937901010742,0.5555058760434523,5,0.1,0.4,0.9,0.5,0.49997516040429685,0.499955288439107
24.882943143812636,1.249940338600508,0.5555078263323601,5,0.1,0.4,0.9,0.5,0.4999761354402032,0.4999570436991241
24.98327759197317,1.2499426796464106,0.5555096994112435,5,0.1,0.4,0.9,0.5,0.49997707185856427,0.49995872947011916
25.083612040133705,1.2499449281272437,0.5555114984493522,5,0.1,0.4,0.9,0.5,0.4999779712508975,0.499960348604417
25.18394648829424,1.2499470879576813,0.5555132265619771,5,0.1,0.4,0.9,0.5,0.4999788351830725,0.4999619039057794
25.284280936454774,1.2499491630037372,0.555514886822671,5,0.1,0.4,0.9,0.5,0.4999796652014949,0.4999633981404039
25.38461538461531,1.2499511570982251,0.5555164822754709,5,0.1,0.4,0.9,0.5,0.4999804628392901,0.4999648340479238
25.484949832775843,1.2499530740562175,0.5555180159471178,5,0.1,0.4,0.9,0.5,0.49998122962248703,0.499966214352406
25.585284280936378,1.2499549176905056,0.5555194908592788,5,0.1,0.4,0.9,0.5,0.49998196707620224,0.4999675417733509
25.685618729096912,1.2499566816332086,0.5555209022206222,5,0.1,0.4,0.9,0.5,0.49998267265328344,0.49996881199856
25.785953177257447,1.2499583702300674,0.555522253456101,5,0.1,0.4,0.9,0.5,0.499983348092027,0.49997002811049085
25.88628762541798,1.249959990659811,0.5555235501617375,5,0.1,0.4,0.9,0.5,0.49998399626392437,0.49997119514556376
25.986622073578516,1.249961545844424,0.5555247946661422,5,0.1,0.4,0.9,0.5,0.49998461833776964,0.499972315199528
26.08695652173905,1.2499630386986689,0.5555259892908695,5,0.1,0.4,0.9,0.5,0.49998521547946756,0.49997339036178257
26.187290969899585,1.2499644721433618,0.5555271363609624,5,0.1,0.4,0.9,0.5,0.49998578885734474,0.4999744227248662
26.28762541806012,1.2499658491186456,0.555528238215498,5,0.1,0.4,0.9,0.5,0.49998633964745826,0.4999754143939482
26.387959866220655,1.249967172597266,0.5555292972181325,5,0.1,0.4,0.9,0.5,0.49998686903890643,0.49997636749631924
26.48829431438119,1.2499684455978455,0.5555303157676466,5,0.1,0.4,0.9,0.5,0.4999873782391382,0.4999772841908819
26.588628762541724,1.249969671198158,0.5555312963084899,5,0.1,0.4,0.9,0.5,0.49998786847926324,0.4999781666776409
26.68896321070226,1.2499708525484041,0.5555322413413271,5,0.1,0.4,0.9,0.5,0.4999883410193617,0.49997901720719434
26.789297658862793,1.2499719928844855,0.5555331534335821,5,0.1,0.4,0.9,0.5,0.4999887971537942,0.4999798380902239
26.889632107023328,1.2499730796801596,0.5555340228009936,5,0.1,0.4,0.9,0.5,0.49998923187206384,0.49998062052089426
26.989966555183862,1.2499741139910578,0.555534850302131,5,0.1,0.4,0.9,0.5,0.49998964559642317,0.49998136527191794
27.090301003344397,1.2499751068116138,0.5555356445837777,5,0.1,0.4,0.9,0.5,0.49999004272464553,0.4999820801253999
27.19063545150493,1.249976060102888,0.5555364072142168,5,0.1,0.4,0.9,0.5,0.49999042404115523,0.49998276649279516
27.290969899665466,1.2499769758274346,0.5555371397632195,5,0.1,0.4,0.9,0.5,0.4999907903309739,0.4999834257868976
27.391304347826,1.249977855957126,0.5555378438083197,5,0.1,0.4,0.9,0.5,0.4999911423828504,0.49998405942748775
27.491638795986535,1.2499787024809783,0.5555385209410891,5,0.1,0.4,0.9,0.5,0.4999914809923913,0.49998466884698023
27.59197324414707,1.2499795174129773,0.5555391727734122,5,0.1,0.4,0.9,0.5,0.49999180696519097,0.49998525549607103
27.692307692307605,1.2499803027999028,0.5555398009437611,5,0.1,0.4,0.9,0.5,0.49999212111996116,0.499985820849385
27.79264214046814,1.2499810607291553,0.5555404071234703,5,0.1,0.4,0.9,0.5,0.49999242429166213,0.49998636641112326
27.892976588628674,1.249981793336579,0.5555409930230117,5,0.1,0.4,0.9,0.5,0.4999927173346317,0.4999868937207106
27.99331103678921,1.24998250281429,0.5555415603982702,5,0.1,0.4,0.9,0.5,0.499993001125716,0.4999874043584432
28.093645484949743,1.249983180372029,0.5555421022222579,5,0.1,0.4,0.9,0.5,0.4999932721488116,0.4999878920000321
28.193979933110278,1.2499838236929923,0.5555426166456598,5,0.1,0.4,0.9,0.5,0.49999352947719694,0.4999883549810939
28.294314381270812,1.249984442330506,0.5555431113129133,5,0.1,0.4,0.9,0.5,0.4999937769322024,0.499988800181622
28.394648829431347,1.2499850373928154,0.5555435871148665,5,0.1,0.4,0.9,0.5,0.4999940149571262,0.4999892284033799
28.49498327759188,1.2499856099626994,0.5555440449224923,5,0.1,0.4,0.9,0.5,0.49999424398507974,0.4999896404302431
28.595317725752416,1.249986161100763,0.5555444855895387,5,0.1,0.4,0.9,0.5,0.4999944644403052,0.49999003703058487
28.69565217391295,1.249986691848731,0.5555449099551791,5,0.1,0.4,0.9,0.5,0.49999467673949244,0.49999041895966123
28.795986622073485,1.2499872032327406,0.5555453188466623,5,0.1,0.4,0.9,0.5,0.49999488129309627,0.49999078696199606
28.89632107023402,1.2499876962666352,0.555545713081963,5,0.1,0.4,0.9,0.5,0.4999950785066541,0.4999911417737667
28.996655518394554,1.2499881719552575,0.5555460934724323,5,0.1,0.4,0.9,0.5,0.499995268782103,0.4999914841251891
29.09698996655509,1.2499886312977422,0.5555464608254479,5,0.1,0.4,0.9,0.5,0.4999954525190969,0.4999918147429031
29.197324414715624,1.2499890752908098,0.555546815947064,5,0.1,0.4,0.9,0.5,0.499995630116324,0.4999921343523576
29.29765886287616,1.2499895017228573,0.5555471570074851,5,0.1,0.4,0.9,0.5,0.49999580068914296,0.49999244130673665
29.397993311036693,1.249989909099431,0.5555474827667857,5,0.1,0.4,0.9,0.5,0.49999596363977244,0.4999927344901071
29.498327759197227,1.2499903012569897,0.5555477963662363,5,0.1,0.4,0.9,0.5,0.4999961205027959,0.49999301672961266
29.598662207357762,1.249990678745972,0.5555480982472425,5,0.1,0.4,0.9,0.5,0.4999962714983888,0.4999932884225183
29.698996655518297,1.2499910420898162,0.555548388829403,5,0.1,0.4,0.9,0.5,0.4999964168359265,0.4999935499464628
29.79933110367883,1.2499913917867085,0.555548668511892,5,0.1,0.4,0.9,0.5,0.4999965567146834,0.4999938016607028
29.899665551839366,1.2499917283113335,0.5555489376748404,5,0.1,0.4,0.9,0.5,0.49999669132453345,0.49999404390735636
29.9999999999999,1.2499920521166241,0.5555491966807182,5,0.1,0.4,0.9,0.5,0.49999682084664965,0.4999942770126464