Time,Y,X,S,k1,k2,k3,k4,_J0,_J1,_J2,_J3
0,0,3,1,8,1,1,1.5,0,9,0,4.5
0.10033444816053512,0.44491640076970707,2.3219451132364695,1,8,1,1,1.5,3.5593312061576565,5.391429108882721,1.0330714625659798,3.482917669854704
0.20066889632107024,0.5409892754505928,2.181511224013669,1,8,1,1,1.5,4.327914203604743,4.758991220497616,1.1801741764664906,3.2722668360205036
0.3010033444816054,0.5653380495323677,2.156599213639277,1,8,1,1,1.5,4.522704396258941,4.650920168269548,1.2192075930618667,3.2348988204589153
0.4013377926421405,0.5740975108406365,2.1576791665957247,1,8,1,1,1.5,4.592780086725092,4.655579385961221,1.2387182387353046,3.236518749893587
0.5016722408026756,0.5795859277653331,2.16494440173205,1,8,1,1,1.5,4.636687422122665,4.686984262590944,1.2547713096382342,3.247416602598075
0.6020066889632107,0.5845623095087685,2.173994690948889,1,8,1,1,1.5,4.676498476070148,4.726252916273956,1.2708353574008842,3.2609920364233336
0.7023411371237459,0.5896574995713989,2.1838704498016344,1,8,1,1,1.5,4.717259996571191,4.769290141516793,1.2877355888178978,3.2758056747024513
0.8026755852842811,0.5950268935000792,2.194383718383494,1,8,1,1,1.5,4.760215148000634,4.815319903506571,1.3057173270968832,3.2915755775752413
0.9030100334448162,0.6007230817787789,2.2055165260161043,1,8,1,1,1.5,4.805784654230231,4.864303146530145,1.3249046844224204,3.308274789024156
1.0033444816053514,0.6067761965274128,2.2172914236345203,1,8,1,1,1.5,4.854209572219302,4.916381257323198,1.3453996566258064,3.32593713545178
1.1036789297658864,0.6132098203904145,2.22974611792021,1,8,1,1,1.5,4.905678563123316,4.9717677503802475,1.367302216486076,3.344619176880315
1.2040133779264215,0.6200494879085893,2.242920042658888,1,8,1,1,1.5,4.960395903268714,5.030690317760947,1.3907214238705545,3.3643800639883317
1.3043478260869565,0.6273248106520234,2.256851288031184,1,8,1,1,1.5,5.018598485216187,5.093377736288014,1.4157788069339377,3.385276932046776
1.4046822742474916,0.635065409598938,2.2715834486964153,1,8,1,1,1.5,5.080523276791504,5.1600913643915,1.442604073284557,3.407375173044623
1.5050167224080266,0.6433029245175328,2.2871627547485596,1,8,1,1,1.5,5.146423396140262,5.2311134667090196,1.4713384889773249,3.4307441321228396
1.6053511705685617,0.652071914867398,2.303636988267113,1,8,1,1,1.5,5.216575318939184,5.306743373712375,1.502136982098702,3.4554554824006694
1.7056856187290967,0.6614095184760966,2.3210569165069916,1,8,1,1,1.5,5.291276147808773,5.387305209664944,1.535169137502503,3.4815853747604875
1.8060200668896318,0.6713554979340056,2.339474805382221,1,8,1,1,1.5,5.370843983472045,5.47314236501818,1.5706192728714419,3.5092122080733317
1.9063545150501668,0.6819528023790971,2.3589474725637123,1,8,1,1,1.5,5.4556224190327764,5.564633178314726,1.6086908395799118,3.5384212088455684
2.006688963210702,0.6932469043846293,2.379531466412832,1,8,1,1,1.5,5.545975235077035,5.662169999648802,1.6496028229765134,3.569297199619248
2.107023411371237,0.7052872230630154,2.401288710717168,1,8,1,1,1.5,5.642297784504123,5.766187472217719,1.6935982465542798,3.601933066075752
2.207357859531772,0.7181261605914185,2.4242816268146687,1,8,1,1,1.5,5.745009284731348,5.877141406111177,1.7409400568567361,3.6364224402220033
2.307692307692307,0.731820646471752,2.44857608599737,1,8,1,1,1.5,5.854565171774016,5.995524848918201,1.7919185341898678,3.6728641289960553
2.408026755852842,0.746431694452972,2.474240268511384,1,8,1,1,1.5,5.971453555623776,6.121864906323284,1.8468513561087285,3.7113604027670757
2.508361204013377,0.7620243547600217,2.5013449326157864,1,8,1,1,1.5,6.096194838080174,6.256726471922673,1.9060857583087947,3.7520173989236794
2.608695652173912,0.778668292628484,2.5299636241571193,1,8,1,1,1.5,6.229346341027872,6.400715939558226,1.9700024556345956,3.794945436235679
2.7090301003344472,0.7964380315488832,2.5601714963918605,1,8,1,1,1.5,6.371504252391065,6.554478090937338,2.039017947013892,3.8402572445877907
2.8093645484949823,0.8154130288358824,2.5920453795700658,1,8,1,1,1.5,6.523304230687059,6.718699249750526,2.113587573835282,3.8880680693550986
2.9096989966555173,0.8356778279513324,2.6256636283954133,1,8,1,1,1.5,6.685422623610659,6.894109489478567,2.1942088779082933,3.93849544259312
3.0100334448160524,0.8573221662767494,2.6611047697278543,1,8,1,1,1.5,6.858577330213995,7.081478595468337,2.2814241058724742,3.991657154591781
3.1103678929765874,0.88044117751808,2.6984479698273773,1,8,1,1,1.5,7.04352942014464,7.281621445865494,2.3758247080260886,4.047671954741066
3.2107023411371225,0.9051351907407592,2.7377711881311897,1,8,1,1,1.5,7.241081525926074,7.495391078561266,2.478053046573679,4.106656782196785
3.3110367892976575,0.9315099470633308,2.779151550772238,1,8,1,1,1.5,7.452079576506646,7.723683342159736,2.5888073139408214,4.168727326158358
3.4113712374581926,0.9596756342071462,2.8226630791199723,1,8,1,1,1.5,7.6774050736571695,7.967426858227043,2.7088409806075555,4.233994618679958
3.5117056856187276,0.9897477213867566,2.8683771282583668,1,8,1,1,1.5,7.917981771094053,8.227587349915716,2.838969726771607,4.30256569238755
3.6120401337792627,1.0218446127303884,2.9163588291954943,1,8,1,1,1.5,8.174756901843107,8.505148820626514,2.980065558402119,4.374538243793241
3.7123745819397977,1.0560892618895672,2.966668460921143,1,8,1,1,1.5,8.448714095116538,8.801121757024223,3.1330667051652683,4.450002691381714
3.812709030100333,1.0926050295286964,3.019356032934574,1,8,1,1,1.5,8.740840236229571,9.116510853618408,3.298963587522128,4.529034049401861
3.913043478260868,1.1315183248735947,3.074463615017657,1,8,1,1,1.5,9.052146598988758,9.45232652006744,3.4788119195495955,4.611695422526486
4.013377926421403,1.1729521524591202,3.1320186984684266,1,8,1,1,1.5,9.383617219672962,9.809541127555857,3.673708073910753,4.69802804770264
4.113712374581938,1.2170300777038958,3.192036709555756,1,8,1,1,1.5,9.736240621631167,10.189098355151536,3.8848046846643296,4.7880550643336335
4.214046822742474,1.2638678959788046,3.2545161304580184,1,8,1,1,1.5,10.110943167830436,10.591875243411433,4.1132784542310565,4.8817741956870275
4.314381270903009,1.313574907356173,3.3194361628270364,1,8,1,1,1.5,10.508599258849385,11.018656439083879,4.360328050060255,4.979154244240554
4.414715719063545,1.366250136436701,3.3867515417152076,1,8,1,1,1.5,10.930001091493608,11.470086005310336,4.62714975594561,5.080127312572811
4.51505016722408,1.4219769188074922,3.4563965598997077,1,8,1,1,1.5,11.375815350459938,11.946677179286533,4.914916130423002,5.184594839849561
4.615384615384616,1.480821304255836,3.5282792667829046,1,8,1,1,1.5,11.846570434046688,12.44875458441011,5.224751105616286,5.292418900174357
4.715719063545151,1.542826660995328,3.6022822556042353,1,8,1,1,1.5,12.342613287962624,12.976437449041137,5.557697104376602,5.403423383406353
4.816053511705687,1.6080110178944853,3.6782593140261346,1,8,1,1,1.5,12.864088143155882,13.52959158122001,5.914681503627036,5.5173889710392015
4.916387959866222,1.676362619367925,3.7560353022073234,1,8,1,1,1.5,13.4109009549434,14.10780119142766,6.296477177646665,5.634052953310985
5.016722408026758,1.7478353609166979,3.835406673661309,1,8,1,1,1.5,13.982682887333583,14.710344352365706,6.703659407721125,5.753110010491963
5.117056856187293,1.8223463600050254,3.9161421296811953,1,8,1,1,1.5,14.578770880040203,15.336169179863969,7.1365673552868545,5.8742131945217935
5.217391304347829,1.8997720727677319,3.9979835218859314,1,8,1,1,1.5,15.198176582141855,15.983872241271436,7.595257442264472,5.996975282828897
5.317725752508364,1.9799472420895534,4.080650459171656,1,8,1,1,1.5,15.839577936716427,16.651708169937844,8.079472622568389,6.1209756887574835
5.4180602006689,2.0626635704615968,4.163842020616,1,8,1,1,1.5,16.501308563692774,17.337580372647537,8.588605249081828,6.245763030924
5.518394648829435,2.147669440416443,4.2472413442106784,1,8,1,1,1.5,17.181355523331543,18.03905903597253,9.121670441034528,6.370862016316018
5.618729096989971,2.2346734383612334,4.3305215880451575,1,8,1,1,1.5,17.877387506889868,18.753417224525155,9.677301567054421,6.495782382067736
5.719063545150506,2.323345433943325,4.413349886166023,1,8,1,1,1.5,18.5867634715466,19.477657217721653,10.253736306418125,6.620024829249035
5.819397993311042,2.4133219594467117,4.495394153288327,1,8,1,1,1.5,19.306575675573693,20.208568593418875,10.848833426499077,6.7430912299324905
5.919732441471577,2.5042133453542577,4.576329250137945,1,8,1,1,1.5,20.03370676283406,20.94278940566813,11.460104780930486,6.864493875206918
6.020066889632113,2.595608030798919,4.655842015101749,1,8,1,1,1.5,20.76486424639135,21.676864869586716,12.084740924529122,6.9837630226526235
6.120401337792648,2.687082680610513,4.733637781335726,1,8,1,1,1.5,21.496661444884104,22.40732664488901,12.719676098510803,7.100456672003588
6.220735785953184,2.7782102835318607,4.809444378216882,1,8,1,1,1.5,22.225682268254886,23.13075522716197,13.361647829636636,7.214166567325323
6.321070234113719,2.868567269109677,4.883017165665743,1,8,1,1,1.5,22.948538152877415,23.843856640186306,14.007263215929456,7.324525748498615
6.421404682274255,2.95774389115171,4.954141745017255,1,8,1,1,1.5,23.66195112921368,24.543520429722612,14.653082482224459,7.431212617525882
6.52173913043479,3.045350510214368,5.0226356444301175,1,8,1,1,1.5,24.362804081714945,25.22686881669994,15.29568602238613,7.533953466645176
6.622073578595326,3.1310255567427245,5.088351495751164,1,8,1,1,1.5,25.048204453941796,25.891320944313108,15.931758574886963,7.632527243626746
6.722408026755861,3.2144409241383487,5.151175315260722,1,8,1,1,1.5,25.71552739310679,26.534607128551396,16.558148740785324,7.726762972891082
6.822742474916397,3.2953055122684902,5.211026336091318,1,8,1,1,1.5,26.362444098147922,27.154795475437304,17.171923809897994,7.816539504136976
6.923076923076932,3.373371073086934,5.267857337472657,1,8,1,1,1.5,26.98696858469547,27.750320927964513,17.770437559379015,7.901786006208986
7.023411371237468,3.448430981544422,5.32165018031606,1,8,1,1,1.5,27.587447852355375,28.319960641657953,18.35134335474336,7.98247527047409
7.123745819398003,3.5203213833192737,5.3724144099237705,1,8,1,1,1.5,28.16257106655419,28.862836591956576,18.912625327307246,8.058621614885656
7.224080267558539,3.588922927205325,5.420185488762376,1,8,1,1,1.5,28.7113834176426,29.37841073259024,19.452627970324894,8.130278233143564
7.324414715719074,3.6541551792409575,5.465021071893101,1,8,1,1,1.5,29.23324143392766,29.866455316235623,19.970035054519144,8.197531607839652
7.42474916387961,3.7159778793748064,5.50699197530384,1,8,1,1,1.5,29.72782303499845,30.326960616060887,20.46386036212364,8.260487962955759
7.525083612040145,3.7743862750985264,5.5461853758235895,1,8,1,1,1.5,30.19509020078821,30.76017222299945,20.93344596166072,8.319278063735384
7.625418060200681,3.829399679258885,5.582712476912476,1,8,1,1,1.5,30.63519743407108,31.166678599874228,21.378437368483212,8.374068715368713
7.725752508361216,3.881073183211518,5.616680723508606,1,8,1,1,1.5,31.048585465692145,31.547102349833153,21.798748934670318,8.425021085262909
7.826086956521752,3.9294853585942016,5.64820474523964,1,8,1,1,1.5,31.435882868753612,31.90221684414758,22.194537848761456,8.47230711785946
7.926421404682287,3.9747229349117212,5.677418618869823,1,8,1,1,1.5,31.79778347929377,32.233082173889734,22.566165995516716,8.516127928304735
8.026755852842822,4.016898174702182,5.7044451539848735,1,8,1,1,1.5,32.135185397617455,32.54069451482151,22.914175326730547,8.55666773097731
8.127090301003356,4.056137643467772,5.729404277937721,1,8,1,1,1.5,32.44910114774218,32.82607338005106,23.239252366388477,8.59410641690658
8.227424749163891,4.092572861097547,5.752424023677005,1,8,1,1,1.5,32.740582888780374,33.09038214817634,23.54221444482606,8.628636035515507
8.327759197324426,4.126346067171117,5.773623082026598,1,8,1,1,1.5,33.01076853736894,33.33472349331031,23.823966897848837,8.660434623039897
8.42809364548496,4.157603164681455,5.793117256216709,1,8,1,1,1.5,33.26082531745164,33.56020754427581,24.085482637817336,8.689675884325062
8.528428093645495,4.186479374560794,5.811033696129046,1,8,1,1,1.5,33.491834996486354,33.7681126175472,24.32777271372203,8.71655054419357
8.62876254180603,4.213113669266057,5.827487808980423,1,8,1,1,1.5,33.70490935412845,33.959614163815445,24.55186854549672,8.741231713470635
8.729096989966564,4.23764780523815,5.8425823236452885,1,8,1,1,1.5,33.9011824419052,34.13576820857238,24.758806160718667,8.763873485467933
8.829431438127099,4.260223306134098,5.856415464527699,1,8,1,1,1.5,34.08178644907279,34.297602093159185,24.949637652385057,8.784623196791548
8.929765886287633,4.280977349514032,5.8690774401728785,1,8,1,1,1.5,34.247818796112256,34.446069998746225,25.12538758392389,8.803616160259317
9.030100334448168,4.300036189745809,5.8806594088297475,1,8,1,1,1.5,34.40028951796647,34.582155082657835,25.287048277537107,8.820989113244622
9.130434782608702,4.3175183414201745,5.891251617269867,1,8,1,1,1.5,34.540146731361396,34.70684561798482,25.435586911483917,8.8368774259048
9.230769230769237,4.333535891279916,5.900937771638093,1,8,1,1,1.5,34.66828713023933,34.82106658474514,25.571925625603004,8.85140665745714
9.331103678929772,4.348204546921742,5.909783182580558,1,8,1,1,1.5,34.78563637537393,34.925537265111984,25.696946105818423,8.864674773870837
9.431438127090306,4.361626066039485,5.917860287969551,1,8,1,1,1.5,34.89300852831588,35.02107038792706,25.81149368718793,8.876790431954326
9.53177257525084,4.3739013000578275,5.925229259652026,1,8,1,1,1.5,34.99121040046262,35.10834177943649,25.916367961932675,8.887843889478038
9.632107023411375,4.385128025450982,5.931941679905628,1,8,1,1,1.5,35.08102420360785,35.18793209380161,26.012323705894946,8.897912519858442
9.73244147157191,4.395384796138759,5.938061594065952,1,8,1,1,1.5,35.163078369110075,35.26057549492108,26.100065649092972,8.907092391098928
9.832775919732445,4.4047442464896625,5.943647778509378,1,8,1,1,1.5,35.2379539719173,35.32694891497947,26.180248355550248,8.915471667764066
9.93311036789298,4.413281429120071,5.948741711828021,1,8,1,1,1.5,35.306251432960565,35.38752795404257,26.253471323442543,8.92311256774203
10.033444816053514,4.421067792791041,5.953383399190477,1,8,1,1,1.5,35.368542342328325,35.44277389775676,26.320311604297864,8.930075098785714
10.133779264214049,4.4281737151885086,5.9576037800436,1,8,1,1,1.5,35.42538972150807,35.493042799989794,26.381304464296772,8.936405670065401
10.234113712374583,4.434652966219591,5.961443898410931,1,8,1,1,1.5,35.47722372975673,35.53881335390091,26.436934867039717,8.942165847616396
10.334448160535118,4.440557648988203,5.964938888308191,1,8,1,1,1.5,35.52446119190562,35.58049594125135,26.487655006224124,8.947408332462286
10.434782608695652,4.445931163664743,5.968125910738324,1,8,1,1,1.5,35.567449309317944,35.61852688642615,26.533876975226544,8.952188866107488
10.535117056856187,4.4508236280326,5.971026397364008,1,8,1,1,1.5,35.6065890242608,35.6531562380178,26.575985372994097,8.956539596046012
10.635451505016722,4.455276649008782,5.97366589216174,1,8,1,1,1.5,35.64221319207026,35.684684191176515,26.614334158328415,8.960498838242609
10.735785953177256,4.459330936702863,5.976065441571488,1,8,1,1,1.5,35.674647493622906,35.713358161945024,26.649253503360594,8.964098162357232
10.83612040133779,4.463024461964097,5.978243285939602,1,8,1,1,1.5,35.70419569571278,35.739392785881925,26.681046024721066,8.967364928909403
10.936454849498325,4.466387689936386,5.980221508290693,1,8,1,1,1.5,35.73110151949109,35.76304928822262,26.70998772772236,8.97033226243604
11.03678929765886,4.469442887812899,5.982026536375391,1,8,1,1,1.5,35.75554310250319,35.78464148189935,26.736325957711017,8.973039804563086
11.137123745819395,4.472222370416117,5.983667526764039,1,8,1,1,1.5,35.777778963328934,35.804277070850475,26.760291770326614,8.97550129014606
11.23745819397993,4.4747501178986955,5.985159514368166,1,8,1,1,1.5,35.798000943189564,35.82213441243178,26.78209324256145,8.977739271552249
11.337792642140464,4.477047473171475,5.986517369156881,1,8,1,1,1.5,35.8163797853718,35.838390211217025,26.801922460680963,8.979776053735321
11.438127090300998,4.479141498350459,5.9877462604574605,1,8,1,1,1.5,35.83313198680367,35.853105279622305,26.819962756807787,8.981619390686191
11.538461538461533,4.481051128228255,5.988858004911722,1,8,1,1,1.5,35.84840902582604,35.866420202995215,26.836378919708487,8.983287007367583
11.638795986622068,4.482782778344741,5.989875834076375,1,8,1,1,1.5,35.86226222675793,35.87861250765214,26.851312233420913,8.984813751114562
11.739130434782602,4.484353973529879,5.9908044614692635,1,8,1,1,1.5,35.874831788239035,35.889738095560034,26.86488779143022,8.986206692203895
11.839464882943137,4.4857786094491034,5.991651270456003,1,8,1,1,1.5,35.88622887559283,35.89988494675704,26.877221104290086,8.987476905684005
11.939799331103671,4.487077726334672,5.992416263240937,1,8,1,1,1.5,35.896621810677374,35.90905267195448,26.888437541714055,8.988624394861406
12.040133779264206,4.488261043925988,5.993108117278588,1,8,1,1,1.5,35.9060883514079,35.9173449053905,26.898633694818106,8.989662175917882
12.14046822742474,4.4893388483052785,5.993734373108542,1,8,1,1,1.5,35.91471078644223,35.92485173538285,26.907904567618864,8.990601559662814
12.240802675585275,4.49031596474817,5.994306509195452,1,8,1,1,1.5,35.92252771798536,35.93171052618297,26.91633021583421,8.991459763793177
12.34113712374581,4.491204530041443,5.994826698578489,1,8,1,1,1.5,35.92963624033155,35.93794714598947,26.9239928254691,8.992240047867734
12.441471571906344,4.492013592657219,5.995298726738428,1,8,1,1,1.5,35.936108741257755,35.94360682283141,26.930963372549538,8.992948090107642
12.541806020066879,4.492744085688434,5.9957330266604725,1,8,1,1,1.5,35.941952685507474,35.94881452698715,26.937294094895652,8.993599539990708
12.642140468227414,4.493408415076274,5.996126906739884,1,8,1,1,1.5,35.947267320610194,35.953537881730014,26.94304710061027,8.994190360109826
12.742474916387948,4.494016182645816,5.996479583724942,1,8,1,1,1.5,35.95212946116653,35.95776739803006,26.948276288165136,8.994719375587414
12.842809364548483,4.494565577226108,5.996802935911545,1,8,1,1,1.5,35.95652461780887,35.96164545215733,26.953024049156497,8.995204403867318
12.943143812709017,4.495062539932592,5.997098274294162,1,8,1,1,1.5,35.960500319460735,35.965187711542015,26.95733180107408,8.995647411441244
13.043478260869552,4.495511804225936,5.997367564807306,1,8,1,1,1.5,35.96409443380749,35.96841770740272,26.961236681873004,8.99605134721096
13.143812709030087,4.495921930902365,5.9976096874759675,1,8,1,1,1.5,35.96737544721892,35.97132196330557,26.96478492691568,8.99641453121395
13.244147157190621,4.496294988065822,5.997828288957162,1,8,1,1,1.5,35.970359904526575,35.9739441838148,26.96800527491749,8.996742433435744
13.344481605351156,4.496629971565913,5.998029553435318,1,8,1,1,1.5,35.9730397725273,35.976358523883476,26.970919460315358,8.997044330152978
13.44481605351169,4.496937714235781,5.998208640317001,1,8,1,1,1.5,35.975501713886246,35.97850689277353,26.973570652496445,8.9973129604755
13.545150501672225,4.497220095872374,5.9983689951082795,1,8,1,1,1.5,35.97776076697899,35.98043060147631,26.97598558725873,8.99755349266242
13.64548494983276,4.497475676062679,5.998517134445677,1,8,1,1,1.5,35.979805408501434,35.98220781223838,26.97818490461464,8.997775701668516
13.745819397993294,4.497707491077329,5.998653020700336,1,8,1,1,1.5,35.98165992861863,35.983838062757265,26.98018662757755,8.997979531050504
13.846153846153829,4.497916910330484,5.998777982980886,1,8,1,1,1.5,35.98333528264387,35.98533728909622,26.982004930967918,8.998166974471328
13.946488294314364,4.498107673929792,5.998890371237033,1,8,1,1,1.5,35.984861391438336,35.986685686120396,26.98365481392484,8.998335556855551
14.046822742474898,4.498281034305388,5.998991914316582,1,8,1,1,1.5,35.986248274443106,35.987903988035725,26.985151553121653,8.998487871474872
14.147157190635433,4.498438949623175,5.99908341592549,1,8,1,1,1.5,35.9875115969854,35.98900183123225,26.98651050023767,8.998625123888235
14.247491638795967,4.498581995973522,5.999167216162735,1,8,1,1,1.5,35.988655967788176,35.99000728748174,26.98774562946427,8.998750824244102
14.347826086956502,4.49871185312859,5.999243650599068,1,8,1,1,1.5,35.98969482502872,35.99092437925323,26.988868520756462,8.9988654758986
14.448160535117037,4.4988296714968525,5.999313457686694,1,8,1,1,1.5,35.99063737197482,35.99176196358067,26.989889392051275,8.998970186530041
14.548494983277571,4.4989369426797525,5.999376547637982,1,8,1,1,1.5,35.99149554143802,35.99251896034863,26.99081678321503,8.999064821456972
14.648829431438106,4.499034224934266,5.999434289782903,1,8,1,1,1.5,35.99227379947413,35.99321179742289,26.99166019997748,8.999151434674355
14.74916387959864,4.499122881632859,5.999486268579018,1,8,1,1,1.5,35.99298305306287,35.993835486868186,26.992425949005998,8.999229402868526
14.849498327759175,4.49920338065403,5.999533587074315,1,8,1,1,1.5,35.99362704523224,35.9944032624328,26.993121797312156,8.999300380611473
14.94983277591971,4.49927647348839,5.99957662420092,1,8,1,1,1.5,35.99421178790712,35.9949196696581,26.99375395615809,8.99936493630138
15.050167224080244,4.4993430968182695,5.9996152364957736,1,8,1,1,1.5,35.994744774546156,35.99538298599224,26.994327397892967,8.99942285474366
15.150501672240779,4.499403401600149,5.999650633721906,1,8,1,1,1.5,35.99522721280119,35.99580772671967,26.99484846978083,8.999475950582859
15.250836120401313,4.499458313899055,5.999682446629966,1,8,1,1,1.5,35.99566651119244,35.996189460399734,26.995321065243424,8.99952366994495
15.351170568561848,4.4995080624490384,5.9997114814508805,1,8,1,1,1.5,35.99606449959231,35.99653786065352,26.9957501831563,8.99956722217632
15.451505016722383,4.499553212412774,5.999737859048432,1,8,1,1,1.5,35.99642569930219,35.996854377299066,26.996139757315913,8.999606788572649
15.551839464882917,4.499594180720818,5.999761836077571,1,8,1,1,1.5,35.996753445766544,35.997142089652904,26.996493443325488,8.999642754116357
15.652173913043452,4.499631364364956,5.999783649277168,1,8,1,1,1.5,35.99705091491965,35.99740383813365,26.99681468769158,8.999675473915751
15.752508361203986,4.499665102655431,5.9998035027045615,1,8,1,1,1.5,35.99732082124345,35.997642071065926,26.997106443909537,8.999705254056842
15.852842809364521,4.499695679758648,5.999821560008985,1,8,1,1,1.5,35.99756543806918,35.99785875194865,26.99737115289522,8.999732340013477
15.953177257525056,4.499723425994564,5.999837962958242,1,8,1,1,1.5,35.997787407956515,35.99805558175491,26.99761143409471,8.999756944437364
16.05351170568559,4.499748657994053,5.999852818485354,1,8,1,1,1.5,35.99798926395243,35.998233843486645,26.99782966814131,8.99977922772803
16.153846153846125,4.499771707801426,5.999866201828513,1,8,1,1,1.5,35.99817366241141,35.998394439844105,26.998028185581944,8.999799302742769
16.25418060200666,4.499792445820849,5.999878414539491,1,8,1,1,1.5,35.99833956656679,35.99854098925691,26.99820756558837,8.999817621809235
16.354515050167194,4.499811199290685,5.999889505232121,1,8,1,1,1.5,35.99848959432548,35.99867407499454,26.99836999015014,8.999834257848182
16.45484949832773,4.499828235478262,5.999899548591566,1,8,1,1,1.5,35.998625883826094,35.99879459318928,26.998517398785605,8.99984932288735
16.555183946488263,4.499843803873948,5.99990862906325,1,8,1,1,1.5,35.998750430991585,35.998903557107646,26.9986516683001,8.999862943594875
16.655518394648798,4.499858061917494,5.999916834833723,1,8,1,1,1.5,35.99886449533995,35.99900202492112,26.99877414006102,8.999875252250584
16.755852842809333,4.4998707574889645,5.99992429549891,1,8,1,1,1.5,35.998966059911716,35.99909155171809,26.998883884463122,8.999886443248364
16.856187290969867,4.499882280004869,5.999931065638062,1,8,1,1,1.5,35.99905824003895,35.99917279240869,26.998983483515445,8.999896598457093
16.9565217391304,4.499892790598679,5.99993722466786,1,8,1,1,1.5,35.99914232478943,35.999246699955066,26.99907426132755,8.99990583700179
17.056856187290936,4.499902465249191,5.99994285138725,1,8,1,1,1.5,35.999219721993526,35.99931421991297,26.999157628311746,8.999914277080876
17.15719063545147,4.499911258363227,5.999947970245501,1,8,1,1,1.5,35.999290066905814,35.99937564565311,26.999233420901323,8.999921955368253
17.257525083612006,4.499919166791281,5.999952611675513,1,8,1,1,1.5,35.999353334330245,35.99943134235181,26.999301757118044,8.99992891751327
17.35785953177254,4.499926382611973,5.999956847073852,1,8,1,1,1.5,35.99941106089578,35.9994821667484,26.999364110680975,8.999935270610777
17.458193979933075,4.499932994011164,5.999960720776581,1,8,1,1,1.5,35.999463952089314,35.99952865086183,26.999421210193546,8.999941081164872
17.55852842809361,4.4999390902164444,5.999964274132704,1,8,1,1,1.5,35.999512721731556,35.99957129086879,26.99947377707189,8.999946411199057
17.658862876254144,4.499944602352781,5.999967508586311,1,8,1,1,1.5,35.99955681882225,35.99961010409142,26.999521404555033,8.999951262879467
17.75919732441468,4.499949632495387,5.999970462458003,1,8,1,1,1.5,35.999597059963094,35.9996455503685,26.999564877521067,8.999955693687005
17.859531772575213,4.499954225316192,5.999973157908485,1,8,1,1,1.5,35.99963380252954,35.99967789562232,26.999604563714023,8.999959736862728
17.959866220735748,4.499958415546502,5.999975612138704,1,8,1,1,1.5,35.99966732437202,35.99970734625922,26.99964074891734,8.999963418208056
18.060200668896282,4.49996223498744,5.999977844485079,1,8,1,1,1.5,35.99969787989952,35.99973413431181,26.999673710944197,8.999966766727617
18.160535117056817,4.49996571521917,5.999979883931493,1,8,1,1,1.5,35.99972572175336,35.99975860758257,26.999703769696414,8.999969825897239
18.26086956521735,4.499968879130671,5.999981737802414,1,8,1,1,1.5,35.99975103304537,35.99978085396248,26.999731095463225,8.99997260670362
18.361204013377886,4.499971749715086,5.999983420407928,1,8,1,1,1.5,35.99977399772069,35.999801045170024,26.99975589059457,8.999975130611892
18.46153846153842,4.499974348484607,5.999984945644334,1,8,1,1,1.5,35.99979478787686,35.99981934795864,26.999778346693315,8.9999774184665
18.561872909698955,4.4999766880877345,5.999986314017755,1,8,1,1,1.5,35.999813504701876,35.99983576840036,26.99979854192535,8.999979471026633
18.66220735785949,4.499978785861834,5.999987534567897,1,8,1,1,1.5,35.99983028689467,35.99985041497015,26.99981662099098,8.999981301851845
18.762541806020025,4.499980663454968,5.99998862356861,1,8,1,1,1.5,35.999845307639745,35.99986348295275,26.999832787008536,8.999982935352914
18.86287625418056,4.499982340915753,5.999989594006417,1,8,1,1,1.5,35.99985872732602,35.99987512818529,26.999847218707153,8.999984391009626
18.963210702341094,4.499983840183113,5.999990460729094,1,8,1,1,1.5,35.9998707214649,35.99988552884013,26.999860114533753,8.999985691093642
19.06354515050163,4.499985185808613,5.999991240980834,1,8,1,1,1.5,35.9998814864689,35.99989489184673,26.999871699395186,8.999986861471251
19.163879598662163,4.499986405678786,5.999991954937396,1,8,1,1,1.5,35.99989124543029,35.99990345931348,26.99988223140037,8.999987932406095
19.264214046822698,4.4999875317374585,5.999992626241261,1,8,1,1,1.5,35.99990025389967,35.99991151494951,26.999892008602366,8.999988939361891
19.364548494983232,4.49998860070808,5.999993282536792,1,8,1,1,1.5,35.99990880566464,35.99991939048663,26.999901375740617,8.999989923805188
19.464882943143767,4.499989195928324,5.999993596209376,1,8,1,1,1.5,35.99991356742659,35.99992315455352,26.99990635858132,8.999990394314064
19.5652173913043,4.499989462629196,5.999993680395066,1,8,1,1,1.5,35.999915701033565,35.99992416478074,26.999908337619566,8.9999905205926
19.665551839464836,4.499989511929829,5.999993621644908,1,8,1,1,1.5,35.999916095438635,35.99992345977958,26.999908369047958,8.999990432467362
19.76588628762537,4.499989358676488,5.999993431155721,1,8,1,1,1.5,35.9999148694119,35.9999211739118,26.999906592329573,8.99999014673358
19.866220735785905,4.499989025088339,5.999993126003522,1,8,1,1,1.5,35.99991220070671,35.99991751208952,26.999903217621323,8.999989689005282
19.96655518394644,4.49998854188451,5.99999272999602,1,8,1,1,1.5,35.99990833507608,35.99991276000509,26.99989853637245,8.99998909499403
20.066889632106975,4.499987949411157,5.999992274525098,1,8,1,1,1.5,35.999903595289254,35.99990729436087,26.99989293192298,8.999988411787648
20.16722408026751,4.49998729876852,5.999991799419314,1,8,1,1,1.5,35.99989839014816,35.999901593099025,26.999886890102193,8.999987699128972
20.267558528428044,4.499986652937987,5.9999913537963865,1,8,1,1,1.5,35.999893223503896,35.9998962456314,26.999881009827064,8.99998703069458
20.36789297658858,4.499986087909154,5.999990996915685,1,8,1,1,1.5,35.999888703273236,35.999891963069274,26.99987601370076,8.999986495373527
20.468227424749113,4.499985693806889,5.999990799030722,1,8,1,1,1.5,35.99988555045511,35.99988958845332,26.999872758611215,8.999986198546083
20.568561872909648,4.499985576018388,5.999990842241646,1,8,1,1,1.5,35.999884608147106,35.999890106983614,26.999872246329826,8.99998626336247
20.668896321070182,4.499985856320244,5.999991221347729,1,8,1,1,1.5,35.99988685056195,35.999894656249815,26.999875634110406,8.999986832021595
20.769230769230717,4.49998658821939,5.999991973240653,1,8,1,1,1.5,35.99989270575512,35.999903678952265,26.999883409006934,8.999987959860979
20.86956521739125,4.4999864236138984,5.999991966156254,1,8,1,1,1.5,35.99989138891119,35.99990359393959,26.999882389495607,8.99998794923438
20.969899665551786,4.499986367830745,5.999992027507464,1,8,1,1,1.5,35.99989094264596,35.99990433015312,26.99988233087674,8.999988041261195
21.07023411371232,4.499986437977459,5.999992160229066,1,8,1,1,1.5,35.99989150381967,35.99990592281026,26.999883349001873,8.9999882403436
21.170568561872855,4.499986649502307,5.999992364488867,1,8,1,1,1.5,35.999893196018455,35.99990837392471,26.99988553731568,8.9999885467333
21.27090301003339,4.499987015970913,5.999992637415262,1,8,1,1,1.5,35.99989612776731,35.99991164903735,26.999888964289756,8.999988956122893
21.371237458193924,4.4999875488428716,5.9999929728248125,1,8,1,1,1.5,35.99990039074297,35.99991567394713,26.99989367085638,8.999989459237218
21.47157190635446,4.4999882572483525,5.99999336094983,1,8,1,1,1.5,35.99990605798682,35.999920331442034,26.99989966784231,8.999990041424745
21.571906354514994,4.49998914776472,5.999993788165945,1,8,1,1,1.5,35.99991318211776,35.99992545802993,26.99990693340248,8.999990682248917
21.672240802675528,4.499990125898716,5.999994282449521,1,8,1,1,1.5,35.99992100718973,35.99993138942694,26.999915026471594,8.999991423674281
21.772575250836063,4.499991107962571,5.999994860952819,1,8,1,1,1.5,35.99992886370057,35.99993833146024,26.99992352210881,8.99999229142923
21.872909698996597,4.499992150856854,5.999995469248355,1,8,1,1,1.5,35.99993720685483,35.99994563100079,26.999932516794285,8.999993203872533
21.973244147157132,4.499993221115533,5.999996088400454,1,8,1,1,1.5,35.99994576892426,35.99995306082075,26.999941724521758,8.999994132600682
22.073578595317667,4.499994278267788,5.9999966958062245,1,8,1,1,1.5,35.99995422614231,35.999960349685615,26.999950800753645,8.999995043709337
22.1739130434782,4.499995274440083,5.999997265004329,1,8,1,1,1.5,35.999962195520666,35.99996718005943,26.999959339172907,8.999995897506494
22.274247491638736,4.499996153958238,5.999997765483766,1,8,1,1,1.5,35.9999692316659,35.999973185810184,26.999966868434967,8.999996648225649
22.37458193979927,4.499996852949502,5.999998162492646,1,8,1,1,1.5,35.99997482359601,35.99997794991513,26.999972848919697,8.999997243738969
22.474916387959805,4.499997298944632,5.999998416846971,1,8,1,1,1.5,35.99997839155706,35.99998100216616,26.999976669483438,8.999997625270456
22.57525083612034,4.499998072307585,5.999998846935918,1,8,1,1,1.5,35.99998457846068,35.99998616323234,26.999983245059365,8.999998270403877
22.675585284280874,4.499998840826949,5.999999272051731,1,8,1,1,1.5,35.99999072661559,35.99999126462131,26.99998976919533,8.999998908077597
22.77591973244141,4.499999527309029,5.99999965140159,1,8,1,1,1.5,35.99999621847223,35.99999581681921,26.999995595161497,8.999999477102385
22.876254180601943,4.500000116359379,5.999999978392046,1,8,1,1,1.5,36.00000093087503,35.99999974070456,27.00000060092048,8.999999967588069
22.976588628762478,4.500000593092922,6.000000247113633,1,8,1,1,1.5,36.00000474474338,36.000002965363656,27.000004670569027,9.000000370670449
23.076923076923013,4.50000094329385,6.0000004524549215,1,8,1,1,1.5,36.0000075463508,36.000005429459264,27.000007695810673,9.000000678682383
23.177257525083547,4.500001153575516,6.000000590216585,1,8,1,1,1.5,36.00000922860413,36.00000708259937,27.000009577428408,9.000000885324877
23.277591973244082,4.500001211540334,6.0000006572254465,1,8,1,1,1.5,36.00000969232267,36.00000788670579,27.000010226757308,9.00000098583817
23.377926421404617,4.500001158769133,6.000000665834309,1,8,1,1,1.5,36.000009270153065,36.00000799001214,27.00000994886996,9.000000998751464
23.47826086956515,4.5000011072638,6.000000648469898,1,8,1,1,1.5,36.0000088581104,36.0000077816392,27.000009561698057,9.000000972704846
23.578595317725686,4.500000977570843,6.000000586392899,1,8,1,1,1.5,36.00000782056674,36.000007036715125,27.000008504193676,9.000000879589347
23.67892976588622,4.500000786407386,6.000000488090703,1,8,1,1,1.5,36.00000629125909,36.000005857088674,27.000006914852865,9.000000732136055
23.779264214046755,4.500000555115264,6.000000364419444,1,8,1,1,1.5,36.00000444092211,36.00000437303346,27.000004970579283,9.000000546629167
23.87959866220729,4.500000309966506,6.000000228757697,1,8,1,1,1.5,36.000002479732046,36.00000274509242,27.000002889208744,9.000000343136545
23.979933110367824,4.5000000824688335,6.000000097160186,1,8,1,1,1.5,36.00000065975067,36.000001165922235,27.000000932033846,9.000000145740279
24.08026755852836,4.499999909671154,5.99999998851148,1,8,1,1,1.5,35.999999277369234,35.999999862137756,26.999999406328584,8.99999998276722
24.180602006688893,4.499999834469052,5.999999924679702,1,8,1,1,1.5,35.999998675752416,35.99999909615642,26.99999866787298,8.999999887019552
24.280936454849428,4.499999604710861,5.999999783155161,1,8,1,1,1.5,35.999996837686886,35.99999739786198,26.999996652463476,8.999999674732742
24.381270903009963,4.499999285302311,5.999999596838083,1,8,1,1,1.5,35.99999428241849,35.999995162057154,26.99999389758553,8.999999395257124
24.481605351170497,4.499998979766144,5.999999417674058,1,8,1,1,1.5,35.999991838129155,35.999993012089035,26.99999125813072,8.999999126511087
24.581939799331032,4.499998702745525,5.999999254215557,1,8,1,1,1.5,35.9999896219642,35.99999105058724,26.99998886044412,8.999998881323336
24.682274247491566,4.499998469848729,5.999999115628238,1,8,1,1,1.5,35.999987758789835,35.99998938753964,26.999986839420803,8.999998673442358
24.7826086956521,4.499998297632497,5.999999011686883,1,8,1,1,1.5,35.999986381059976,35.99998814024357,26.99998533838764,8.999998517530326
24.882943143812636,4.499998203585375,5.99999895277132,1,8,1,1,1.5,35.999985628683,35.99998743325694,26.999984508985072,8.99999842915698
24.98327759197317,4.499998206111064,5.999998949862359,1,8,1,1,1.5,35.99998564888851,35.99998739834941,26.999984511048883,8.999998424793539
25.083612040133705,4.499998261450533,5.999998977563138,1,8,1,1,1.5,35.99998609160426,35.9999877307587,26.999984967739096,8.999998466344707
25.18394648829424,4.499997976469349,5.9999988054434175,1,8,1,1,1.5,35.999983811754795,35.999985665322434,26.999982483313893,8.999998208165126
25.284280936454774,4.499997677570934,5.999998624902433,1,8,1,1,1.5,35.99998142056747,35.999983498831085,26.999979877489746,8.99999793735365
25.38461538461531,4.4999973699751035,5.9999984391710885,1,8,1,1,1.5,35.99997895980083,35.9999812700555,26.999977196124625,8.999997658756634
25.484949832775843,4.499997059962103,5.9999982521240725,1,8,1,1,1.5,35.99997647969683,35.999979025491925,26.999974494336083,8.999997378186109
25.585284280936378,4.499996754872609,5.999998068279855,1,8,1,1,1.5,35.999974038980874,35.999976819362,26.999971836501274,8.999997102419783
25.685618729096912,4.499996463107727,5.999997892800695,1,8,1,1,1.5,35.999971704861814,35.99997471361278,26.999969296256943,8.999996839201042
25.785953177257447,4.499996194128987,5.999997731492629,1,8,1,1,1.5,35.999969553031896,35.99997277791669,26.999966956499385,8.999996597238944
25.88628762541798,4.499995958458355,5.999997590805482,1,8,1,1,1.5,35.99996766766684,35.99997108967159,26.999964909384534,8.999996386208224
25.986622073578516,4.499995767678222,5.999997477832862,1,8,1,1,1.5,35.99996614142577,35.9999697340007,26.99996325632788,8.999996216749292
26.08695652173905,4.499995634431408,5.999997400312158,1,8,1,1,1.5,35.999965075451264,35.99996880375266,26.99996210800451,8.999996100468238
26.187290969899585,4.499995572421164,5.999997366624547,1,8,1,1,1.5,35.99996457936931,35.9999683995015,26.999961584349105,8.99999604993682
26.28762541806012,4.499995596411169,5.999997385794988,1,8,1,1,1.5,35.99996477128935,35.99996862954669,26.99996181455597,8.999996078692483
26.387959866220655,4.499995722225532,5.999997467492225,1,8,1,1,1.5,35.999965777804256,35.999969609913116,26.999962937079037,8.999996201238337
26.48829431438119,4.49999596674879,5.999997622028783,1,8,1,1,1.5,35.99996773399032,35.99997146435105,26.99996509963185,8.999996433043174
26.588628762541724,4.499996000472011,5.999997647099306,1,8,1,1,1.5,35.99996800377609,35.99997176519721,26.999965414788356,8.99999647064896
26.68896321070226,4.499995825053976,5.999997543656813,1,8,1,1,1.5,35.99996660043181,35.9999705238878,26.999963896789772,8.99999631548522
26.789297658862793,4.499995657835134,5.999997445029205,1,8,1,1,1.5,35.99996526268107,35.99996934035699,26.99996244965332,8.999996167543808
26.889632107023328,4.499995502578047,5.9999973534465845,1,8,1,1,1.5,35.999964020624375,35.99996824136602,26.999961105989815,8.999996030169877
26.989966555183862,4.499995363445968,5.9999972713779055,1,8,1,1,1.5,35.99996290756774,35.99996725654231,26.99995990188903,8.999995907066857
27.090301003344397,4.499995245002843,5.999997201530968,1,8,1,1,1.5,35.999961960022745,35.99996641837945,26.999958876919724,8.999995802296453
27.19063545150493,4.499995152213312,5.999997146852422,1,8,1,1,1.5,35.9999612177065,35.99996576223721,26.999958074129605,8.999995720278633
27.290969899665466,4.499995090442707,5.999997110527763,1,8,1,1,1.5,35.999960723541655,35.99996532634151,26.99995754004536,8.999995665791644
27.391304347826,4.49999506545705,5.999997095981337,1,8,1,1,1.5,35.9999605236564,35.99996515178448,26.999957324672646,8.999995643972007
27.491638795986535,4.499995083423057,5.999997106876335,1,8,1,1,1.5,35.99996066738446,35.999965282524386,26.999957481496075,8.999995660314502
27.59197324414707,4.499995150908138,5.999997147114799,1,8,1,1,1.5,35.9999612072651,35.999965765385724,26.999958067479255,8.9999957206722
27.692307692307605,4.4999952748803915,5.999997220837617,1,8,1,1,1.5,35.99996219904313,35.99996665005913,26.999959143064757,8.999995831256426
27.79264214046814,4.499995462708613,5.999997332424527,1,8,1,1,1.5,35.999963701668904,35.999967989101435,26.999960772174152,8.99999599863679
27.892976588628674,4.499995722162287,5.999997486494112,1,8,1,1,1.5,35.99996577729829,35.999969837935666,26.999963022207975,8.999996229741168
27.99331103678921,4.499996050173027,5.999997681219194,1,8,1,1,1.5,35.999968401384216,35.99997217463571,26.999965866533696,8.999996521828791
28.093645484949743,4.499996122088743,5.999997723497615,1,8,1,1,1.5,35.999968976709944,35.999972681976566,26.999966488280556,8.999996585246423
28.193979933110278,4.499996203342333,5.999997771205722,1,8,1,1,1.5,35.99996962673866,35.99997325447363,26.999967190488206,8.999996656808584
28.294314381270812,4.499996293846514,5.9999978242910315,1,8,1,1,1.5,35.99997035077211,35.99997389149711,26.99996797239679,8.999996736436547
28.394648829431347,4.499996393509827,5.999997882699095,1,8,1,1,1.5,35.999971148078615,35.99997459239362,26.999968833212524,8.999996824048642
28.49498327759188,4.499996502236633,5.999997946373497,1,8,1,1,1.5,35.999972017893064,35.99997535648619,26.99996977210772,8.999996919560246
28.595317725752416,4.499996619927116,5.999998015255859,1,8,1,1,1.5,35.99997295941693,35.99997618307425,26.99997078822077,8.99999702288379
28.69565217391295,4.499996746477283,5.9999980892858344,1,8,1,1,1.5,35.999973971818264,35.99997707143366,26.99997188065617,8.999997133928751
28.795986622073485,4.49999688177896,5.9999981684011106,1,8,1,1,1.5,35.99997505423168,35.999978020816684,26.99997304848447,8.999997252601666
28.89632107023402,4.499997025719798,5.99999825253741,1,8,1,1,1.5,35.99997620575839,35.999979030451975,26.999974290742333,8.999997378806116
28.996655518394554,4.499997178183269,5.9999983416284906,1,8,1,1,1.5,35.99997742546615,35.999980099544636,26.9999756064325,8.999997512442736
29.09698996655509,4.499997339048665,5.999998435606141,1,8,1,1,1.5,35.99997871238932,35.99998122727614,26.999976994523788,8.999997653409212
29.197324414715624,4.499997508191104,5.999998534400188,1,8,1,1,1.5,35.99998006552883,35.9999824128044,26.99997845395112,8.999997801600282
29.29765886287616,4.499997685481522,5.99999863793849,1,8,1,1,1.5,35.999981483852174,35.99998365526374,26.99997998361549,8.999997956907736
29.397993311036693,4.49999787078668,5.99999874614694,1,8,1,1,1.5,35.99998296629344,35.99998495376486,26.99998158238398,8.999998119220411
29.498327759197227,4.499998047835887,5.999998849579532,1,8,1,1,1.5,35.999984382687096,35.9999861949557,26.99998311012546,8.999998274369297
29.598662207357762,4.499998209076631,5.99999894385409,1,8,1,1,1.5,35.99998567261305,35.99998732625019,26.999984501805084,8.999998415781135
29.698996655518297,4.49999836862278,5.999999037172373,1,8,1,1,1.5,35.99998694898224,35.999988446069395,26.999985879013927,8.999998555758559
29.79933110367883,4.499998525353395,5.9999991288884775,1,8,1,1,1.5,35.99998820282716,35.99998954666249,26.999987232119803,8.999998693332717
29.899665551839366,4.499998678102583,5.999999218330854,1,8,1,1,1.5,35.99998942482066,35.99999061997085,26.99998855110537,8.999998827496281
29.9999999999999,4.499998825659493,5.9999993048023015,1,8,1,1,1.5,35.99999060527595,35.9999916576281,26.999989825568132,8.999998957203452