Time,X,Y,Z,A,k1,k2,k3,k4,k5,J0,J1,J2,J3,J4
0,2.5,2.5,2.5,1,3.2,1,1,1,1,8,6.25,2.5,2.5,2.5
0.10033444816053512,2.4258800913146357,2.499875700795128,2.49638666064549,1,3.2,1,1,1,1,7.762816292206835,6.064398693320124,2.4258800913146357,2.49638666064549,2.499875700795128
0.20066889632107024,2.3540539244745062,2.4990895263490196,2.486161424672117,1,3.2,1,1,1,1,7.53297255831842,5.882991507115045,2.3540539244745062,2.486161424672117,2.4990895263490196
0.3010033444816054,2.2846601184319475,2.4971228026089105,2.4701614623094525,1,3.2,1,1,1,1,7.310912378982232,5.70507687794759,2.2846601184319475,2.4701614623094525,2.4971228026089105
0.4013377926421405,2.2179193371258226,2.493569833555898,2.4491903566929234,1,3.2,1,1,1,1,7.097341878802633,5.530536752317245,2.2179193371258226,2.4491903566929234,2.493569833555898
0.5016722408026756,2.1540934750847636,2.488142269635029,2.4239896469984292,1,3.2,1,1,1,1,6.893099120271244,5.35969102810341,2.1540934750847636,2.4239896469984292,2.488142269635029
0.6020066889632107,2.0934578709888183,2.4806485189348098,2.3952549352111268,1,3.2,1,1,1,1,6.699065187164219,5.193133167120832,2.0934578709888183,2.3952549352111268,2.4806485189348098
0.7023411371237459,2.0362804776318617,2.4709821695320167,2.363640540424478,1,3.2,1,1,1,1,6.516097528421958,5.0316127523944685,2.0362804776318617,2.363640540424478,2.4709821695320167
0.8026755852842811,1.9828065098729024,2.4591061466393764,2.3297635724446186,1,3.2,1,1,1,1,6.344980831593288,4.875931676025024,1.9828065098729024,2.3297635724446186,2.4591061466393764
0.9030100334448162,1.9332515459793045,2.4450432170578966,2.2942043911126713,1,3.2,1,1,1,1,6.1864049471337745,4.726883579363391,1.9332515459793045,2.2942043911126713,2.4450432170578966
1.0033444816053514,1.8877980409317798,2.428868036085012,2.2575068604673727,1,3.2,1,1,1,1,6.040953730981696,4.585212320203105,1.8877980409317798,2.2575068604673727,2.428868036085012
1.1036789297658864,1.8465946923134373,2.410699114152243,2.2201786595673054,1,3.2,1,1,1,1,5.909103015403,4.451584188958237,1.8465946923134373,2.2201786595673054,2.410699114152243
1.2040133779264215,1.809756652246145,2.3906901098809406,2.182691576771001,1,3.2,1,1,1,1,5.791221287187664,4.3265673298161,1.809756652246145,2.182691576771001,2.3906901098809406
1.3043478260869565,1.7773688151150502,2.3690229284522633,2.1454818881999227,1,3.2,1,1,1,1,5.687580208368161,4.2106274753235855,1.7773688151150502,2.1454818881999227,2.3690229284522633
1.4046822742474916,1.7494902160398473,2.3459019749680183,2.108951028934806,1,3.2,1,1,1,1,5.5983686913275115,4.104132552995103,1.7494902160398473,2.108951028934806,2.3459019749680183
1.5050167224080266,1.7261585453480164,2.321548644182315,2.073466725484384,1,3.2,1,1,1,1,5.523707345113653,4.007361030596405,1.7261585453480164,2.073466725484384,2.321548644182315
1.6053511705685617,1.7073938850846464,2.296196835143656,2.039364287566594,1,3.2,1,1,1,1,5.463660432270869,3.9205124352749965,1.7073938850846464,2.039364287566594,2.296196835143656
1.7056856187290967,1.6932029731003118,2.270088297980465,2.0069484321590547,1,3.2,1,1,1,1,5.418249513920998,3.84372025534075,1.6932029731003118,2.0069484321590547,2.270088297980465
1.8060200668896318,1.6835801404433102,2.2434715789383954,1.9764940153126669,1,3.2,1,1,1,1,5.387456449418593,3.7770641959496785,1.6835801404433102,1.9764940153126669,2.2434715789383954
1.9063545150501668,1.6785136644448833,2.216594679715016,1.9482493239707692,1,3.2,1,1,1,1,5.371243726223627,3.7205844584374836,1.6785136644448833,1.9482493239707692,2.216594679715016
2.006688963210702,1.6779850678013846,2.1897044440571802,1.92243750817804,1,3.2,1,1,1,1,5.369552216964431,3.6742913600262805,1.6779850678013846,1.92243750817804,2.1897044440571802
2.107023411371237,1.6819716424619922,2.163043976002587,1.8992584113340492,1,3.2,1,1,1,1,5.382309255878376,3.6381786290345888,1.6819716424619922,1.8992584113340492,2.163043976002587
2.207357859531772,1.6904469610786814,2.1368507589154193,1.878890693566696,1,3.2,1,1,1,1,5.409430275451781,3.6122328716872447,1.6904469610786814,1.878890693566696,2.1368507589154193
2.307692307692307,1.7033793633209724,2.1113563924032013,1.8614930379774586,1,3.2,1,1,1,1,5.450813962627112,3.59644090743543,1.7033793633209724,1.8614930379774586,2.1113563924032013
2.408026755852842,1.720730386726919,2.0867846249422755,1.8472055651158972,1,3.2,1,1,1,1,5.506337237526141,3.5907937146927105,1.720730386726919,1.8472055651158972,2.0867846249422755
2.508361204013377,1.7424531194436848,2.0633505571146387,1.836151047395673,1,3.2,1,1,1,1,5.575849982219792,3.595291614750267,1.7424531194436848,1.836151047395673,2.0633505571146387
2.608695652173912,1.7684876472965323,2.0412596085472052,1.8284353705188565,1,3.2,1,1,1,1,5.659160471348904,3.6099424026410873,1.7684876472965323,1.8284353705188565,2.0412596085472052
2.7090301003344472,1.7987579042942246,2.0207068258618484,1.824147792288554,1,3.2,1,1,1,1,5.756025293741519,3.634762375280293,1.7987579042942246,1.824147792288554,2.0207068258618484
2.8093645484949823,1.8331671900693056,2.001876198693706,1.8233609661586614,1,3.2,1,1,1,1,5.866135008221779,3.669773766025964,1.8331671900693056,1.8233609661586614,2.001876198693706
2.9096989966555173,1.871592587949845,1.9849402411738402,1.8261301869491078,1,3.2,1,1,1,1,5.989096281439505,3.714999442904337,1.871592587949845,1.8261301869491078,1.9849402411738402
3.0100334448160524,1.9138783970596611,1.9700594983531334,1.8324920567163732,1,3.2,1,1,1,1,6.124410870590916,3.770454314820255,1.9138783970596611,1.8324920567163732,1.9700594983531334
3.1103678929765874,1.9598296274414082,1.9573816737118634,1.8424628889066532,1,3.2,1,1,1,1,6.271454807812507,3.8361345963513616,1.9598296274414082,1.8424628889066532,1.9573816737118634
3.2107023411371225,2.0092054801937964,1.9470410027995362,1.8560370048562076,1,3.2,1,1,1,1,6.4294575366201485,3.912005452986853,2.0092054801937964,1.8560370048562076,1.9470410027995362
3.3110367892976575,2.0617114933547973,1.9391570822717696,1.8731834606731719,1,3.2,1,1,1,1,6.597476778735352,3.9979824439400615,2.0617114933547973,1.8731834606731719,1.9391570822717696
3.4113712374581926,2.116993660856742,1.933833759966034,1.8938432863557966,1,3.2,1,1,1,1,6.774379714741575,4.093913810998853,2.116993660856742,1.8938432863557966,1.933833759966034
3.5117056856187276,2.1746322721246663,1.931157897577377,1.9179263955730237,1,3.2,1,1,1,1,6.958823270798932,4.199558286640185,2.1746322721246663,1.9179263955730237,1.931157897577377
3.6120401337792627,2.2341367749913084,1.93119779963985,1.945307752908508,1,3.2,1,1,1,1,7.149237679972187,4.314560023957685,2.2341367749913084,1.945307752908508,1.93119779963985
3.7123745819397977,2.2949429409687405,1.9340014415632525,1.975823804077041,1,3.2,1,1,1,1,7.34381741109997,4.438422956138955,2.2949429409687405,1.975823804077041,1.9340014415632525
3.812709030100333,2.356412347088066,1.9395945832980228,2.0092692323359294,1,3.2,1,1,1,1,7.540519510681811,4.570484624428594,2.356412347088066,2.0092692323359294,1.9395945832980228
3.913043478260868,2.4178318397520067,1.947978904857959,2.04539365994087,1,3.2,1,1,1,1,7.737061887206422,4.709885419330818,2.4178318397520067,2.04539365994087,1.947978904857959
4.013377926421403,2.4784212733348077,1.9591296073594413,2.0838992107678704,1,3.2,1,1,1,1,7.9309480746713845,4.855548496099709,2.4784212733348077,2.0838992107678704,1.9591296073594413
4.113712374581938,2.5373422383132556,1.9729934890857161,2.124439252690316,1,3.2,1,1,1,1,8.119495162602417,5.00615971577423,2.5373422383132556,2.124439252690316,1.9729934890857161
4.214046822742474,2.593708773833722,1.9894869580962393,2.1666175171719697,1,3.2,1,1,1,1,8.299868076267911,5.160149778641978,2.593708773833722,2.1666175171719697,1.9894869580962393
4.314381270903009,2.6466063585674067,2.008494144924583,2.209989327796507,1,3.2,1,1,1,1,8.469140347415701,5.315693375102807,2.6466063585674067,2.209989327796507,2.008494144924583
4.414715719063545,2.6951146553488488,2.0298656137939846,2.2540649819223577,1,3.2,1,1,1,1,8.624366897116316,5.470720564124854,2.6951146553488488,2.2540649819223577,2.0298656137939846
4.51505016722408,2.738330327546843,2.0534175812961335,2.29831464965991,1,3.2,1,1,1,1,8.762657048149897,5.6229356379810875,2.738330327546843,2.29831464965991,2.0534175812961335
4.615384615384616,2.77539226380878,2.0789311098940897,2.3421732909256487,1,3.2,1,1,1,1,8.881255244188095,5.769849319391457,2.77539226380878,2.3421732909256487,2.0789311098940897
4.715719063545151,2.8055165778950886,2.1061532341160123,2.385052213836119,1,3.2,1,1,1,1,8.977653049264283,5.908847813899828,2.8055165778950886,2.385052213836119,2.1061532341160123
4.816053511705687,2.82802244848487,2.134798328053649,2.426349051211998,1,3.2,1,1,1,1,9.049671835151583,6.0372575947236875,2.82802244848487,2.426349051211998,2.134798328053649
4.916387959866222,2.8423598202592975,2.164549935922271,2.465459085443934,1,3.2,1,1,1,1,9.095551424829752,6.152429766810299,2.8423598202592975,2.465459085443934,2.164549935922271
5.016722408026758,2.848135994140829,2.1950646641619116,2.501790706750916,1,3.2,1,1,1,1,9.114035181250653,6.251842679466191,2.848135994140829,2.501790706750916,2.1950646641619116
5.117056856187293,2.845132364525644,2.2259768594157103,2.534779926342167,1,3.2,1,1,1,1,9.10442356648206,6.333198805408787,2.845132364525644,2.534779926342167,2.2259768594157103
5.217391304347829,2.8333158559534497,2.256903944412909,2.5639044270997724,1,3.2,1,1,1,1,9.06661073905104,6.394521731068979,2.8333158559534497,2.5639044270997724,2.256903944412909
5.317725752508364,2.8128505323622295,2.2874519358671592,2.5886980860366324,1,3.2,1,1,1,1,9.001121703559134,6.434260395556951,2.8128505323622295,2.5886980860366324,2.2874519358671592
5.4180602006689,2.784085506103673,2.317223870000382,2.608764317247007,1,3.2,1,1,1,1,8.909073619531753,6.451349390865525,2.784085506103673,2.608764317247007,2.317223870000382
5.518394648829435,2.747545438889196,2.3458265509991665,2.6237858300255725,1,3.2,1,1,1,1,8.792145404445426,6.4452650406229335,2.747545438889196,2.6237858300255725,2.3458265509991665
5.618729096989971,2.703917143408356,2.3728779851973587,2.6335345084351696,1,3.2,1,1,1,1,8.652534858906739,6.416065463391417,2.703917143408356,2.6335345084351696,2.3728779851973587
5.719063545150506,2.6540174222870765,2.39801566018516,2.6378761498193835,1,3.2,1,1,1,1,8.492855751318645,6.36437534104866,2.6540174222870765,2.6378761498193835,2.39801566018516
5.819397993311042,2.598763673794154,2.420903456320917,2.6367718528396895,1,3.2,1,1,1,1,8.316043756141294,6.291355960049512,2.598763673794154,2.6367718528396895,2.420903456320917
5.919732441471577,2.539143744361196,2.441238069308284,2.6302774200525225,1,3.2,1,1,1,1,8.125259981955827,6.198654372180532,2.539143744361196,2.6302774200525225,2.441238069308284
6.020066889632113,2.47618284038753,2.4587554593195216,2.6185417010610648,1,3.2,1,1,1,1,7.923785089240096,6.0883280770761585,2.47618284038753,2.6185417010610648,2.4587554593195216
6.120401337792648,2.41090804206357,2.473234771048347,2.601795661856177,1,3.2,1,1,1,1,7.714905734603424,5.962741599431713,2.41090804206357,2.601795661856177,2.473234771048347
6.220735785953184,2.344323766796925,2.484501777703693,2.5803452963462776,1,3.2,1,1,1,1,7.50183605375016,5.824476566119977,2.344323766796925,2.5803452963462776,2.484501777703693
6.321070234113719,2.277384221233922,2.492431966639387,2.55456232569172,1,3.2,1,1,1,1,7.287629507948551,5.6762252333235725,2.277384221233922,2.55456232569172,2.492431966639387
6.421404682274255,2.210974909064004,2.496950558953539,2.524869955925965,1,3.2,1,1,1,1,7.075119709004813,5.520695035019615,2.210974909064004,2.524869955925965,2.496950558953539
6.52173913043479,2.1459003776205274,2.498032107896462,2.4917315525882997,1,3.2,1,1,1,1,6.8668812083856885,5.360528043643219,2.1459003776205274,2.4917315525882997,2.498032107896462
6.622073578595326,2.082874282377437,2.4956993364653557,2.4556389943026073,1,3.2,1,1,1,1,6.665197703607799,5.1982279644701235,2.082874282377437,2.4556389943026073,2.4956993364653557
6.722408026755861,2.0225124786394986,2.490021214955799,2.4171004144047,1,3.2,1,1,1,1,6.472039931646396,5.036098979325189,2.0225124786394986,2.4171004144047,2.490021214955799
6.822742474916397,1.9653397205954855,2.4811083626209145,2.3766297319277117,1,3.2,1,1,1,1,6.289087105905554,4.876220816160511,1.9653397205954855,2.3766297319277117,2.4811083626209145
6.923076923076932,1.9117904468057056,2.469109836932269,2.3347378247141126,1,3.2,1,1,1,1,6.117729429778258,4.720420598361105,1.9117904468057056,2.3347378247141126,2.469109836932269
7.023411371237468,1.862213207189062,2.4542091018727987,2.2919234441475944,1,3.2,1,1,1,1,5.959082263004999,4.570260602711132,1.862213207189062,2.2919234441475944,2.4542091018727987
7.123745819398003,1.81688293944894,2.4366186043610507,2.248667596233049,1,3.2,1,1,1,1,5.814025406236609,4.42705077220748,1.81688293944894,2.248667596233049,2.4366186043610507
7.224080267558539,1.7760085172700757,2.416575357288457,2.205428642069595,1,3.2,1,1,1,1,5.683227255264242,4.2918584171692755,1.7760085172700757,2.205428642069595,2.416575357288457
7.324414715719074,1.7397428795405276,2.394336324284753,2.1626382707901337,1,3.2,1,1,1,1,5.567177214529689,4.165529571399638,1.7397428795405276,2.1626382707901337,2.394336324284753
7.42474916387961,1.7081929294500924,2.370173664059784,2.1206986086246102,1,3.2,1,1,1,1,5.466217374240296,4.048713894515742,1.7081929294500924,2.1206986086246102,2.370173664059784
7.525083612040145,1.681428166882407,2.3443705290659462,2.0799824488698144,1,3.2,1,1,1,1,5.380570134023703,3.9418906411804926,1.681428166882407,2.0799824488698144,2.3443705290659462
7.625418060200681,1.6594891882110583,2.317217248655107,2.040832206225083,1,3.2,1,1,1,1,5.310365402275387,3.8453969708793254,1.6594891882110583,2.040832206225083,2.317217248655107
7.725752508361216,1.6423954708644404,2.289007466140847,2.003559832057923,1,3.2,1,1,1,1,5.25566550676621,3.759455495164616,1.6423954708644404,2.003559832057923,2.289007466140847
7.826086956521752,1.6301513106776038,2.260035268888214,1.9684489814639134,1,3.2,1,1,1,1,5.216484194168332,3.684199455755733,1.6301513106776038,1.9684489814639134,2.260035268888214
7.926421404682287,1.6227506334079667,2.2305925001025497,1.9357561478170082,1,3.2,1,1,1,1,5.192802026905493,3.6196953924164723,1.6227506334079667,1.9357561478170082,2.2305925001025497
8.026755852842822,1.6201811517542262,2.200966338598074,1.905712301259427,1,3.2,1,1,1,1,5.1845796856135244,3.565964177442109,1.6201811517542262,1.905712301259427,2.200966338598074
8.127090301003356,1.6224274025135812,2.1714372833734896,1.8785249679537275,1,3.2,1,1,1,1,5.19176768804346,3.522999351384798,1.6224274025135812,1.8785249679537275,2.1714372833734896
8.227424749163891,1.629471001148004,2.142278015594927,1.8543803827817238,1,3.2,1,1,1,1,5.214307203673613,3.490779902808825,1.629471001148004,1.8543803827817238,2.142278015594927
8.327759197324426,1.6412914403332215,2.113752016462134,1.8334450623963876,1,3.2,1,1,1,1,5.252132609066309,3.4692830916063877,1.6412914403332215,1.8334450623963876,2.113752016462134
8.42809364548496,1.6578660490511181,2.0861124270688127,1.8158676112186245,1,3.2,1,1,1,1,5.305171356963578,3.4584949673410113,1.6578660490511181,1.8158676112186245,2.0861124270688127
8.528428093645495,1.6791669309812984,2.0596017402769533,1.8017800606858285,1,3.2,1,1,1,1,5.373334179140155,3.458415133264593,1.6791669309812984,1.8017800606858285,2.0596017402769533
8.62876254180603,1.7051582358898463,2.034451155568122,1.7912987397857263,1,3.2,1,1,1,1,5.456506354847509,3.469061143432598,1.7051582358898463,1.7912987397857263,2.034451155568122
8.729096989966564,1.735792413064587,2.0108801200421986,1.7845249271853005,1,3.2,1,1,1,1,5.554535721806679,3.4904704559516544,1.735792413064587,1.7845249271853005,2.0108801200421986
8.829431438127099,1.7710052860143164,1.989096065574162,1.7815450953034644,1,3.2,1,1,1,1,5.667216915245813,3.5226996465221205,1.7710052860143164,1.7815450953034644,1.989096065574162
8.929765886287633,1.8107091496770742,1.9692941790582137,1.7824300678807952,1,3.2,1,1,1,1,5.794269278966638,3.56581898842651,1.8107091496770742,1.7824300678807952,1.9692941790582137
9.030100334448168,1.8547861839377462,1.9516569451806878,1.7872340375781492,1,3.2,1,1,1,1,5.935315788600788,3.619906337707287,1.8547861839377462,1.7872340375781492,1.9516569451806878
9.130434782608702,1.9030813448872188,1.936353765008582,1.7959933778121842,1,3.2,1,1,1,1,6.0898603036391,3.685038727289962,1.9030813448872188,1.7959933778121842,1.936353765008582
9.230769230769237,1.9553928763929347,1.9235403695129214,1.8087237782397259,1,3.2,1,1,1,1,6.2572572044573915,3.7612771359997996,1.9553928763929347,1.8087237782397259,1.9235403695129214
9.331103678929772,2.0114638689831166,1.913357968494535,1.8254174715777354,1,3.2,1,1,1,1,6.436684380745973,3.8486504220576934,2.0114638689831166,1.8254174715777354,1.913357968494535
9.431438127090306,2.0709736196947848,1.9059322978311015,1.8460400062710662,1,3.2,1,1,1,1,6.627115583023311,3.9471355097324747,2.0709736196947848,1.8460400062710662,1.9059322978311015
9.53177257525084,2.1335285786854126,1.9013724246148174,1.8705262755659198,1,3.2,1,1,1,1,6.827291451793321,4.056632406640088,2.1335285786854126,1.8705262755659198,1.9013724246148174
9.632107023411375,2.1986545082381492,1.899769015815903,1.898775730301572,1,3.2,1,1,1,1,7.0356944263620775,4.176935711234787,2.1986545082381492,1.898775730301572,1.899769015815903
9.73244147157191,2.2657907103311214,1.9011925451364067,1.9306480126303085,1,3.2,1,1,1,1,7.250530273059589,4.307704407320852,2.2657907103311214,1.9306480126303085,1.9011925451364067
9.832775919732445,2.334284388036035,1.905691426817144,1.9659584116340352,1,3.2,1,1,1,1,7.469710041715313,4.448425746033376,2.334284388036035,1.9659584116340352,1.905691426817144
9.93311036789298,2.4033900778890964,1.9132893330350655,2.0044728203068574,1,3.2,1,1,1,1,7.690848249245109,4.598380599147523,2.4033900778890964,2.0044728203068574,1.9132893330350655
10.033444816053514,2.472272505404512,1.9239827549624504,2.0459040265597737,1,3.2,1,1,1,1,7.911272017294438,4.756609665966092,2.472272505404512,2.0459040265597737,1.9239827549624504
10.133779264214049,2.540011834733567,1.937738463163154,2.089908381409521,1,3.2,1,1,1,1,8.128037871147415,4.921878629052845,2.540011834733567,2.089908381409521,1.937738463163154
10.234113712374583,2.605614198954739,1.9544907279905825,2.136083203097335,1,3.2,1,1,1,1,8.337965436655166,5.092648792577647,2.605614198954739,2.136083203097335,1.9544907279905825
10.334448160535118,2.6680317405825464,1.9741387418022385,2.1839668635276053,1,3.2,1,1,1,1,8.537701569864149,5.267064823442064,2.6680317405825464,2.1839668635276053,1.9741387418022385
10.434782608695652,2.7261847891638147,1.9965445485897455,2.233040449420523,1,3.2,1,1,1,1,8.723791325324207,5.442949379253299,2.7261847891638147,2.233040449420523,1.9965445485897455
10.535117056856187,2.778984639883644,2.0215309549094513,2.2827296371630887,1,3.2,1,1,1,1,8.892750847627662,5.617803472742681,2.778984639883644,2.2827296371630887,2.0215309549094513
10.635451505016722,2.825372779288648,2.0488805392938554,2.332412885620961,1,3.2,1,1,1,1,9.041192893723673,5.788851303735104,2.825372779288648,2.332412885620961,2.0488805392938554
10.735785953177256,2.864354155234032,2.0783355043619056,2.381430156115163,1,3.2,1,1,1,1,9.165933296748902,5.953088937889442,2.864354155234032,2.381430156115163,2.0783355043619056
10.83612040133779,2.8950323919532543,2.109598044780295,2.429093206889478,1,3.2,1,1,1,1,9.264103654250414,6.107354673640207,2.8950323919532543,2.429093206889478,2.109598044780295
10.936454849498325,2.9166495968601605,2.1423320439646014,2.4746999673937244,1,3.2,1,1,1,1,9.333278709952515,6.248431892369958,2.9166495968601605,2.4746999673937244,2.1423320439646014
11.03678929765886,2.928620444169034,2.1761668301492136,2.5175520658521386,1,3.2,1,1,1,1,9.371585421340908,6.373166668697509,2.928620444169034,2.5175520658521386,2.1761668301492136
11.137123745819395,2.9305579300910396,2.2107015044834664,2.5569713623955765,1,3.2,1,1,1,1,9.377785376291326,6.478588825028214,2.9305579300910396,2.5569713623955765,2.2107015044834664
11.23745819397993,2.9223005038141148,2.245509486159943,2.5923171759625645,1,3.2,1,1,1,1,9.351361612205167,6.562053502724576,2.9223005038141148,2.5923171759625645,2.245509486159943
11.337792642140464,2.9039208153316336,2.280146915772963,2.623006995425178,1,3.2,1,1,1,1,9.292546609061228,6.621366090727332,2.9039208153316336,2.623006995425178,2.280146915772963
11.438127090300998,2.875727922123774,2.3141599570832425,2.6485321708247036,1,3.2,1,1,1,1,9.202329350796077,6.654894404845035,2.875727922123774,2.6485321708247036,2.3141599570832425
11.538461538461533,2.838251353390266,2.3470943714903427,2.6684732922930916,1,3.2,1,1,1,1,9.082404330848851,6.661643776417141,2.838251353390266,2.6684732922930916,2.3470943714903427
11.638795986622068,2.792224820515658,2.378504080153484,2.6825115269513415,1,3.2,1,1,1,1,8.935119425650106,6.641318128302322,2.792224820515658,2.6825115269513415,2.378504080153484
11.739130434782602,2.738559296992713,2.4079600780088035,2.690437080079443,1,3.2,1,1,1,1,8.763389750376682,6.594341458418308,2.738559296992713,2.690437080079443,2.4079600780088035
11.839464882943137,2.6783067140807777,2.435059611028778,2.6921542031408223,1,3.2,1,1,1,1,8.570581485058488,6.521836505405303,2.6783067140807777,2.6921542031408223,2.435059611028778
11.939799331103671,2.612617660213058,2.4594348814485905,2.6876819765181037,1,3.2,1,1,1,1,8.360376512681787,6.425563005416596,2.612617660213058,2.6876819765181037,2.4594348814485905
12.040133779264206,2.542698054682593,2.4807605982819068,2.6771506651628068,1,3.2,1,1,1,1,8.136633774984297,6.307825147384629,2.542698054682593,2.6771506651628068,2.4807605982819068
12.14046822742474,2.46976798050147,2.498760092914066,2.6607941946630604,1,3.2,1,1,1,1,7.903257537604704,6.171357668434038,2.46976798050147,2.6607941946630604,2.498760092914066
12.240802675585275,2.3950242104265613,2.5132100244318796,2.6389397229776215,1,3.2,1,1,1,1,7.664077473364997,6.019198854401082,2.3950242104265613,2.6389397229776215,2.5132100244318796
12.34113712374581,2.3196077383627536,2.523943572124098,2.611994877497381,1,3.2,1,1,1,1,7.422744762760812,5.854559041089988,2.3196077383627536,2.611994877497381,2.523943572124098
12.441471571906344,2.244577477088301,2.530852091567754,2.5804335083348025,1,3.2,1,1,1,1,7.182647926682563,5.680693602574799,2.244577477088301,2.5804335083348025,2.530852091567754
12.541806020066879,2.1708910524956133,2.53388517279528,2.544780558392785,1,3.2,1,1,1,1,6.946851367985963,5.500788649672574,2.1708910524956133,2.544780558392785,2.53388517279528
12.642140468227414,2.099392922326411,2.53304919808079,2.505596842323863,1,3.2,1,1,1,1,6.718057351444516,5.317865558355402,2.099392922326411,2.505596842323863,2.53304919808079
12.742474916387948,2.0308092241450293,2.5284046130871243,2.463464495585491,1,3.2,1,1,1,1,6.498589517264094,5.134707410628176,2.0308092241450293,2.463464495585491,2.5284046130871243
12.842809364548483,1.9657483493325458,2.520062143145677,2.418973644198499,1,3.2,1,1,1,1,6.290394717864147,4.953807998104052,1.9657483493325458,2.418973644198499,2.520062143145677
12.943143812709017,1.9047061208312857,2.508178180272897,2.372710642756669,1,3.2,1,1,1,1,6.095059586660114,4.777342332101263,1.9047061208312857,2.372710642756669,2.508178180272897
13.043478260869552,1.848074455059969,2.492949568511221,2.3252480918064995,1,3.2,1,1,1,1,5.913838256191902,4.60715641531836,1.848074455059969,2.3252480918064995,2.492949568511221
13.143812709030087,1.7961524206379387,2.474608019635533,2.2771367469843975,1,3.2,1,1,1,1,5.747687746041404,4.444773184598419,1.7961524206379387,2.2771367469843975,2.474608019635533
13.244147157190621,1.7491586729987336,2.453414381524135,2.228899331779888,1,3.2,1,1,1,1,5.597307753595948,4.291411043902765,1.7491586729987336,2.228899331779888,2.453414381524135
13.344481605351156,1.707244370909286,2.4296529545796965,2.181026164598644,1,3.2,1,1,1,1,5.463181986909715,4.148011329969302,1.707244370909286,2.181026164598644,2.4296529545796965
13.44481605351169,1.6705058665318677,2.4036260163907754,2.133972432698736,1,3.2,1,1,1,1,5.345618772901977,4.015271361329414,1.6705058665318677,2.133972432698736,2.4036260163907754
13.545150501672225,1.6389966532835825,2.3756486799826733,2.0881569024022033,1,3.2,1,1,1,1,5.244789290507464,3.893680235869162,1.6389966532835825,2.0881569024022033,2.3756486799826733
13.64548494983276,1.6127381286892188,2.346044179099727,2.0439618352091204,1,3.2,1,1,1,1,5.160762011805501,3.7835548992235286,1.6127381286892188,2.0439618352091204,2.346044179099727
13.745819397993294,1.5917290946790381,2.3151396442455767,2.0017338790975936,1,3.2,1,1,1,1,5.0935331029729225,3.685075129990562,1.5917290946790381,2.0017338790975936,2.3151396442455767
13.846153846153829,1.5759538085760898,2.2832624054582698,1.961785712004244,1,3.2,1,1,1,1,5.043052187443488,3.5983160838605643,1.5759538085760898,1.961785712004244,2.2832624054582698
13.946488294314364,1.565388532442915,2.25073683300052,1.9243982256997756,1,3.2,1,1,1,1,5.009243303817328,3.5232776279258986,1.565388532442915,1.9243982256997756,2.25073683300052
14.046822742474898,1.560006583824921,2.2178817063000804,1.8898230541549212,1,3.2,1,1,1,1,4.9920210682397474,3.459910063972975,1.560006583824921,1.8898230541549212,2.2178817063000804
14.147157190635433,1.559781940918838,2.185008084814017,1.8582852716829652,1,3.2,1,1,1,1,4.991302210940282,3.4081361514545603,1.559781940918838,1.8582852716829652,2.185008084814017
14.247491638795967,1.5646914681298845,2.152417641639019,1.829986109563223,1,3.2,1,1,1,1,5.007012698015631,3.3678695197248203,1.5646914681298845,1.829986109563223,2.152417641639019
14.347826086956502,1.5747158176293437,2.1204014110744063,1.805105561094937,1,3.2,1,1,1,1,5.0390906164139,3.3390296417424477,1.5747158176293437,1.805105561094937,2.1204014110744063
14.448160535117037,1.589839048621397,2.0892388943921185,1.7838047620458626,1,3.2,1,1,1,1,5.0874849555884705,3.321553576203185,1.589839048621397,1.7838047620458626,2.0892388943921185
14.548494983277571,1.610046995899883,2.0591974632510754,1.766228047056762,1,3.2,1,1,1,1,5.152150386879626,3.315404689672054,1.610046995899883,1.766228047056762,2.0591974632510754
14.648829431438106,1.6353244096907258,2.0305319970636466,1.7525045942296074,1,3.2,1,1,1,1,5.233038111010323,3.3205785394562386,1.6353244096907258,1.7525045942296074,2.0305319970636466
14.74916387959864,1.6656508778179426,2.0034846888283515,1.7427495803003707,1,3.2,1,1,1,1,5.330082809017417,3.3371060306417513,1.6656508778179426,1.7427495803003707,2.0034846888283515
14.849498327759175,1.7009955334370122,1.9782849532009514,1.7370647772193992,1,3.2,1,1,1,1,5.443185706998439,3.365053869260467,1.7009955334370122,1.7370647772193992,1.9782849532009514
14.94983277591971,1.7413105531106277,1.9551493706305763,1.7355385275741633,1,3.2,1,1,1,1,5.5721937699540085,3.404522231986624,1.7413105531106277,1.7355385275741633,1.9551493706305763
15.050167224080244,1.7865234620805472,1.9342816014446964,1.738245040119095,1,3.2,1,1,1,1,5.716875078657751,3.4556394632516843,1.7865234620805472,1.738245040119095,1.9342816014446964
15.150501672240779,1.836528338115709,1.9158722085804885,1.7452429821241326,1,3.2,1,1,1,1,5.876890681970269,3.518553603266397,1.836528338115709,1.7452429821241326,1.9158722085804885
15.250836120401313,1.891175929533922,1.9000983233727937,1.7565732829893002,1,3.2,1,1,1,1,6.051762974508551,3.5934202129103903,1.891175929533922,1.7565732829893002,1.9000983233727937
15.351170568561848,1.9502629525081687,1.887123097410611,1.7722561831976764,1,3.2,1,1,1,1,6.24084144802614,3.6803862637023785,1.9502629525081687,1.7722561831976764,1.887123097410611
15.451505016722383,2.0135207790183154,1.8770948872401798,1.7922875059418037,1,3.2,1,1,1,1,6.443266492858609,3.7795695596471437,2.0135207790183154,1.7922875059418037,1.8770948872401798
15.551839464882917,2.0806038990994913,1.8701461247447229,1.8166341903695538,1,3.2,1,1,1,1,6.657932477118372,3.891033319029674,2.0806038990994913,1.8166341903695538,1.8701461247447229
15.652173913043452,2.1510786611101915,1.8663918358784564,1.845229158653829,1,3.2,1,1,1,1,6.883451715552614,4.014755651428422,2.1510786611101915,1.845229158653829,1.8663918358784564
15.752508361203986,2.22441293627129,1.8659277831345586,1.8779656371539446,1,3.2,1,1,1,1,7.118121396068128,4.150593898952522,2.22441293627129,1.8779656371539446,1.8659277831345586
15.852842809364521,2.299967498277522,1.8688282236609566,1.9146911092324264,1,3.2,1,1,1,1,7.35989599448807,4.298244174283916,2.299967498277522,1.9146911092324264,1.8688282236609566
15.953177257525056,2.3769900405686113,1.8751432957655745,1.9552011424015896,1,3.2,1,1,1,1,7.606368129819557,4.457196938673772,2.3769900405686113,1.9552011424015896,1.8751432957655745
16.05351170568559,2.4546128528213305,1.884896071878785,1.9992334025181773,1,3.2,1,1,1,1,7.854761129028258,4.626690124266104,2.4546128528213305,1.9992334025181773,1.884896071878785
16.153846153846125,2.5318552679750512,1.8980793457804055,2.0464622400936383,1,3.2,1,1,1,1,8.101936857520164,4.805662190648759,2.5318552679750512,2.0464622400936383,1.8980793457804055
16.25418060200666,2.6076318419149,1.9146522553049214,2.096494296743122,1,3.2,1,1,1,1,8.34442189412768,4.99270818712729,2.6076318419149,2.096494296743122,1.9146522553049214
16.354515050167194,2.680766601897724,1.9345368764252269,2.148865604798833,1,3.2,1,1,1,1,8.578453126072716,5.186041848460293,2.680766601897724,2.148865604798833,1.9345368764252269
16.45484949832773,2.750015680459505,1.9576149601876245,2.2030407220059245,1,3.2,1,1,1,1,8.800050177470416,5.383471836818077,2.750015680459505,2.2030407220059245,1.9576149601876245
16.555183946488263,2.8140964725032243,1.9837250180769186,2.2584144195981253,1,3.2,1,1,1,1,9.005108712010317,5.582393575786651,2.8140964725032243,2.2584144195981253,1.9837250180769186
16.655518394648798,2.871723777684577,2.0126599881569196,2.3143163544782124,1,3.2,1,1,1,1,9.189516088590647,5.779803544384585,2.871723777684577,2.3143163544782124,2.0126599881569196
16.755852842809333,2.9216519104392176,2.04416572861184,2.370019043982629,1,3.2,1,1,1,1,9.349286113405496,5.972340706253158,2.9216519104392176,2.370019043982629,2.04416572861184
16.856187290969867,2.9627210656915883,2.077940584830421,2.4247493153335937,1,3.2,1,1,1,1,9.480707410213084,6.156358343932586,2.9627210656915883,2.4247493153335937,2.077940584830421
16.9565217391304,2.9939054018099873,2.113636258917894,2.4777031935126903,1,3.2,1,1,1,1,9.58049728579196,6.328027013035736,2.9939054018099873,2.4777031935126903,2.113636258917894
17.056856187290936,3.0143597839404563,2.1508601730192383,2.5280639253496537,1,3.2,1,1,1,1,9.645951308609462,6.483466406428404,3.0143597839404563,2.5280639253496537,2.1508601730192383
17.15719063545147,3.0234618976941676,2.1891794574993635,2.5750225522981185,1,3.2,1,1,1,1,9.675078072621337,6.618900676964114,3.0234618976941676,2.5750225522981185,2.1891794574993635
17.257525083612006,3.0208464534133945,2.2281266132754434,2.6178001804873126,1,3.2,1,1,1,1,9.666708650922864,6.7308283774691215,3.0208464534133945,2.6178001804873126,2.2281266132754434
17.35785953177254,3.0064285115704257,2.267206800097336,2.6556708808506855,1,3.2,1,1,1,1,9.620571237025363,6.816195165438982,3.0064285115704257,2.6556708808506855,2.267206800097336
17.458193979933075,2.9804136405169865,2.3059065971986925,2.6879840046940644,1,3.2,1,1,1,1,9.537323649654358,6.872555476049092,2.9804136405169865,2.6879840046940644,2.3059065971986925
17.55852842809361,2.9432936408834314,2.3437039781038456,2.714184644142835,1,3.2,1,1,1,1,9.41853965082698,6.898209014866249,2.9432936408834314,2.714184644142835,2.3437039781038456
17.658862876254144,2.8958277397983663,2.3800791466380837,2.733831020494798,1,3.2,1,1,1,1,9.266648767354772,6.892299215750186,2.8958277397983663,2.733831020494798,2.3800791466380837
17.75919732441468,2.839010865039308,2.414525806727728,2.746607770732837,1,3.2,1,1,1,1,9.084834768125786,6.8548649992178206,2.839010865039308,2.746607770732837,2.414525806727728
17.859531772575213,2.77403066941525,2.4465623911495515,2.75233434723645,1,3.2,1,1,1,1,8.8768981421288,6.786839107686766,2.77403066941525,2.75233434723645,2.4465623911495515
17.959866220735748,2.7022172123570325,2.475742765683095,2.7509681751666397,1,3.2,1,1,1,1,8.647095079542504,6.689994714797263,2.7022172123570325,2.7509681751666397,2.475742765683095
18.060200668896282,2.62498875250823,2.501665963536125,2.7426024749727405,1,3.2,1,1,1,1,8.399964008026336,6.566845016814993,2.62498875250823,2.7426024749727405,2.501665963536125
18.160535117056817,2.5437975576136833,2.5239845140521373,2.7274590011886874,1,3.2,1,1,1,1,8.140152184363787,6.420505642300586,2.5437975576136833,2.7274590011886874,2.5239845140521373
18.26086956521735,2.4600793268528878,2.5424110789231356,2.7058765423054756,1,3.2,1,1,1,1,7.872253845929241,6.254532935620551,2.4600793268528878,2.7058765423054756,2.5424110789231356
18.361204013377886,2.375208892272639,2.55672317936329,2.6782959541820723,1,3.2,1,1,1,1,7.600668455272445,6.07275163070326,2.375208892272639,2.6782959541820723,2.55672317936329
18.46153846153842,2.2904642977676017,2.566765917956728,2.6452427889278223,1,3.2,1,1,1,1,7.329485752856326,5.879085695806571,2.2904642977676017,2.6452427889278223,2.566765917956728
18.561872909698955,2.2070003214693523,2.572452710026547,2.607308606694099,1,3.2,1,1,1,1,7.062401028701927,5.677403957993296,2.2070003214693523,2.607308606694099,2.572452710026547
18.66220735785949,2.125831593363239,2.5737641401413924,2.5651320135736446,1,3.2,1,1,1,1,6.802661098762364,5.471389122977943,2.125831593363239,2.5651320135736446,2.5737641401413924
18.762541806020025,2.047824716684627,2.5707451425520227,2.519380345125468,1,3.2,1,1,1,1,6.553039093390807,5.264435443214977,2.047824716684627,2.519380345125468,2.5707451425520227
18.86287625418056,1.9736982639267298,2.563500765076559,2.470732740540171,1,3.2,1,1,1,1,6.315834444565535,5.059577009606448,1.9736982639267298,2.470732740540171,2.563500765076559
18.963210702341094,1.9040291853788993,2.5521908126884494,2.4198651552871246,1,3.2,1,1,1,1,6.092893393212478,4.859445794014699,1.9040291853788993,2.4198651552871246,2.5521908126884494
19.06354515050163,1.839264026971787,2.53702368115303,2.367437661246482,1,3.2,1,1,1,1,5.885644886309719,4.666256392320309,1.839264026971787,2.367437661246482,2.53702368115303
19.163879598662163,1.779733379110971,2.5182496855233953,2.314084198066876,1,3.2,1,1,1,1,5.695146813155108,4.481813022261693,1.779733379110971,2.314084198066876,2.5182496855233953
19.264214046822698,1.7256681282781015,2.4961541669231018,2.260404779618356,1,3.2,1,1,1,1,5.522138010489925,4.307533689127773,1.7256681282781015,2.260404779618356,2.4961541669231018
19.364548494983232,1.677216309488314,2.4710506280131477,2.2069600328271175,1,3.2,1,1,1,1,5.367092190362605,4.144486414874992,1.677216309488314,2.2069600328271175,2.4710506280131477
19.464882943143767,1.6344596148628094,2.443274107238891,2.154267855504241,1,3.2,1,1,1,1,5.230270767560991,3.993432856321952,1.6344596148628094,2.154267855504241,2.443274107238891
19.5652173913043,1.5974288676450699,2.4131749584759024,2.102801922748061,1,3.2,1,1,1,1,5.1117723764642236,3.8548753413475993,1.5974288676450699,2.102801922748061,2.4131749584759024
19.665551839464836,1.5661180004089301,2.3811131593968025,2.0529917430054883,1,3.2,1,1,1,1,5.011577601308577,3.7291041799419102,1.5661180004089301,2.0529917430054883,2.3811131593968025
19.76588628762537,1.5404962690105861,2.3474532311837675,2.00522395899131,1,3.2,1,1,1,1,4.929588060833876,3.6162429443154385,1.5404962690105861,2.00522395899131,2.3474532311837675
19.866220735785905,1.5205185815202673,2.312559815683855,1.9598445994620581,1,3.2,1,1,1,1,4.865659460864856,3.516290170624386,1.5205185815202673,1.9598445994620581,2.312559815683855
19.96655518394644,1.5061339357934367,2.276793924656365,1.9171620101229205,1,3.2,1,1,1,1,4.819628594538997,3.4291565947332763,1.5061339357934367,1.9171620101229205,2.276793924656365
20.066889632106975,1.4972920222570676,2.240509849766195,1.8774502206047938,1,3.2,1,1,1,1,4.7913344712226165,3.354697523843305,1.4972920222570676,1.8774502206047938,2.240509849766195
20.16722408026751,1.4939480887961496,2.2040527013452063,1.8409525353475842,1,3.2,1,1,1,1,4.7806338841476785,3.2927403207806614,1.4939480887961496,1.8409525353475842,2.2040527013452063
20.267558528428044,1.4960661765432532,2.167756528229141,1.8078851664003235,1,3.2,1,1,1,1,4.787411764938411,3.243107220864448,1.4960661765432532,1.8078851664003235,2.167756528229141
20.36789297658858,1.503620829709436,2.1319429595262016,1.778440753687437,1,3.2,1,1,1,1,4.811586655070196,3.205633841695978,1.503620829709436,1.778440753687437,2.1319429595262016
20.468227424749113,1.5165973639195178,2.0969203012552033,1.7527916420345242,1,3.2,1,1,1,1,4.853111564542457,3.1801838012329626,1.5165973639195178,1.7527916420345242,2.0969203012552033
20.568561872909648,1.534990751565641,2.062983015679742,1.7310928035968913,1,3.2,1,1,1,1,4.911970405010051,3.1666598497053995,1.534990751565641,1.7310928035968913,2.062983015679742
20.668896321070182,1.5588031543286585,2.0304115081743883,1.713484309199623,1,3.2,1,1,1,1,4.988170093851707,3.1650118635274453,1.5588031543286585,1.713484309199623,2.0304115081743883
20.769230769230717,1.588040097855526,1.999472145937119,1.7000932591131683,1,3.2,1,1,1,1,5.081728313137684,3.175241942293381,1.588040097855526,1.7000932591131683,1.999472145937119
20.86956521739125,1.622705310181897,1.970417425709633,1.6910351119828906,1,3.2,1,1,1,1,5.19265699258207,3.1974068199739647,1.622705310181897,1.6910351119828906,1.970417425709633
20.969899665551786,1.6627941189976818,1.9434862264862058,1.686414309178463,1,3.2,1,1,1,1,5.320941180792582,3.2316174677542597,1.6627941189976818,1.686414309178463,1.9434862264862058
21.07023411371232,1.7082854367360956,1.9189040569498361,1.6863241470293708,1,3.2,1,1,1,1,5.466513397555506,3.2780358549812165,1.7082854367360956,1.6863241470293708,1.9189040569498361
21.170568561872855,1.7591322988911984,1.8968832282094292,1.6908458275426523,1,3.2,1,1,1,1,5.629223356451835,3.336868553968211,1.7591322988911984,1.6908458275426523,1.8968832282094292
21.27090301003339,1.8152509696521748,1.8776228774258141,1.7000466254413478,1,3.2,1,1,1,1,5.80880310288696,3.4083567488883157,1.8152509696521748,1.7000466254413478,1.8776228774258141
21.371237458193924,1.8765086970382776,1.8613087693598005,1.713977123710848,1,3.2,1,1,1,1,6.004827830522489,3.492762093577279,1.8765086970382776,1.713977123710848,1.8613087693598005
21.47157190635446,1.942710284986498,1.8481128063714292,1.7326674849466732,1,3.2,1,1,1,1,6.216672911956794,3.5903477567530357,1.942710284986498,1.7326674849466732,1.8481128063714292
21.571906354514994,2.013583768784265,1.8381921820271319,1.7561227504209003,1,3.2,1,1,1,1,6.443468060109648,3.7013539416359635,2.013583768784265,1.7561227504209003,1.8381921820271319
21.672240802675528,2.0887656305060176,1.8316881205017919,1.7843171939312967,1,3.2,1,1,1,1,6.684050017619256,3.8259671919103075,2.0887656305060176,1.7843171939312967,1.8316881205017919
21.772575250836063,2.1677861701090317,1.8287241542656332,1.817187805059529,1,3.2,1,1,1,1,6.936915744348902,3.964282930561375,2.1677861701090317,1.817187805059529,1.8287241542656332
21.872909698996597,2.2500558483373347,1.8294039070611179,1.8546270376960594,1,3.2,1,1,1,1,7.200178714679471,4.1162609600540385,2.2500558483373347,1.8546270376960594,1.8294039070611179
21.973244147157132,2.3348536262591697,1.8338083688237683,1.8964750347479362,1,3.2,1,1,1,1,7.471531604029344,4.281674119812588,2.3348536262591697,1.8964750347479362,1.8338083688237683
22.073578595317667,2.421318522512007,1.8419926747574404,1.9425116273572964,1,3.2,1,1,1,1,7.748219272038423,4.460050981721626,2.421318522512007,1.9425116273572964,1.8419926747574404
22.1739130434782,2.5084458040240745,1.8539824327711665,1.9924485047565053,1,3.2,1,1,1,1,8.02702657287704,4.650614454219178,2.5084458040240745,1.9924485047565053,1.8539824327711665
22.274247491638736,2.595089280221574,1.869769681934073,2.045922051320234,1,3.2,1,1,1,1,8.304285696709037,4.8522192580704155,2.595089280221574,2.045922051320234,1.869769681934073
22.37458193979927,2.6799703608926295,1.8893086073955059,2.1024874083744067,1,3.2,1,1,1,1,8.575905154856414,5.063291070399285,2.6799703608926295,2.1024874083744067,1.8893086073955059
22.474916387959805,2.7616971424452954,1.9125111844575144,2.161614440610635,1,3.2,1,1,1,1,8.837430855824946,5.2817766730109845,2.7616971424452954,2.161614440610635,1.9125111844575144
22.57525083612034,2.8387921762015518,1.9392429741000397,2.222686316159674,1,3.2,1,1,1,1,9.084134963844965,5.505107782629021,2.8387921762015518,2.222686316159674,1.9392429741000397
22.675585284280874,2.9097299883761054,1.969319337818066,2.2850013651835313,1,3.2,1,1,1,1,9.311135962803538,5.730187533938201,2.9097299883761054,2.2850013651835313,1.969319337818066
22.77591973244141,2.9729838668203485,2.0025023745734534,2.347778799355036,1,3.2,1,1,1,1,9.513548373825115,5.953407252876316,2.9729838668203485,2.347778799355036,2.0025023745734534
22.876254180601943,3.027080522830514,2.038498902893903,2.41016874174628,1,3.2,1,1,1,1,9.686657673057645,6.170700324761505,3.027080522830514,2.41016874174628,2.038498902893903
22.976588628762478,3.0706600366100067,2.0769598126069466,2.4712667963864967,1,3.2,1,1,1,1,9.826112117152022,6.37763749421716,3.0706600366100067,2.4712667963864967,2.0769598126069466
23.076923076923013,3.1025375483866773,2.1174810873235703,2.5301330724994013,1,3.2,1,1,1,1,9.928120154837368,6.569564581420026,3.1025375483866773,2.5301330724994013,2.1174810873235703
23.177257525083547,3.121762509648707,2.1596067448857688,2.5858152059011363,1,3.2,1,1,1,1,9.989640030875863,6.741779371768873,3.121762509648707,2.5858152059011363,2.1596067448857688
23.277591973244082,3.1276709501114333,2.2028338571592454,2.637374537825548,1,3.2,1,1,1,1,10.008547040356587,6.88973946295889,3.1276709501114333,2.637374537825548,2.2028338571592454
23.377926421404617,3.1199262510902086,2.246619696892112,2.683914258765165,1,3.2,1,1,1,1,9.983764003488668,7.009287768550028,3.1199262510902086,2.683914258765165,2.246619696892112
23.47826086956515,3.098544488730598,2.2903909258761788,2.72460803643654,1,3.2,1,1,1,1,9.915342363937915,7.096878180412205,3.098544488730598,2.72460803643654,2.2903909258761788
23.578595317725686,3.063901536112312,2.3335545968064144,2.758727461297911,1,3.2,1,1,1,1,9.8044849155594,7.1497815137571195,3.063901536112312,2.758727461297911,2.3335545968064144
23.67892976588622,3.016720556430197,2.3755106005196063,2.7856665800946505,1,3.2,1,1,1,1,9.65350578057663,7.1662516606053375,3.016720556430197,2.7856665800946505,2.3755106005196063
23.779264214046755,2.9580414806318016,2.415665038166807,2.8049620922994234,1,3.2,1,1,1,1,9.465732738021766,7.14563738620942,2.9580414806318016,2.8049620922994234,2.415665038166807
23.87959866220729,2.8891727912474243,2.453444028854482,2.816307684414411,1,3.2,1,1,1,1,9.245352931991759,7.08842373301483,2.8891727912474243,2.816307684414411,2.453444028854482
23.979933110367824,2.8116310113509755,2.4883072069994436,2.8195618383588013,1,3.2,1,1,1,1,8.997219236323122,6.996201708967766,2.8116310113509755,2.8195618383588013,2.4883072069994436
24.08026755852836,2.727072685402736,2.5197603527666006,2.8147486915991435,1,3.2,1,1,1,1,8.726632593288755,6.8715696317905595,2.727072685402736,2.8147486915991435,2.5197603527666006
24.180602006688893,2.637224132617343,2.547366567093338,2.802052158844356,1,3.2,1,1,1,1,8.439117224375499,6.717976585361147,2.637224132617343,2.802052158844356,2.547366567093338
24.280936454849428,2.543813539890427,2.5707555159658186,2.7818039908052343,1,3.2,1,1,1,1,8.140203327649367,6.539522689261851,2.543813539890427,2.7818039908052343,2.5707555159658186
24.381270903009963,2.448510193759132,2.5896303983209843,2.7544668173618767,1,3.2,1,1,1,1,7.835232620029223,6.340736428357451,2.448510193759132,2.7544668173618767,2.5896303983209843
24.481605351170497,2.3528741093679453,2.6037724391666472,2.7206134902683843,1,3.2,1,1,1,1,7.529197149977425,6.1263487588010275,2.3528741093679453,2.7206134902683843,2.6037724391666472
24.581939799331032,2.2583180174877855,2.6130428611012917,2.6809041771628492,1,3.2,1,1,1,1,7.226617655960914,5.90108177369288,2.2583180174877855,2.6809041771628492,2.6130428611012917
24.682274247491566,2.1660822725625293,2.6173824305826927,2.6360626448597033,1,3.2,1,1,1,1,6.931463272200094,5.669465683401795,2.1660822725625293,2.6360626448597033,2.6173824305826927
24.7826086956521,2.0772221191479585,2.6168087976414514,2.586853026118493,1,3.2,1,1,1,1,6.647110781273468,5.435693116041797,2.0772221191479585,2.586853026118493,2.6168087976414514
24.882943143812636,1.9926059146238801,2.611411940200218,2.534058137340669,1,3.2,1,1,1,1,6.376338926796417,5.203514877562377,1.9926059146238801,2.534058137340669,2.611411940200218
24.98327759197317,1.9129223562834556,2.601348083341566,2.478460149066172,1,3.2,1,1,1,1,6.121351540107058,4.9761769050992,1.9129223562834556,2.478460149066172,2.601348083341566
25.083612040133705,1.8386944964660312,2.5868324912027867,2.420824136619755,1,3.2,1,1,1,1,5.8838223886913,4.756394664854077,1.8386944964660312,2.420824136619755,2.5868324912027867
25.18394648829424,1.7702983265917245,2.568131528531697,2.3618847766326625,1,3.2,1,1,1,1,5.664954645093519,4.546358947427111,1.7702983265917245,2.3618847766326625,2.568131528531697
25.284280936454774,1.7079839122479523,2.545554365167385,2.3023362258740216,1,3.2,1,1,1,1,5.465548519193447,4.347765903458443,1.7079839122479523,2.3023362258740216,2.545554365167385
25.38461538461531,1.6518973875876135,2.5194446554832677,2.2428250365756544,1,3.2,1,1,1,1,5.286071640280364,4.161864044564385,1.6518973875876135,2.2428250365756544,2.5194446554832677
25.484949832775843,1.6021024927713032,2.4901724724661385,2.1839458328398362,1,3.2,1,1,1,1,5.126727976868171,3.98951152556848,1.6021024927713032,2.1839458328398362,2.4901724724661385
25.585284280936378,1.55860070851933,2.458126718742183,2.126239392412546,1,3.2,1,1,1,1,4.987522267261856,3.8312380454618626,1.55860070851933,2.126239392412546,2.458126718742183
25.685618729096912,1.5213493747156348,2.4237081794956974,2.070192738912169,1,3.2,1,1,1,1,4.868317999090031,3.687306923368949,1.5213493747156348,2.070192738912169,2.4237081794956974
25.785953177257447,1.4902774582273068,2.3873233283375366,2.0162408425743634,1,3.2,1,1,1,1,4.768887866327382,3.557774141721618,1.4902774582273068,2.0162408425743634,2.3873233283375366
25.88628762541798,1.4652988507142288,2.349378948965332,1.9647695444498203,1,3.2,1,1,1,1,4.688956322285533,3.4425422738111036,1.4652988507142288,1.9647695444498203,2.349378948965332
25.986622073578516,1.446323228871132,2.310277594205269,1.9161193519898976,1,3.2,1,1,1,1,4.628234332387623,3.3414081496395958,1.446323228871132,1.9161193519898976,2.310277594205269
26.08695652173905,1.4332646112529672,2.270413870310869,1.8705897960789575,1,3.2,1,1,1,1,4.5864467560094955,3.2541038532144526,1.4332646112529672,1.8705897960789575,2.270413870310869
26.187290969899585,1.4260477810720553,2.230171508108052,1.828444084162949,1,3.2,1,1,1,1,4.563352899430577,3.1803311305476067,1.4260477810720553,1.828444084162949,2.230171508108052
26.28762541806012,1.4246127698518825,2.189921163047352,1.7899138271236488,1,3.2,1,1,1,1,4.558760863526024,3.1197896538461443,1.4246127698518825,1.7899138271236488,2.189921163047352
26.387959866220655,1.4289175803898255,2.15001887247608,1.7552036564369644,1,3.2,1,1,1,1,4.5725362572474415,3.072199765050981,1.4289175803898255,1.7552036564369644,2.15001887247608
26.48829431438119,1.4389392915226824,2.110805091206255,1.724495579999065,1,3.2,1,1,1,1,4.604605732872584,3.0373203824827995,1.4389392915226824,1.724495579999065,2.110805091206255
26.588628762541724,1.4546736725490592,2.072604211344763,1.6979529570527971,1,3.2,1,1,1,1,4.654955752156989,3.014962779857533,1.4546736725490592,1.6979529570527971,2.072604211344763
26.68896321070226,1.4761333409487127,2.035724489278871,1.6757239874180114,1,3.2,1,1,1,1,4.723626691035881,3.0050007916103314,1.4761333409487127,1.6757239874180114,2.035724489278871
26.789297658862793,1.5033444735448132,2.0004582890912,1.65794461456405,1,3.2,1,1,1,1,4.810702315343402,3.0073779134621677,1.5033444735448132,1.65794461456405,2.0004582890912
26.889632107023328,1.536342083030645,1.9670825415831497,1.644740774423397,1,3.2,1,1,1,1,4.916294665698064,3.0221116894290714,1.536342083030645,1.644740774423397,1.9670825415831497
26.989966555183862,1.575163767295062,1.935859341527387,1.63622990355941,1,3.2,1,1,1,1,5.040524055344199,3.049295493353617,1.575163767295062,1.63622990355941,1.935859341527387
27.090301003344397,1.6198418551833624,1.9070365928577366,1.6325216295797045,1,3.2,1,1,1,1,5.1834939365867605,3.089097692477235,1.6198418551833624,1.6325216295797045,1.9070365928577366
27.19063545150493,1.6703938565793435,1.8808486153038175,1.6337175643135895,1,3.2,1,1,1,1,5.3452603410538995,3.1417579721592617,1.6703938565793435,1.6337175643135895,1.8808486153038175
27.290969899665466,1.7268111377803135,1.8575166266027534,1.6399101194933507,1,3.2,1,1,1,1,5.5257956408970035,3.2075803994297503,1.7268111377803135,1.6399101194933507,1.8575166266027534
27.391304347826,1.789045781974523,1.8372490150129899,1.6511802664486133,1,3.2,1,1,1,1,5.724946502318474,3.2869226007458363,1.789045781974523,1.6511802664486133,1.8372490150129899
27.491638795986535,1.8569956652491906,1.8202413177811625,1.6675941681406161,1,3.2,1,1,1,1,5.94238612879741,3.3801802368270932,1.8569956652491906,1.6675941681406161,1.8202413177811625
27.59197324414707,1.9304878870194966,1.8066758230600775,1.6891986265517434,1,3.2,1,1,1,1,6.177561238462389,3.487765792188459,1.9304878870194966,1.6891986265517434,1.8066758230600775
27.692307692307605,2.00926084507272,1.7967207163571768,1.7160153141131094,1,3.2,1,1,1,1,6.429634704232704,3.610080584907484,2.00926084507272,1.7160153141131094,1.7967207163571768
27.79264214046814,2.0929454422252443,1.7905286989444897,1.7480337977060207,1,3.2,1,1,1,1,6.697425415120782,3.7474788796293663,2.0929454422252443,1.7480337977060207,1.7905286989444897
27.892976588628674,2.1810461525543183,1.7882350160188623,1.7852034207852345,1,3.2,1,1,1,1,6.979347688173819,3.9002231015508495,2.1810461525543183,1.7852034207852345,1.7882350160188623
27.99331103678921,2.272922952780307,1.7899548481391674,1.8274241856134323,1,3.2,1,1,1,1,7.273353448896983,4.068429458775903,2.272922952780307,1.8274241856134323,1.7899548481391674
28.093645484949743,2.3677754224813885,1.795780041986357,1.8745368744023996,1,3.2,1,1,1,1,7.576881351940443,4.252003847597892,2.3677754224813885,1.8745368744023996,1.795780041986357
28.193979933110278,2.464630635999375,1.8057751871042913,1.9263127653288987,1,3.2,1,1,1,1,7.886818035198001,4.45056884786474,2.464630635999375,1.9263127653288987,1.8057751871042913
28.294314381270812,2.562336762196237,1.8199730850424467,1.9824434345139008,1,3.2,1,1,1,1,8.19947763902796,4.66338394201196,2.562336762196237,1.9824434345139008,1.8199730850424467
28.394648829431347,2.659563504134562,1.8383697050646561,2.0425312403645224,1,3.2,1,1,1,1,8.510603213230599,4.889260974696578,2.659563504134562,2.0425312403645224,1.8383697050646561
28.49498327759188,2.754813401544732,1.8609187772549631,2.1060812662328035,1,3.2,1,1,1,1,8.815402884943143,5.126483986768209,2.754813401544732,2.1060812662328035,1.8609187772549631
28.595317725752416,2.8464437463138714,1.8875262382791362,2.1724956020915696,1,3.2,1,1,1,1,9.108619988204389,5.372737256952994,2.8464437463138714,2.1724956020915696,1.8875262382791362
28.69565217391295,2.932701000333487,1.9180448113398483,2.2410708796556325,1,3.2,1,1,1,1,9.384643201067158,5.625051936900827,2.932701000333487,2.2410708796556325,1.9180448113398483
28.795986622073485,3.011768240670924,1.9522690628039792,2.3109999615938053,1,3.2,1,1,1,1,9.637658370146958,5.879781960597414,3.011768240670924,2.3109999615938053,1.9522690628039792
28.89632107023402,3.0818251043422142,1.989931327776455,2.3813786077464147,1,3.2,1,1,1,1,9.861840333895087,6.132620321858514,3.0818251043422142,2.3813786077464147,1.989931327776455
28.996655518394554,3.1411181574800415,2.030698929134844,2.4512177521225578,1,3.2,1,1,1,1,10.051578103936134,6.378665278680734,3.1411181574800415,2.4512177521225578,2.030698929134844
29.09698996655509,3.188038151033325,2.07417312001343,2.519461699683721,1,3.2,1,1,1,1,10.201722083306642,6.612543038450638,3.188038151033325,2.519461699683721,2.07417312001343
29.197324414715624,3.2211993700506847,2.119890148469013,2.585012113974511,1,3.2,1,1,1,1,10.307837984162191,6.828588810825037,3.2211993700506847,2.585012113974511,2.119890148469013
29.29765886287616,3.239515283300465,2.167324768814101,2.646757162597777,1,3.2,1,1,1,1,10.366448906561487,7.021081712448927,3.239515283300465,2.646757162597777,2.167324768814101
29.397993311036693,3.242264038860847,2.2158964237990406,2.703604680318315,1,3.2,1,1,1,1,10.37524492435471,7.184521288723984,3.242264038860847,2.703604680318315,2.2158964237990406
29.498327759197227,3.2291380103607557,2.2649780652663463,2.7545176009092196,1,3.2,1,1,1,1,10.333241633154419,7.313926763184923,3.2291380103607557,2.7545176009092196,2.2649780652663463
29.598662207357762,3.200271384510443,2.313907642171182,2.7985498596568257,1,3.2,1,1,1,1,10.240868430433418,7.405132413640463,3.200271384510443,2.7985498596568257,2.313907642171182
29.698996655518297,3.156243455414383,2.3620017978664407,2.83488024418661,1,3.2,1,1,1,1,10.099979057326026,7.45505271619296,3.156243455414383,2.83488024418661,2.3620017978664407
29.79933110367883,3.0980555515043537,2.408571302860452,2.8628420470027054,1,3.2,1,1,1,1,9.913777764813933,7.461887696020898,3.0980555515043537,2.8628420470027054,2.408571302860452
29.899665551839366,3.0270826242609012,2.4529375610498696,2.881946450928355,1,3.2,1,1,1,1,9.686664397634885,7.425244669450974,3.0270826242609012,2.881946450928355,2.4529375610498696
29.9999999999999,2.9450053834874494,2.4944494016814645,2.891898061682124,1,3.2,1,1,1,1,9.424017227159839,7.34616691678896,2.9450053834874494,2.891898061682124,2.4944494016814645