Time,S1,P,Xo,k1,k2,k3,v1,_J0,_J1,_J2,_J3
0,0,0,20,0.1,0.3,0.23,0.3,2,0,0,0.3
0.20040080160320642,0.39107977465682003,-0.051030723953990484,20,0.1,0.3,0.23,0.3,2.107549791636281,0.117323932397046,0.08994834817106862,0.3
0.40080160320641284,0.7603649147017179,-0.08452344344771019,20,0.1,0.3,0.23,0.3,2.1846545230301206,0.22810947441051535,0.1748839303813951,0.3
0.6012024048096193,1.1037027387852916,-0.10157616712357659,20,0.1,0.3,0.23,0.3,2.226120820500425,0.33111082163558747,0.25385162992061705,0.3
0.8016032064128257,1.4167550672844114,-0.10348553079105437,20,0.1,0.3,0.23,0.3,2.2308619310569893,0.4250265201853234,0.3258536654754146,0.3
1.0020040080160322,1.6958341195467699,-0.09173655255461279,20,0.1,0.3,0.23,0.3,2.2020042814948333,0.5087502358640309,0.3900418474957571,0.3
1.2024048096192386,1.9385449413632143,-0.06795614391118995,20,0.1,0.3,0.23,0.3,2.1458217732293376,0.5815634824089643,0.4458653365135393,0.3
1.402805611222445,2.144097178999489,-0.033845152815920425,20,0.1,0.3,0.23,0.3,2.0700615494805295,0.6432291536998467,0.4931423511698825,0.3
1.6032064128256514,2.3132640545128282,0.00889595330048134,20,0.1,0.3,0.23,0.3,1.9823649737688425,0.6939792163538484,0.5320507325379505,0.3
1.8036072144288577,2.4480942459053567,0.05863313981729794,20,0.1,0.3,0.23,0.3,1.8892285956069408,0.734428273771607,0.563061676558232,0.3
2.0040080160320644,2.551515499324138,0.11384864814841626,20,0.1,0.3,0.23,0.3,1.795576089556386,0.7654546497972413,0.5868485648445517,0.3
2.204408817635271,2.6269440371391335,0.1731722701754915,20,0.1,0.3,0.23,0.3,1.7047794691744853,0.7880832111417401,0.6041971285420007,0.3
2.4048096192384776,2.6779625211796176,0.23539618080040073,20,0.1,0.3,0.23,0.3,1.618913860251875,0.8033887563538853,0.6159313798713121,0.3
2.605210420841684,2.7080868540934215,0.29947700640868785,20,0.1,0.3,0.23,0.3,1.5390807148849208,0.8124260562280264,0.6228599764414869,0.3
2.805611222444891,2.720619439352509,0.36452877990855365,20,0.1,0.3,0.23,0.3,1.4657074511349137,0.8161858318057528,0.6257424710510772,0.3
3.0060120240480974,2.718565804709009,0.42981114085048355,20,0.1,0.3,0.23,0.3,1.3987861353565585,0.8155697414127027,0.6252701350830722,0.3
3.206412825651304,2.7045995948835944,0.4947147060217238,20,0.1,0.3,0.23,0.3,1.3380479846372317,0.8113798784650783,0.6220579068232267,0.3
3.4068136272545106,2.6810592148656593,0.558745558030771,20,0.1,0.3,0.23,0.3,1.2830830469385166,0.8043177644596978,0.6166436194191017,0.3
3.6072144288577173,2.6499612813361297,0.6215100800546411,20,0.1,0.3,0.23,0.3,1.2334181727273656,0.7949883844008389,0.6094910947073099,0.3
3.807615230460924,2.613027013765167,0.6827006810055003,20,0.1,0.3,0.23,0.3,1.188565514102542,0.78390810412955,0.6009962131659884,0.3
4.0080160320641305,2.5717132391523956,0.7420828502285368,20,0.1,0.3,0.23,0.3,1.1480510239439117,0.7715139717457187,0.591494045005051,0.3
4.208416833667337,2.527243103134936,0.7994837390959151,20,0.1,0.3,0.23,0.3,1.111429882108758,0.7581729309404808,0.5812659137210353,0.3
4.408817635270543,2.4806348442310595,0.8547820636350301,20,0.1,0.3,0.23,0.3,1.0782938002324487,0.7441904532693179,0.5705460141731438,0.3
4.609218436873749,2.4327299847024837,0.9078993144807795,20,0.1,0.3,0.23,0.3,1.0482733469319816,0.7298189954107451,0.5595278964815713,0.3
4.809619238476955,2.384218940858377,0.9587921589985097,20,0.1,0.3,0.23,0.3,1.0210373728586697,0.7152656822575131,0.5483703563974268,0.3
5.010020040080161,2.3356632149575858,1.0074460471743483,20,0.1,0.3,0.23,0.3,0.9962907859043937,0.7006989644872758,0.5372025394402448,0.3
5.2104208416833675,2.287514772448043,1.0538697220287359,20,0.1,0.3,0.23,0.3,0.9737715973652284,0.6862544317344129,0.52612839766305,0.3
5.410821643286574,2.240133086219999,1.0980905800042542,20,0.1,0.3,0.23,0.3,0.9532476905720364,0.6720399258659996,0.5152306098305998,0.3
5.61122244488978,2.193799989223376,1.1401507238273998,20,0.1,0.3,0.23,0.3,0.9345136198740445,0.6581399967670127,0.5045739975213764,0.3
5.811623246492986,2.14873219271909,1.1801037059666095,20,0.1,0.3,0.23,0.3,0.9173875511180072,0.6446196578157269,0.4942084043253907,0.3
6.012024048096192,2.105091828577409,1.2180118338935617,20,0.1,0.3,0.23,0.3,0.9017084442192278,0.6315275485732227,0.48417112057280415,0.3
6.212424849699398,2.0629959137867138,1.2539437994605342,20,0.1,0.3,0.23,0.3,0.8873335708187072,0.6188987741360141,0.47448906017094417,0.3
6.4128256513026045,2.02252445090587,1.2879727282652087,20,0.1,0.3,0.23,0.3,0.8741362933623967,0.606757335271761,0.46518062370835017,0.3
6.613226452905811,1.983726542298313,1.3201746683402795,20,0.1,0.3,0.23,0.3,0.86200406688807,0.5951179626894939,0.45625710472861203,0.3
6.813627254509017,1.9466263936655004,1.350627353393173,20,0.1,0.3,0.23,0.3,0.8508366913679296,0.5839879180996501,0.4477240705430651,0.3
7.014028056112223,1.9112278149315365,1.379409157389606,20,0.1,0.3,0.23,0.3,0.840544802388738,0.573368344479461,0.4395823974342534,0.3
7.214428857715429,1.8775179276053406,1.4065983171670973,20,0.1,0.3,0.23,0.3,0.831048532583651,0.5632553782816022,0.43182912334922835,0.3
7.414829659318635,1.8454706390243514,1.4322721523014312,20,0.1,0.3,0.23,0.3,0.8222764044342601,0.5536411917073054,0.42445824697560086,0.3
7.6152304609218415,1.8150496687699331,1.4565065014220138,20,0.1,0.3,0.23,0.3,0.8141643422650203,0.54451490063098,0.4174614238170846,0.3
7.815631262525048,1.7862109308028364,1.4793753266158978,20,0.1,0.3,0.23,0.3,0.8066547966861484,0.5358632792408509,0.4108285140846524,0.3
8.016032064128254,1.7589044502944913,1.5009504171239378,20,0.1,0.3,0.23,0.3,0.7996959820978681,0.5276713350883474,0.404548023567733,0.3
8.216432865731461,1.733076050688893,1.5213011468068478,20,0.1,0.3,0.23,0.3,0.7932412209199762,0.5199228152066678,0.3986074916584454,0.3
8.416833667334668,1.7086684795709053,1.540494346438899,20,0.1,0.3,0.23,0.3,0.7872483569205619,0.5126005438712715,0.39299375030130823,0.3
8.617234468937875,1.6856225979580908,1.5585941563555368,20,0.1,0.3,0.23,0.3,0.7816792651667748,0.5056867793874272,0.3876931975303609,0.3
8.817635270541082,1.6638783342126306,1.5756619602541606,20,0.1,0.3,0.23,0.3,0.7764994129131154,0.4991635002637892,0.3826920168689051,0.3
9.01803607214429,1.6433754336017956,1.5917563629882492,20,0.1,0.3,0.23,0.3,0.7716774726826696,0.49301263008053864,0.377976349728413,0.3
9.218436873747496,1.6240540616175863,1.6069331971857883,20,0.1,0.3,0.23,0.3,0.7671849827832262,0.48721621848527585,0.37353243417204485,0.3
9.418837675350703,1.6058552841707165,1.621245555905977,20,0.1,0.3,0.23,0.3,0.7629960480023562,0.48175658525121495,0.36934671535926483,0.3
9.61923847695391,1.5887213773320163,1.6347438496320883,20,0.1,0.3,0.23,0.3,0.7590870741682448,0.4766164131996049,0.36540591678636375,0.3
9.819639278557117,1.5725961260621,1.647475864255997,20,0.1,0.3,0.23,0.3,0.7554365374968384,0.47177883781862995,0.36169710899428303,0.3
10.020040080160324,1.5574249995556213,1.6594868445278623,20,0.1,0.3,0.23,0.3,0.7520247765523576,0.4672274998666864,0.3582077498977929,0.3
10.220440881763531,1.543155527938338,1.6708195392788905,20,0.1,0.3,0.23,0.3,0.7488338207005896,0.4629466583815014,0.35492577142581777,0.3
10.420841683366739,1.5297370599980695,1.6815143591791628,20,0.1,0.3,0.23,0.3,0.7458472087437261,0.4589211179994208,0.351839523799556,0.3
10.621242484969946,1.517121456286582,1.6916093639363714,20,0.1,0.3,0.23,0.3,0.7430498744717843,0.4551364368859746,0.34893793494591385,0.3
10.821643286573153,1.5052623364691955,1.7011405095266068,20,0.1,0.3,0.23,0.3,0.740427975866577,0.45157870094075864,0.34621033738791496,0.3
11.02204408817636,1.494115863612957,1.7101415973713734,20,0.1,0.3,0.23,0.3,0.7379688212379177,0.4482347590838871,0.3436466486309801,0.3
11.222444889779567,1.483639826814018,1.7186445156966732,20,0.1,0.3,0.23,0.3,0.7356607266792602,0.44509194804420543,0.34123716016722416,0.3
11.422845691382774,1.4737944584276492,1.7266792298748364,20,0.1,0.3,0.23,0.3,0.7334929529249419,0.44213833752829473,0.3389727254383593,0.3
11.623246492985981,1.4645418642660164,1.7342739410375647,20,0.1,0.3,0.23,0.3,0.7314556050814234,0.4393625592798049,0.33684462878118376,0.3
11.823647294589188,1.4558462100182825,1.7414551452291267,20,0.1,0.3,0.23,0.3,0.7295395671457696,0.43675386300548474,0.33484462830420497,0.3
12.024048096192395,1.4476735801884977,1.7482477279083783,20,0.1,0.3,0.23,0.3,0.7277364335427466,0.4343020740565493,0.3329649234433545,0.3
12.224448897795602,1.439991952673154,1.7546750561548317,20,0.1,0.3,0.23,0.3,0.7260384470870187,0.4319975858019462,0.3311981491148254,0.3
12.42484969939881,1.4327711307623285,1.760759057087762,20,0.1,0.3,0.23,0.3,0.7244384456026152,0.42983133922869854,0.3295373600753356,0.3
12.625250501002016,1.4259826022046704,1.7665202904000619,20,0.1,0.3,0.23,0.3,0.7229298143737031,0.42779478066140114,0.3279759985070742,0.3
12.825651302605223,1.419599588577212,1.7719780564673224,20,0.1,0.3,0.23,0.3,0.7215064330447297,0.42587987657316356,0.32650790537275876,0.3
13.02605210420843,1.4135969984081074,1.7771504863359167,20,0.1,0.3,0.23,0.3,0.7201626306677877,0.4240790995224322,0.3251273096338647,0.3
13.226452905811637,1.4079509087203825,1.7820544761489738,20,0.1,0.3,0.23,0.3,0.7188931838489648,0.42238527261611475,0.323828709005688,0.3
13.426853707414844,1.4026391666595117,1.78670599095528,20,0.1,0.3,0.23,0.3,0.7176932214920893,0.4207917499978535,0.3226070083316877,0.3
13.627254509018051,1.3976409846540652,1.791120030486289,20,0.1,0.3,0.23,0.3,0.7165582196948891,0.41929229539621954,0.321457426470435,0.3
13.827655310621259,1.392936618915278,1.7953104253901924,20,0.1,0.3,0.23,0.3,0.7154840413550219,0.4178809856745834,0.32037542235051397,0.3
14.028056112224466,1.3885078110124556,1.7992904106173764,20,0.1,0.3,0.23,0.3,0.7144667778713624,0.41655234330373664,0.3193567965328648,0.3
14.228456913827673,1.3843373799715268,1.8030723594513207,20,0.1,0.3,0.23,0.3,0.7135028081799089,0.41530121399145803,0.3183975973934512,0.3
14.42885771543088,1.380408932602592,1.8066676209446613,20,0.1,0.3,0.23,0.3,0.7125888313511256,0.41412267978077755,0.31749405449859613,0.3
14.629258517034087,1.3767072975988206,1.8100871221245614,20,0.1,0.3,0.23,0.3,0.7117217057981831,0.41301218927964617,0.31664267844772875,0.3
14.829659318637294,1.3732181541221646,1.81334103546092,20,0.1,0.3,0.23,0.3,0.7108985276903454,0.4119654462366494,0.3158401754480979,0.3
15.0300601202405,1.369928284472152,1.8164387075537256,20,0.1,0.3,0.23,0.3,0.7101166429207117,0.4109784853416456,0.315083505428595,0.3
15.230460921843708,1.3668250168610119,1.819389121038682,20,0.1,0.3,0.23,0.3,0.7093735253057891,0.41004750505830356,0.31436975387803273,0.3
15.430861723446915,1.3638965831560805,1.8222006255359589,20,0.1,0.3,0.23,0.3,0.7086668403031,0.40916897494682414,0.31369621412589854,0.3
15.631262525050122,1.3611322395371548,1.8248809392587158,20,0.1,0.3,0.23,0.3,0.7079944404753657,0.40833967186114645,0.3130604150935456,0.3
15.831663326653329,1.3585216300833094,1.8274374431853595,20,0.1,0.3,0.23,0.3,0.7073542881807572,0.4075564890249928,0.31245997491916117,0.3
16.032064128256536,1.356055196603342,1.8298770040585681,20,0.1,0.3,0.23,0.3,0.7067444970688228,0.4068165589810026,0.31189269521876867,0.3
16.23246492985974,1.3537240922176987,1.8322060012956938,20,0.1,0.3,0.23,0.3,0.7061633225425794,0.4061172276653096,0.3113565412100707,0.3
16.432865731462947,1.3515199589865667,1.8344305276116832,20,0.1,0.3,0.23,0.3,0.7056091093138268,0.40545598769597,0.31084959056691036,0.3
16.633266533066152,1.3494350132236872,1.8365562477834776,20,0.1,0.3,0.23,0.3,0.705080324623503,0.4048305039671061,0.31037005304144805,0.3
16.833667334669357,1.3474619660361384,1.8385884385793254,20,0.1,0.3,0.23,0.3,0.70457554635887,0.40423858981084154,0.30991625218831187,0.3
17.034068136272563,1.3455939888363395,1.840532155050219,20,0.1,0.3,0.23,0.3,0.7040934201164293,0.4036781966509018,0.3094866174323581,0.3
17.234468937875768,1.343824706589723,1.842392077354305,20,0.1,0.3,0.23,0.3,0.7036326958318845,0.4031474119769169,0.30907968251563633,0.3
17.434869739478973,1.3421481493190726,1.8441725801705062,20,0.1,0.3,0.23,0.3,0.7031922092013493,0.40264444479572176,0.3086940743433867,0.3
17.63527054108218,1.340558646687235,1.8458778613146871,20,0.1,0.3,0.23,0.3,0.7027708487377166,0.40216759400617047,0.30832848873806407,0.3
17.835671342685384,1.3390509916207973,1.8475117902119575,20,0.1,0.3,0.23,0.3,0.7023675922518754,0.4017152974862392,0.3079817280727834,0.3
18.03607214428859,1.3376202985810262,1.849078006072799,20,0.1,0.3,0.23,0.3,0.7019814816361671,0.40128608957430784,0.30765266867363605,0.3
18.236472945891794,1.3362618811411477,1.8505799879418752,20,0.1,0.3,0.23,0.3,0.7016116048173074,0.4008785643423443,0.307340232662464,0.3
18.436873747495,1.3349715029301277,1.852020943445715,20,0.1,0.3,0.23,0.3,0.7012571224612635,0.4004914508790383,0.3070434456739294,0.3
18.637274549098205,1.333745158650209,1.8534039096801203,20,0.1,0.3,0.23,0.3,0.7009172424608506,0.4001235475950627,0.3067613864895481,0.3
18.83767535070141,1.3325790435131466,1.8547317729654549,20,0.1,0.3,0.23,0.3,0.7005912145372692,0.399773713053944,0.3064931800080237,0.3
19.038076152304615,1.331469692543101,1.856007203482416,20,0.1,0.3,0.23,0.3,0.7002783457833508,0.39944090776293034,0.3062380292849133,0.3
19.23847695390782,1.3304138267956516,1.8572327449781871,20,0.1,0.3,0.23,0.3,0.6999779781731671,0.39912414803869545,0.30599518016299987,0.3
19.438877755511026,1.3294083711683722,1.858410807312811,20,0.1,0.3,0.23,0.3,0.6996894900072806,0.39882251135051167,0.3057639253687256,0.3
19.63927855711423,1.3284504718688124,1.8595436187925158,20,0.1,0.3,0.23,0.3,0.6994123072144391,0.3985351415606437,0.30554360852982687,0.3
19.839679358717436,1.3275374389467065,1.860633321939722,20,0.1,0.3,0.23,0.3,0.6991458795718185,0.39826123168401195,0.30533361095774253,0.3
20.04008016032064,1.3266667477017904,1.8616819407204654,20,0.1,0.3,0.23,0.3,0.6988896884524051,0.3980000243105371,0.3051333519714118,0.3
20.240480961923847,1.3258360907357638,1.8626912929770392,20,0.1,0.3,0.23,0.3,0.6986432679299177,0.39775082722072913,0.3049423008692257,0.3
20.440881763527052,1.325043222574632,1.8636632046437867,20,0.1,0.3,0.23,0.3,0.6984061522167658,0.3975129667723896,0.3047599411921654,0.3
20.641282565130258,1.324286032442404,1.8645993900023392,20,0.1,0.3,0.23,0.3,0.6981779047290683,0.39728580973272115,0.3045857874617529,0.3
20.841683366733463,1.3235625053056173,1.8655014951309377,20,0.1,0.3,0.23,0.3,0.6979581072975888,0.39706875159168514,0.30441937622029197,0.3
21.042084168336668,1.3228709581527212,1.866370930732294,20,0.1,0.3,0.23,0.3,0.6977464007036398,0.39686128744581634,0.3042603203751259,0.3
21.242484969939873,1.3222097261722685,1.8672090942439503,20,0.1,0.3,0.23,0.3,0.6975424303777108,0.39666291785168056,0.30410823701962175,0.3
21.44288577154308,1.3215770696342093,1.8680174357667287,20,0.1,0.3,0.23,0.3,0.6973458302792099,0.39647312089026276,0.30396272601586816,0.3
21.643286573146284,1.3209713956070543,1.8687973011976362,20,0.1,0.3,0.23,0.3,0.6971562609756571,0.3962914186821163,0.3038234209896225,0.3
21.84368737474949,1.3203912750489224,1.8695499149909578,20,0.1,0.3,0.23,0.3,0.6969734136882237,0.3961173825146767,0.3036899932612522,0.3
22.044088176352695,1.319835675894341,1.8702762041702459,20,0.1,0.3,0.23,0.3,0.6967970528739308,0.3959507027683023,0.30356220545569845,0.3
22.2444889779559,1.3193031242838644,1.8709774286994854,20,0.1,0.3,0.23,0.3,0.6966268630352741,0.3957909372851593,0.30343971858528884,0.3
22.444889779559105,1.3187923874356025,1.8716546671216057,20,0.1,0.3,0.23,0.3,0.6964625736160309,0.3956377162306807,0.30332224911018857,0.3
22.64529058116231,1.3183022761549936,1.8723089644939768,20,0.1,0.3,0.23,0.3,0.6963039229842554,0.3954906828464981,0.30320952351564856,0.3
22.845691382765516,1.3178320116572397,1.872941065284118,20,0.1,0.3,0.23,0.3,0.6961507230926127,0.3953496034971719,0.30310136268116517,0.3
23.04609218436872,1.3173805143816482,1.873551930098823,20,0.1,0.3,0.23,0.3,0.6960027341253648,0.3952141543144944,0.3029975183077791,0.3
23.246492985971926,1.3169468174089844,1.87414243470011,20,0.1,0.3,0.23,0.3,0.6958597374484962,0.3950840452226953,0.3028977680040664,0.3
23.44689378757513,1.3165300263035125,1.8747133988215599,20,0.1,0.3,0.23,0.3,0.6957215285599831,0.3949590078910537,0.3028019060498079,0.3
23.647294589178337,1.316129367159758,1.875265557543507,20,0.1,0.3,0.23,0.3,0.6955879239581289,0.3948388101479274,0.30270975444674436,0.3
23.847695390781542,1.3157441340142644,1.8757995953852802,20,0.1,0.3,0.23,0.3,0.6954587528315072,0.3947232402042793,0.30262115082328084,0.3
24.048096192384747,1.3153735538050695,1.876316233658932,20,0.1,0.3,0.23,0.3,0.6953338358959997,0.39461206614152083,0.302535917375166,0.3
24.248496993987953,1.3150169384719204,1.8768161323393926,20,0.1,0.3,0.23,0.3,0.6952130091030961,0.3945050815415761,0.3024538958485417,0.3
24.448897795591158,1.314673640071423,1.8772999200970353,20,0.1,0.3,0.23,0.3,0.6950961163383174,0.3944020920214269,0.3023749372164273,0.3
24.649298597194363,1.3143431053588803,1.8777681662604344,20,0.1,0.3,0.23,0.3,0.694983016161074,0.3943029316076641,0.3022989142325425,0.3
24.84969939879757,1.314024729298048,1.8782214585086636,20,0.1,0.3,0.23,0.3,0.6948735630080008,0.3942074187894144,0.3022256877385511,0.3
25.050100200400774,1.3137179615674788,1.8786603475306396,20,0.1,0.3,0.23,0.3,0.6947676205411422,0.39411538847024363,0.3021551311605201,0.3
25.25050100200398,1.313422273991957,1.8790853648140906,20,0.1,0.3,0.23,0.3,0.6946650573277269,0.3940266821975871,0.3020871230181501,0.3
25.450901803607184,1.3131372221458868,1.8794969823753356,20,0.1,0.3,0.23,0.3,0.6945657565336892,0.39394116664376605,0.302021561093554,0.3
25.65130260521039,1.3128623407325966,1.8798956816006194,20,0.1,0.3,0.23,0.3,0.6944695992906307,0.393858702219779,0.3019583383684972,0.3
25.851703406813595,1.3125971699751033,1.880281936089896,20,0.1,0.3,0.23,0.3,0.6943764688241194,0.39377915099253097,0.3018973490942738,0.3
26.0521042084168,1.312341278904835,1.880656196536829,20,0.1,0.3,0.23,0.3,0.6942862540848964,0.3937023836714505,0.30183849414811204,0.3
26.252505010020005,1.3120942826838273,1.8810188774927208,20,0.1,0.3,0.23,0.3,0.6941988529212798,0.39362828480514817,0.3017816850172803,0.3
26.45290581162321,1.311855857066063,1.881370346980312,20,0.1,0.3,0.23,0.3,0.6941141745614229,0.3935567571198189,0.3017268471251945,0.3
26.653306613226416,1.3116256087513323,1.881711019470115,20,0.1,0.3,0.23,0.3,0.6940321171995092,0.3934876826253997,0.3016738900128064,0.3
26.85370741482962,1.3114031918294287,1.8820412723459854,20,0.1,0.3,0.23,0.3,0.6939525881154357,0.3934209575488286,0.3016227341207686,0.3
27.054108216432827,1.311188272497635,1.8823614711997767,20,0.1,0.3,0.23,0.3,0.6938754975681466,0.39335648174929044,0.30157330267445603,0.3
27.254509018036032,1.3109806071175298,1.8826719149947777,20,0.1,0.3,0.23,0.3,0.6938007719840095,0.39329418213525896,0.3015255396370319,0.3
27.454909819639237,1.3107798759892213,1.8829729528896881,20,0.1,0.3,0.23,0.3,0.6937283258225997,0.39323396279676637,0.3014793714775209,0.3
27.655310621242442,1.3105858030485318,1.883264900140823,20,0.1,0.3,0.23,0.3,0.6936580818163177,0.39317574091455953,0.30143473470116233,0.3
27.855711422845648,1.3103981239089542,1.8835480605744137,20,0.1,0.3,0.23,0.3,0.6935899655515338,0.3931194371726862,0.30139156849905946,0.3
28.056112224448853,1.3102166018630224,1.883822716875968,20,0.1,0.3,0.23,0.3,0.6935239077964511,0.3930649805589067,0.3013498184284952,0.3
28.25651302605206,1.3100410078481697,1.8840891430327873,20,0.1,0.3,0.23,0.3,0.6934598415002123,0.3930123023544509,0.301309431805079,0.3
28.456913827655264,1.30987111091137,1.884347610322265,20,0.1,0.3,0.23,0.3,0.693397700347408,0.39296133327341104,0.3012703555096151,0.3
28.65731462925847,1.30970669618764,1.8845983763857839,20,0.1,0.3,0.23,0.3,0.693337421379912,0.392912008856292,0.3012325401231572,0.3
28.857715430861674,1.3095475600504287,1.8848416885221957,20,0.1,0.3,0.23,0.3,0.6932789441990249,0.3928642680151286,0.3011959388115986,0.3
29.05811623246488,1.309393516577287,1.8850777803590484,20,0.1,0.3,0.23,0.3,0.6932222117599546,0.39281805497318606,0.301160508812776,0.3
29.258517034068085,1.3092443740288027,1.8853068848660617,20,0.1,0.3,0.23,0.3,0.6931671672397655,0.3927733122086408,0.30112620602662465,0.3
29.45891783567129,1.30909995260537,1.8855292248729008,20,0.1,0.3,0.23,0.3,0.6931137563121005,0.39272998578161095,0.3010929890992351,0.3
29.659318637274495,1.3089600786040685,1.8857450164484812,20,0.1,0.3,0.23,0.3,0.6930619263310458,0.3926880235812205,0.30106081807893575,0.3
29.8597194388777,1.3088246206324334,1.8859544434020528,20,0.1,0.3,0.23,0.3,0.6930116324505586,0.39264738618973,0.3010296627454597,0.3
30.060120240480906,1.30869341395258,1.8861577107338598,20,0.1,0.3,0.23,0.3,0.6929628247832175,0.392608024185774,0.3009994852090934,0.3
30.26052104208411,1.3085663034934565,1.8863550143383458,20,0.1,0.3,0.23,0.3,0.6929154556749737,0.3925698910480369,0.300970249803495,0.3
30.460921843687316,1.3084431413823088,1.8865465428044337,20,0.1,0.3,0.23,0.3,0.6928694792694712,0.3925329424146926,0.300941922517931,0.3
30.66132264529052,1.3083237820540778,1.886732480925131,20,0.1,0.3,0.23,0.3,0.6928248506626586,0.3924971346162233,0.3009144698724379,0.3
30.861723446893727,1.308208081276373,1.8869130104438019,20,0.1,0.3,0.23,0.3,0.6927815257213248,0.3924624243829119,0.3008878586935658,0.3
31.062124248496932,1.3080958951744444,1.8870883108004373,20,0.1,0.3,0.23,0.3,0.6927394609018751,0.3924287685523333,0.3008620558901222,0.3
31.262525050100137,1.3079872046745218,1.8872584695553067,20,0.1,0.3,0.23,0.3,0.692698634739147,0.3923961614023565,0.30083705707514,0.3
31.462925851703343,1.3078818747653858,1.8874236558057855,20,0.1,0.3,0.23,0.3,0.692659006231583,0.3923645624296157,0.30081283119603874,0.3
31.663326653306548,1.3077797535013853,1.8875840489313758,20,0.1,0.3,0.23,0.3,0.6926205319426637,0.39233392605041556,0.30078934330531865,0.3
31.863727454909753,1.307680722676291,1.8877398021439744,20,0.1,0.3,0.23,0.3,0.6925831747427935,0.3923042168028873,0.3007665662155469,0.3
32.06412825651296,1.307584663800037,1.8878910670345062,20,0.1,0.3,0.23,0.3,0.6925468979180519,0.3922753991400111,0.3007444726740085,0.3
32.26452905811617,1.3074914573010101,1.8880379941915009,20,0.1,0.3,0.23,0.3,0.6925116650204926,0.392247437190303,0.3007230351792323,0.3
32.464929859719376,1.3074009817283352,1.8881807338196672,20,0.1,0.3,0.23,0.3,0.6924774397185893,0.39222029451850055,0.3007022257975171,0.3
32.665330661322585,1.3073132567520607,1.8883193335160098,20,0.1,0.3,0.23,0.3,0.6924442103032145,0.3921939770256182,0.30068204905297397,0.3
32.865731462925794,1.3072282195262912,1.888453898260181,20,0.1,0.3,0.23,0.3,0.692411951322703,0.39216846585788734,0.300662490491047,0.3
33.066132264529,1.3071457096502008,1.8885846012182386,20,0.1,0.3,0.23,0.3,0.6923806209991271,0.3921437128950602,0.3006435132195462,0.3
33.26653306613221,1.3070656370889604,1.8887115636957572,20,0.1,0.3,0.23,0.3,0.6923501900069392,0.3921196911266881,0.3006250965304609,0.3
33.46693386773542,1.306987912391293,1.8888349050934217,20,0.1,0.3,0.23,0.3,0.6923206294945132,0.3920963737173879,0.30060721984999744,0.3
33.66733466933863,1.3069124462622312,1.8889547432606464,20,0.1,0.3,0.23,0.3,0.6922919109984675,0.39207373387866934,0.3005898626403132,0.3
33.86773547094184,1.3068391491358717,1.889071194849197,20,0.1,0.3,0.23,0.3,0.6922640063580696,0.3920517447407615,0.3005730043012505,0.3
34.06813627254505,1.3067680037328675,1.8891843221678053,20,0.1,0.3,0.23,0.3,0.6922369004478623,0.39203040111986026,0.30055664085855954,0.3
34.268537074148256,1.3066989944037353,1.8892941850151248,20,0.1,0.3,0.23,0.3,0.6922105787540394,0.3920096983211206,0.3005407687128591,0.3
34.468937875751465,1.3066319955479966,1.8894009225107666,20,0.1,0.3,0.23,0.3,0.6921850077704291,0.391989598664399,0.3005253589760392,0.3
34.66933867735467,1.3065669429362559,1.8895046275538607,20,0.1,0.3,0.23,0.3,0.6921601650775413,0.39197008288087676,0.30051039687533887,0.3
34.86973947895788,1.3065037742401158,1.8896053904560424,20,0.1,0.3,0.23,0.3,0.6921360288867529,0.3919511322720347,0.30049586807522666,0.3
35.07014028056109,1.3064424288623337,1.889703299106394,20,0.1,0.3,0.23,0.3,0.6921125780001276,0.3919327286587001,0.30048175863833676,0.3
35.2705410821643,1.3063828477669799,1.8897984391363862,20,0.1,0.3,0.23,0.3,0.6920897917702863,0.39191485433009393,0.3004680549864054,0.3
35.47094188376751,1.3063249856085601,1.889890884239536,20,0.1,0.3,0.23,0.3,0.6920676524180575,0.39189749568256804,0.30045474668996885,0.3
35.67134268537072,1.3062688113355956,1.8899806957172256,20,0.1,0.3,0.23,0.3,0.692046145139958,0.3918806434006787,0.300441826607187,0.3
35.87174348697393,1.3062142588143346,1.8900679620332446,20,0.1,0.3,0.23,0.3,0.6920252486356562,0.3918642776443004,0.300429279527297,0.3
36.072144288577135,1.306161280774398,1.8901527556594582,20,0.1,0.3,0.23,0.3,0.6920049454422874,0.39184838423231944,0.30041709457811155,0.3
36.272545090180344,1.3061098316808686,1.8902351468156253,20,0.1,0.3,0.23,0.3,0.6919852186433828,0.39183294950426056,0.3004052612865998,0.3
36.47294589178355,1.3060598676260666,1.8903152035850148,20,0.1,0.3,0.23,0.3,0.6919660518407443,0.39181796028781996,0.3003937695539953,0.3
36.67334669338676,1.3060113462213276,1.8903929920300204,20,0.1,0.3,0.23,0.3,0.6919474291263531,0.3918034038663983,0.30038260963090535,0.3
36.87374749498997,1.3059642250685326,1.8904685766718698,20,0.1,0.3,0.23,0.3,0.691929334967146,0.39178926752055976,0.3003717717657625,0.3
37.07414829659318,1.3059184584028023,1.8905420214391748,20,0.1,0.3,0.23,0.3,0.6919117539776218,0.39177553752084066,0.30036124543264453,0.3
37.27454909819639,1.3058740103008053,1.8906133863697219,20,0.1,0.3,0.23,0.3,0.6918946717090279,0.39176220309024157,0.3003510223691852,0.3
37.4749498997996,1.3058308420194802,1.8906827309441878,20,0.1,0.3,0.23,0.3,0.6918780738509954,0.39174925260584403,0.3003410936644805,0.3
37.675350701402806,1.3057889156005995,1.890750113249944,20,0.1,0.3,0.23,0.3,0.6918619464314358,0.39173667468017986,0.3003314505881379,0.3
37.875751503006015,1.305748193750831,1.8908155900996757,20,0.1,0.3,0.23,0.3,0.6918462757878788,0.3917244581252493,0.30032208456269116,0.3
38.076152304609224,1.3057086397217974,1.8908792171500013,20,0.1,0.3,0.23,0.3,0.6918310485388309,0.39171259191653923,0.3003129871360134,0.3
38.27655310621243,1.3056702202456083,1.8909410463153542,20,0.1,0.3,0.23,0.3,0.6918162522024093,0.3917010660736825,0.3003041506564899,0.3
38.47695390781564,1.3056329363723385,1.8910010984827657,20,0.1,0.3,0.23,0.3,0.6918018817252009,0.39168988091170154,0.30029557536563783,0.3
38.67735470941885,1.3055967321317317,1.8910594443779465,20,0.1,0.3,0.23,0.3,0.691787920130549,0.3916790196395195,0.3002872483902983,0.3
38.87775551102206,1.3055615753899281,1.891116133002496,20,0.1,0.3,0.23,0.3,0.691774355644078,0.3916684726169784,0.3002791623396835,0.3
39.07815631262527,1.3055274341171754,1.8911712126544231,20,0.1,0.3,0.23,0.3,0.6917611766629944,0.3916582302351526,0.3002713098469504,0.3
39.27855711422848,1.305494276248731,1.891224731063726,20,0.1,0.3,0.23,0.3,0.6917483717234838,0.3916482828746193,0.3002636835372081,0.3
39.478957915831685,1.3054620695457628,1.8912767355279694,20,0.1,0.3,0.23,0.3,0.6917359294681228,0.39163862086372886,0.30025627599552546,0.3
39.679358717434894,1.3054307814562536,1.8913272730478616,20,0.1,0.3,0.23,0.3,0.6917238386133028,0.3916292344368761,0.30024907973493836,0.3
39.8797595190381,1.3054003789759008,1.8913763904628345,20,0.1,0.3,0.23,0.3,0.6917120879166657,0.3916201136927702,0.3002420871644572,0.3
40.08016032064131,1.2453494831203114,1.8908626889407938,20,0.1,0.8999999999999999,0.23,0.3,0.6918350040114828,1.12081453480828,0.2864303811176716,0.3
40.28056112224452,1.1171621159821732,1.8850767901431245,20,0.1,0.8999999999999999,0.23,0.3,0.6932224496876503,1.0054459043839559,0.25694728667589983,0.3
40.48096192384773,1.0153264648558227,1.874010883654507,20,0.1,0.8999999999999999,0.23,0.3,0.6958915887809232,0.9137938183702403,0.23352508691683924,0.3
40.68136272545094,0.9347046566403823,1.8587579981244748,20,0.1,0.8999999999999999,0.23,0.3,0.6996045140274644,0.841234190976344,0.21498207102728792,0.3
40.88176352705415,0.8711666777952272,1.8401974110927022,20,0.1,0.8999999999999999,0.23,0.3,0.7041764041431702,0.7840500100157044,0.20036833589290226,0.3
41.082164328657356,0.821391994324537,1.8190369311017878,20,0.1,0.8999999999999999,0.23,0.3,0.7094621492661053,0.7392527948920833,0.18892015869464351,0.3
41.282565130260565,0.7827075780862568,1.795847315204046,20,0.1,0.8999999999999999,0.23,0.3,0.7153466461218524,0.704436820277631,0.18002274295983908,0.3
41.482965931863774,0.752968808838395,1.7710875249727391,20,0.1,0.8999999999999999,0.23,0.3,0.7217383002074881,0.6776719279545554,0.17318282603283086,0.3
41.68336673346698,0.7304434793579159,1.7451292880846436,20,0.1,0.8999999999999999,0.23,0.3,0.728563134960925,0.6573991314221242,0.16800200025232065,0.3
41.88376753507019,0.7137406419372634,1.718272138809233,20,0.1,0.8999999999999999,0.23,0.3,0.7357615050552372,0.642366577743537,0.16416034764557058,0.3
42.0841683366734,0.7017451972204081,1.6907572403888573,20,0.1,0.8999999999999999,0.23,0.3,0.7432851875225162,0.6315706774983672,0.16140139536069387,0.3
42.28456913827661,0.6935582022661817,1.662779997377997,20,0.1,0.8999999999999999,0.23,0.3,0.7510947212948019,0.6242023820395635,0.1595183865212218,0.3
42.48496993987982,0.688454318563223,1.6344990357613705,20,0.1,0.8999999999999999,0.23,0.3,0.7591576132127904,0.6196088867069006,0.1583444932695413,0.3
42.68537074148303,0.6858517475699469,1.6060425480162621,20,0.1,0.8999999999999999,0.23,0.3,0.7674471782981495,0.6172665728129522,0.1577459019410878,0.3
42.885771543086236,0.6852826727740411,1.5775145297404987,20,0.1,0.8999999999999999,0.23,0.3,0.775941309708682,0.616754405496637,0.15761501473802947,0.3
43.086172344689444,0.6863697795477521,1.5489997354863965,20,0.1,0.8999999999999999,0.23,0.3,0.7846215015861361,0.6177328015929768,0.157865049295983,0.3
43.28657314629265,0.6888091411585173,1.5205672912511925,20,0.1,0.8999999999999999,0.23,0.3,0.7934721707061482,0.6199282270426655,0.158426102466459,0.3
43.48697394789586,0.6923561830538788,1.4922736540096433,20,0.1,0.8999999999999999,0.23,0.3,0.8024800955474296,0.6231205647484909,0.15924192210239213,0.3
43.68737474949907,0.69681381207952,1.4641651150398627,20,0.1,0.8999999999999999,0.23,0.3,0.8116339233086035,0.6271324308715679,0.1602671767782896,0.3
43.88777555110228,0.7020228644566279,1.4362798129075305,20,0.1,0.8999999999999999,0.23,0.3,0.8209237663932942,0.631820578010965,0.1614652588250244,0.3
44.08817635270549,0.7078542973933386,1.4086493819330386,20,0.1,0.8999999999999999,0.23,0.3,0.8303408603185405,0.6370688676540047,0.16280648840046788,0.3
44.2885771543087,0.7142037378969387,1.3813000974477436,20,0.1,0.8999999999999999,0.23,0.3,0.8398773435333002,0.6427833641072448,0.1642668597162959,0.3
44.488977955911906,0.7209869655303821,1.3542538225875043,20,0.1,0.8999999999999999,0.23,0.3,0.8495260709832246,0.6488882689773439,0.1658270020719879,0.3
44.689378757515115,0.7281357822007852,1.3275288803532173,20,0.1,0.8999999999999999,0.23,0.3,0.8592804226328171,0.6553222039807066,0.1674712299061806,0.3
44.889779559118324,0.73559456742227,1.3011407705784332,20,0.1,0.8999999999999999,0.23,0.3,0.8691341379768192,0.662035110680043,0.16918675050712212,0.3
45.09018036072153,0.7433177370257956,1.2751027003963165,20,0.1,0.8999999999999999,0.23,0.3,0.879081194730948,0.668985963323216,0.170963079515933,0.3
45.29058116232474,0.7512678472714348,1.2494259784089072,20,0.1,0.8999999999999999,0.23,0.3,0.8891157207202993,0.6761410625442913,0.17279160487243,0.3
45.49098196392795,0.7594140452991037,1.2241203343642268,20,0.1,0.8999999999999999,0.23,0.3,0.8992319206378315,0.6834726407691932,0.17466523041879387,0.3
45.69138276553116,0.767730735381986,1.1991941917529907,20,0.1,0.8999999999999999,0.23,0.3,0.9094240097122974,0.6909576618437874,0.17657806913785679,0.3
45.89178356713437,0.776196464720603,1.1746548936068244,20,0.1,0.8999999999999999,0.23,0.3,0.9196861561251466,0.6985768182485427,0.1785251868857387,0.3
46.09218436873758,0.7847930469060492,1.1505088783520343,20,0.1,0.8999999999999999,0.23,0.3,0.930012435722948,0.7063137422154442,0.18050240078839133,0.3
46.292585170340786,0.7935048920526876,1.1267618120655745,20,0.1,0.8999999999999999,0.23,0.3,0.9403967988580444,0.7141544028474187,0.18250612517211814,0.3
46.492985971943995,0.8023184776742435,1.1034186905664525,20,0.1,0.8999999999999999,0.23,0.3,0.9508330457315649,0.722086629906819,0.184533249865076,0.3
46.6933867735472,0.8112219080690461,1.0804839222840656,20,0.1,0.8999999999999999,0.23,0.3,0.9613148068956446,0.7300997172621415,0.18658103885588062,0.3
46.89378757515041,0.8202045926486458,1.0579613859955486,20,0.1,0.8999999999999999,0.23,0.3,0.9718355327801695,0.7381841333837811,0.18864705630918854,0.3
47.09418837675362,0.8292568073070296,1.0358545133931512,20,0.1,0.8999999999999999,0.23,0.3,0.9823884697274401,0.7463311265763265,0.19072906568061682,0.3
47.29458917835683,0.8383697131068354,1.014166275646937,20,0.1,0.8999999999999999,0.23,0.3,0.992966680150383,0.7545327417961518,0.19282503401457216,0.3
47.49498997996004,0.8475347050033304,0.992899310802064,20,0.1,0.8999999999999999,0.23,0.3,1.003562994457095,0.7627812345029973,0.194932982150766,0.3
47.69539078156325,0.8567438736999093,0.9720558175269869,20,0.1,0.8999999999999999,0.23,0.3,1.014170076842985,0.7710694863299183,0.19705109095097917,0.3
47.89579158316646,0.8659893624759236,0.9516376819050902,20,0.1,0.8999999999999999,0.23,0.3,1.024780377292009,0.7793904262283312,0.19917755336946244,0.3
48.096192384769665,0.8752636998216783,0.9316463991156587,20,0.1,0.8999999999999999,0.23,0.3,1.0353861870969938,0.7877373298395104,0.201310650958986,0.3
48.296593186372874,0.8845595174753189,0.9120831264308754,20,0.1,0.8999999999999999,0.23,0.3,1.0459796294176977,0.796103565727787,0.20344868901932336,0.3
48.49699398797608,0.893869511164737,0.8929486818618756,20,0.1,0.8999999999999999,0.23,0.3,1.0565526784555144,0.8044825600482632,0.20558998756788952,0.3
48.69739478957929,0.9031864324608814,0.8742435440136602,20,0.1,0.8999999999999999,0.23,0.3,1.0670971797598057,0.8128677892147932,0.20773287946600272,0.3
48.8977955911825,0.9125030288200788,0.8559678569562211,20,0.1,0.8999999999999999,0.23,0.3,1.0776048693429372,0.8212527259380709,0.20987569662861813,0.3
49.09819639278571,0.9218120728849085,0.838121425125932,20,0.1,0.8999999999999999,0.23,0.3,1.088067400042942,0.8296308655964176,0.21201677676352898,0.3
49.29859719438892,0.931106098515494,0.8207037474748002,20,0.1,0.8999999999999999,0.23,0.3,1.0984763461787082,0.8379954886639445,0.21415440265856361,0.3
49.49899799599213,0.9403778718919588,0.8037139486309605,20,0.1,0.8999999999999999,0.23,0.3,1.1088232707398105,0.8463400847027628,0.21628691053515053,0.3
49.699398797595336,0.9496200527773624,0.7871508245314167,20,0.1,0.8999999999999999,0.23,0.3,1.1190997270890057,0.854658047499626,0.21841261213879337,0.3
49.899799599198545,0.9588248583871385,0.7710128877834678,20,0.1,0.8999999999999999,0.23,0.3,1.1292972590973767,0.8629423725484245,0.22052971742904187,0.3
50.100200400801754,0.9679852607058852,0.7552982125155899,20,0.1,0.8999999999999999,0.23,0.3,1.1394075295808102,0.8711867346352966,0.2226366099623536,0.3
50.30060120240496,0.9770936826812565,0.7400045955039826,20,0.1,0.8999999999999999,0.23,0.3,1.1494222516238306,0.8793843144131308,0.22473154701668902,0.3
50.50100200400817,0.9861425077246603,0.7251294944745222,20,0.1,0.8999999999999999,0.23,0.3,1.1593332595644965,0.8875282569521942,0.2268127767766719,0.3
50.70140280561138,0.9951247687030045,0.7106699842914049,20,0.1,0.8999999999999999,0.23,0.3,1.1691325728313644,0.895612291832704,0.22887869680169104,0.3
50.90180360721459,1.0040330388223722,0.6966228244527043,20,0.1,0.8999999999999999,0.23,0.3,1.1788123860971627,0.9036297349401349,0.2309275989291456,0.3
51.1022044088178,1.0128601552539767,0.6829844311310123,20,0.1,0.8999999999999999,0.23,0.3,1.1883651226981016,0.9115741397285789,0.23295783570841463,0.3
51.30260521042101,1.0215991719814037,0.6697509259580132,20,0.1,0.8999999999999999,0.23,0.3,1.1977834351866028,0.9194392547832633,0.23496780955572286,0.3
51.503006012024215,1.0302431959281428,0.6569180534969469,20,0.1,0.8999999999999999,0.23,0.3,1.2070602983527001,0.9272188763353285,0.23695593506347287,0.3
51.703406813627424,1.0387855081261619,0.6444812749793793,20,0.1,0.8999999999999999,0.23,0.3,1.216188977296247,0.9349069573135456,0.23892066686901725,0.3
51.90380761523063,1.0472195402347928,0.6324357739986651,20,0.1,0.8999999999999999,0.23,0.3,1.2251630550223627,0.9424975862113134,0.24086049425400236,0.3
52.10420841683384,1.0555389629464391,0.6207763819210476,20,0.1,0.8999999999999999,0.23,0.3,1.2339765203324795,0.9499850666517952,0.24277396147768102,0.3
52.30460921843705,1.0637376744281632,0.6094976864426307,20,0.1,0.8999999999999999,0.23,0.3,1.2426237184723585,0.9573639069853468,0.24465966511847756,0.3
52.50501002004026,1.071809817364711,0.5985939958389023,20,0.1,0.8999999999999999,0.23,0.3,1.251099406857493,0.9646288356282399,0.24651625799388355,0.3
52.70541082164347,1.0797497881947062,0.5880593294350528,20,0.1,0.8999999999999999,0.23,0.3,1.2593987912979887,0.9717748093752355,0.24834245128478244,0.3
52.90581162324668,1.0875523587678269,0.5778874973365559,20,0.1,0.8999999999999999,0.23,0.3,1.2675174899198847,0.978797122891044,0.2501370425166002,0.3
53.106212424849886,1.0952125842116047,0.5680720428901369,20,0.1,0.8999999999999999,0.23,0.3,1.2754516025384715,0.9856913257904442,0.2518988943686691,0.3
53.306613226453095,1.1027258751041304,0.5586062837536946,20,0.1,0.8999999999999999,0.23,0.3,1.2831977009506645,0.9924532875937173,0.25362695127395,0.3
53.507014028056304,1.1100879812961855,0.5494833804298861,20,0.1,0.8999999999999999,0.23,0.3,1.2907527923565874,0.9990791831665669,0.2553202356981227,0.3
53.70741482965951,1.1172950815465976,0.5406962516337128,20,0.1,0.8999999999999999,0.23,0.3,1.2981144063141932,1.0055655733919378,0.2569778687557175,0.3
53.90781563126272,1.1243437236101024,0.532237661753119,20,0.1,0.8999999999999999,0.23,0.3,1.3052805383413484,1.011909351249092,0.25859905643032355,0.3
54.10821643286593,1.1312307479282748,0.5241002590588677,20,0.1,0.8999999999999999,0.23,0.3,1.3122496293222865,1.0181076731354473,0.2601830720235032,0.3
54.30861723446914,1.1379535323087377,0.5162765101145185,20,0.1,0.8999999999999999,0.23,0.3,1.3190206315660378,1.0241581790778638,0.2617293124310097,0.3
54.50901803607235,1.144509777019918,0.5087587885942825,20,0.1,0.8999999999999999,0.23,0.3,1.325592941111156,1.030058799317926,0.26323724871458115,0.3
54.70941883767556,1.1508975293543744,0.5015393843127012,20,0.1,0.8999999999999999,0.23,0.3,1.3319663945514548,1.0358077764189368,0.2647064317515061,0.3
54.909819639278766,1.1571153421339082,0.49461048627191095,20,0.1,0.8999999999999999,0.23,0.3,1.3381412872250815,1.0414038079205172,0.2661365286907989,0.3
55.110220440881974,1.163162079265121,0.487964236030893,20,0.1,0.8999999999999999,0.23,0.3,1.3441183272892026,1.0468458713386088,0.2675272782309778,0.3
55.31062124248518,1.1690370093669171,0.4815927332117939,20,0.1,0.8999999999999999,0.23,0.3,1.349898629473164,1.0521333084302253,0.26887851215439096,0.3
55.51102204408839,1.174739835674812,0.47548805122396937,20,0.1,0.8999999999999999,0.23,0.3,1.355483697981105,1.0572658521073306,0.27019016220520675,0.3
55.7114228456916,1.1802705429121327,0.46964225273187743,20,0.1,0.8999999999999999,0.23,0.3,1.360875407795506,1.0622434886209193,0.27146222486979055,0.3
55.91182364729481,1.1856295551755083,0.4640474162787436,20,0.1,0.8999999999999999,0.23,0.3,1.3660759738803536,1.0670665996579574,0.2726947976903669,0.3
56.11222444889802,1.1908176526896774,0.4586956480052038,20,0.1,0.8999999999999999,0.23,0.3,1.3710879323833187,1.0717358874207097,0.2738880601186258,0.3
56.31262525050123,1.195835845367159,0.4535790821091889,20,0.1,0.8999999999999999,0.23,0.3,1.3759141312751537,1.076252260830443,0.2750422444344466,0.3
56.513026052104436,1.2006855796178664,0.44868992797788004,20,0.1,0.8999999999999999,0.23,0.3,1.3805576758524534,1.0806170216560795,0.27615768331210927,0.3
56.713426853707645,1.20536856554141,0.4440204609842279,20,0.1,0.8999999999999999,0.23,0.3,1.3850219259613694,1.0848317089872688,0.2772347700745243,0.3
56.913827655310854,1.2098867258158295,0.43956302497646793,20,0.1,0.8999999999999999,0.23,0.3,1.3893104819309272,1.0888980532342465,0.2782739469376408,0.3
57.11422845691406,1.214242337668861,0.4353100887473176,20,0.1,0.8999999999999999,0.23,0.3,1.3934271177216637,1.0928181039019746,0.279275737663838,0.3
57.31462925851727,1.2184378778218823,0.43125421366801614,20,0.1,0.8999999999999999,0.23,0.3,1.3973757987229976,1.096594090039694,0.28024071189903293,0.3
57.51503006012048,1.222476025011745,0.4273880704935507,20,0.1,0.8999999999999999,0.23,0.3,1.4011606523434488,1.1002284225105705,0.28116948575270134,0.3
57.71543086172369,1.2263597017038372,0.42370449115649156,20,0.1,0.8999999999999999,0.23,0.3,1.4047859035517807,1.1037237315334534,0.2820627313918826,0.3
57.9158316633269,1.230091987893186,0.4201964134679613,20,0.1,0.8999999999999999,0.23,0.3,1.408255915191493,1.1070827891038673,0.28292115721543276,0.3
58.11623246493011,1.233676129628113,0.4168569310741338,20,0.1,0.8999999999999999,0.23,0.3,1.4115751252907232,1.1103085166653015,0.283745509814466,0.3
58.316633266533316,1.2371155244843737,0.4136793144071536,20,0.1,0.8999999999999999,0.23,0.3,1.4147480122383542,1.113403972035936,0.28453657063140597,0.3
58.517034068136525,1.2404136871351727,0.4106569454798639,20,0.1,0.8999999999999999,0.23,0.3,1.4177791463818008,1.1163723184216554,0.28529514804108974,0.3
58.71743486973973,1.2435742398494842,0.40778341110519384,20,0.1,0.8999999999999999,0.23,0.3,1.4206730838161254,1.1192168158645357,0.28602207516538136,0.3
58.91783567134294,1.2466008903341232,0.40505246697035907,20,0.1,0.8999999999999999,0.23,0.3,1.4234343891175076,1.1219408013007108,0.28671820477684834,0.3
59.11823647294615,1.2494974220424082,0.402457999286595,20,0.1,0.8999999999999999,0.23,0.3,1.4260676619316686,1.1245476798381673,0.2873844070697539,0.3
59.31863727454936,1.2522676589147164,0.39999411833658577,20,0.1,0.8999999999999999,0.23,0.3,1.4285774302940044,1.1270408930232445,0.2880215615503848,0.3
59.51903807615257,1.2549154646794338,0.3976550968933901,20,0.1,0.8999999999999999,0.23,0.3,1.4309682012718732,1.1294239182114902,0.2886305568762698,0.3
59.71943887775578,1.2574447398825492,0.3954353596591435,20,0.1,0.8999999999999999,0.23,0.3,1.4332444610609054,1.1317002658942943,0.28921229017298633,0.3
59.91983967935899,1.2598593631548112,0.39332955185469315,20,0.1,0.8999999999999999,0.23,0.3,1.4354105942400732,1.13387342683933,0.28976765352560657,0.3
60.120240480962195,1.2621632259436297,0.3913324765014128,20,0.1,0.8999999999999999,0.23,0.3,1.4374709379523127,1.1359469033492666,0.29029754196703483,0.3
60.320641282565404,1.264360212279931,0.38943910527536857,20,0.1,0.8999999999999999,0.23,0.3,1.4394297615537648,1.1379241910519378,0.2908028488243841,0.3
60.52104208416861,1.2664541416772885,0.3876446170626652,20,0.1,0.8999999999999999,0.23,0.3,1.4412912178000983,1.1398087275095596,0.2912844525857764,0.3
60.72144288577182,1.2684488316374483,0.3859443402855004,20,0.1,0.8999999999999999,0.23,0.3,1.4430593941370011,1.1416039484737033,0.2917432312766131,0.3
60.92184368737503,1.2703480388430304,0.3843337852746818,20,0.1,0.8999999999999999,0.23,0.3,1.4447382714156303,1.1433132349587272,0.292180048933897,0.3
61.12224448897824,1.272155439300139,0.3828086488944786,20,0.1,0.8999999999999999,0.23,0.3,1.4463317116210914,1.144939895370125,0.292595751039032,0.3
61.32264529058145,1.2738746953062985,0.3813647684696141,20,0.1,0.8999999999999999,0.23,0.3,1.4478434991618898,1.1464872257756684,0.29299117992044865,0.3
61.52304609218466,1.27550935473096,0.37999817057065355,20,0.1,0.8999999999999999,0.23,0.3,1.4492772835872416,1.1479584192578638,0.2933671515881208,0.3
61.723446893787866,1.2770628914760707,0.3787050423659443,20,0.1,0.8999999999999999,0.23,0.3,1.4506366035826448,1.1493566023284634,0.2937244650394963,0.3
61.923847695391075,1.278538738661655,0.37748171143222664,20,0.1,0.8999999999999999,0.23,0.3,1.4519249028145096,1.1506848647954893,0.2940639098921806,0.3
62.124248496994284,1.2799401956517342,0.37632468112016654,20,0.1,0.8999999999999999,0.23,0.3,1.4531454877145957,1.1519461760865606,0.2943862449998989,0.3
62.32464929859749,1.2812704882281534,0.37523059916860696,20,0.1,0.8999999999999999,0.23,0.3,1.4543015558329608,1.153143439405338,0.2946922122924753,0.3
62.5250501002007,1.2825327762276848,0.37419625114257865,20,0.1,0.8999999999999999,0.23,0.3,1.4553961985685053,1.1542794986049163,0.2949825385323675,0.3
62.72545090180391,1.2837300853141138,0.3732185783136975,20,0.1,0.8999999999999999,0.23,0.3,1.4564323783443023,1.1553570767827024,0.2952579196222462,0.3
62.92585170340712,1.2848653678782551,0.37229465359515995,20,0.1,0.8999999999999999,0.23,0.3,1.4574129504624735,1.1563788310904295,0.2955190346119987,0.3
63.12625250501033,1.2859414889515306,0.3714216812089835,20,0.1,0.8999999999999999,0.23,0.3,1.45834066020955,1.1573473400563774,0.29576654245885203,0.3
63.32665330661354,1.2869611889894963,0.37059700114069666,20,0.1,0.8999999999999999,0.23,0.3,1.4592181351159201,1.1582650700905466,0.29600107346758414,0.3
63.527054108216745,1.2879271374070687,0.36981807322673294,20,0.1,0.8999999999999999,0.23,0.3,1.460047899126353,1.1591344236663617,0.2962232416036258,0.3
63.727454909819954,1.2888418986742134,0.3690824788094097,20,0.1,0.8999999999999999,0.23,0.3,1.4608323683604898,1.1599577088067918,0.2964336366950691,0.3
63.92785571142316,1.2897079286848216,0.3683879167603409,20,0.1,0.8999999999999999,0.23,0.3,1.4615738530745004,1.1607371358163394,0.296632823597509,0.3
64.12825651302637,1.2905276332569795,0.36773219520642786,20,0.1,0.8999999999999999,0.23,0.3,1.4622745644282693,1.1614748699312814,0.2968213556491053,0.3
64.32865731462958,1.2913032782425793,0.36711323125893985,20,0.1,0.8999999999999999,0.23,0.3,1.4629366129082453,1.1621729504183211,0.29699975399579326,0.3
64.52905811623279,1.29203703769937,0.3665290446510785,20,0.1,0.8999999999999999,0.23,0.3,1.4635620134299219,1.1628333339294328,0.2971685186708551,0.3
64.729458917836,1.2927309835964098,0.36597775374128216,20,0.1,0.8999999999999999,0.23,0.3,1.4641526880816262,1.1634578852367687,0.29732812622717425,0.3
64.92985971943921,1.2933871776379873,0.36545757283194075,20,0.1,0.8999999999999999,0.23,0.3,1.46471046760686,1.1640484598741885,0.2974790508567371,0.3
65.13026052104242,1.2940075468780465,0.3649668057318244,20,0.1,0.8999999999999999,0.23,0.3,1.4652370970499198,1.1646067921902417,0.2976217357819507,0.3
65.33066132264562,1.2945938832166386,0.3645038414369874,20,0.1,0.8999999999999999,0.23,0.3,1.4657342392629384,1.1651344948949747,0.2977565931398269,0.3
65.53106212424883,1.2951479074274774,0.36406715091520114,20,0.1,0.8999999999999999,0.23,0.3,1.4662034773421007,1.1656331166847296,0.2978840187083198,0.3
65.73146292585204,1.295671315298774,0.363655288355436,20,0.1,0.8999999999999999,0.23,0.3,1.4666463123624107,1.1661041837688966,0.298004402518718,0.3
65.93186372745525,1.296165781037948,0.3632668871891079,20,0.1,0.8999999999999999,0.23,0.3,1.467064166814584,1.166549202934153,0.2981181296387281,0.3
66.13226452905846,1.2966327586379454,0.3629006392228642,20,0.1,0.8999999999999999,0.23,0.3,1.4674584063152354,1.1669694827741508,0.29822553448672745,0.3
66.33266533066167,1.2970736798707574,0.3625553069255776,20,0.1,0.8999999999999999,0.23,0.3,1.4678303257375516,1.1673663118836815,0.29832694637027424,0.3
66.53306613226488,1.2974899159758568,0.3622297195771947,20,0.1,0.8999999999999999,0.23,0.3,1.4681811527506203,1.167740924378271,0.2984226806744471,0.3
66.73346693386809,1.2978828744636555,0.3619227974241073,20,0.1,0.8999999999999999,0.23,0.3,1.468512021226702,1.1680945870172899,0.2985130611266408,0.3
66.9338677354713,1.2982537616696477,0.3616334767878958,20,0.1,0.8999999999999999,0.23,0.3,1.468824051475303,1.1684283855026827,0.298598365184019,0.3
67.1342685370745,1.2986037723565875,0.3613607617193357,20,0.1,0.8999999999999999,0.23,0.3,1.4691182941647976,1.1687433951209287,0.2986788676420151,0.3
67.33466933867771,1.2989340435160384,0.3611037057786427,20,0.1,0.8999999999999999,0.23,0.3,1.4693957495735903,1.1690406391644343,0.29875483000868885,0.3
67.53507014028092,1.2992456434093729,0.36086145766888084,20,0.1,0.8999999999999999,0.23,0.3,1.4696573179653027,1.1693210790684354,0.2988264979841558,0.3
67.73547094188413,1.299539599451778,0.3606331657191183,20,0.1,0.8999999999999999,0.23,0.3,1.4699039023813336,1.1695856395066,0.29889410787390897,0.3
67.93587174348734,1.2998168852553982,0.36041803077777557,20,0.1,0.8999999999999999,0.23,0.3,1.4701363512923773,1.1698351967298581,0.2989578836087416,0.3
68.13627254509055,1.3000784247528765,0.3602152970381123,20,0.1,0.8999999999999999,0.23,0.3,1.470355468251995,1.1700705822775888,0.2990180376931616,0.3
68.33667334669376,1.3003250794627257,0.3600242745947808,20,0.1,0.8999999999999999,0.23,0.3,1.4705619872821019,1.170292571516453,0.2990747682764269,0.3
68.53707414829697,1.3005576691694767,0.3598443035110797,20,0.1,0.8999999999999999,0.23,0.3,1.4707566115003434,1.170501902252529,0.2991282639089797,0.3
68.73747494990018,1.300776979917665,0.35967474069899014,20,0.1,0.8999999999999999,0.23,0.3,1.4709400271507782,1.1706992819258983,0.29917870538106295,0.3
68.93787575150338,1.3009837505092094,0.3595149854552969,20,0.1,0.8999999999999999,0.23,0.3,1.4711128758394723,1.1708853754582884,0.2992262626171182,0.3
69.13827655310659,1.3011786802428174,0.35936447942715843,20,0.1,0.8999999999999999,0.23,0.3,1.4712757544193062,1.1710608122185355,0.299271096455848,0.3
69.3386773547098,1.3013624311313639,0.359222711256791,20,0.1,0.8999999999999999,0.23,0.3,1.4714292098244306,1.1712261880182273,0.2993133591602137,0.3
69.53907815631301,1.3015356299972376,0.3590891656503512,20,0.1,0.8999999999999999,0.23,0.3,1.4715737940880136,1.1713820669975137,0.2993531948993647,0.3
69.73947895791622,1.3016988707721653,0.3589633655683978,20,0.1,0.8999999999999999,0.23,0.3,1.4717100185872067,1.1715289836949487,0.29939074027759804,0.3
69.93987975951943,1.3018527158711883,0.35884486065071275,20,0.1,0.8999999999999999,0.23,0.3,1.471838366480082,1.1716674442840693,0.2994261246503733,0.3
70.14028056112264,1.3019976903734045,0.3587332565810074,20,0.1,0.8999999999999999,0.23,0.3,1.471959260813721,1.1717979213360639,0.29945946878588303,0.3
70.34068136272585,1.302134302596624,0.3586281403099383,20,0.1,0.8999999999999999,0.23,0.3,1.47207314544784,1.1719208723369616,0.29949088959722353,0.3
70.54108216432905,1.30226303218514,0.35852913346067644,20,0.1,0.8999999999999999,0.23,0.3,1.4721804271545211,1.172036728966626,0.29952049740258224,0.3
70.74148296593226,1.3023843358265812,0.3584358761759161,20,0.1,0.8999999999999999,0.23,0.3,1.472281493058125,1.172145902243923,0.2995483972401137,0.3
70.94188376753547,1.302498616145795,0.3583480564944454,20,0.1,0.8999999999999999,0.23,0.3,1.4723766787442512,1.1722487545312155,0.29957468171353285,0.3
71.14228456913868,1.3026062816523856,0.35826535398480863,20,0.1,0.8999999999999999,0.23,0.3,1.4724663293019316,1.1723456534871468,0.2995994447800487,0.3
71.34268537074189,1.302707718704799,0.35818746623074416,20,0.1,0.8999999999999999,0.23,0.3,1.47255077058723,1.172436946834319,0.2996227753021038,0.3
71.5430861723451,1.302803291358599,0.3581141090587922,20,0.1,0.8999999999999999,0.23,0.3,1.47263030894072,1.1725229622227389,0.2996447570124778,0.3
71.74348697394831,1.3028933259395639,0.3580450278756223,20,0.1,0.8999999999999999,0.23,0.3,1.472705218860513,1.1726039933456074,0.2996654649660997,0.3
71.94388777555152,1.3029781313555704,0.3579799815615703,20,0.1,0.8999999999999999,0.23,0.3,1.4727757604351113,1.1726803182200132,0.2996849702117812,0.3
72.14428857715473,1.3030580178539162,0.35791872758277227,20,0.1,0.8999999999999999,0.23,0.3,1.4728421954679092,1.1727522160685244,0.29970334410640076,0.3
72.34468937875793,1.303133270760541,0.3578610423923633,20,0.1,0.8999999999999999,0.23,0.3,1.4729047653331866,1.1728199436844868,0.29972065227492445,0.3
72.54509018036114,1.303204155864653,0.35780671921052065,20,0.1,0.8999999999999999,0.23,0.3,1.4729636933619497,1.1728837402781875,0.2997369558488702,0.3
72.74549098196435,1.3032709143926,0.357755574616819,20,0.1,0.8999999999999999,0.23,0.3,1.4730191776707917,1.17294382295334,0.29975231031029803,0.3
72.94589178356756,1.3033337900526654,0.35770741562039515,20,0.1,0.8999999999999999,0.23,0.3,1.473071426870062,1.1730004110473986,0.299766771712113,0.3
73.14629258517077,1.3033930077418812,0.35766206629880226,20,0.1,0.8999999999999999,0.23,0.3,1.4731206311540475,1.173053706967693,0.2997803917806327,0.3
73.34669338677398,1.303448780269645,0.35761936006958356,20,0.1,0.8999999999999999,0.23,0.3,1.4731669706724657,1.1731039022426804,0.29979321946201837,0.3
73.54709418837719,1.3035012980238503,0.35757915639330434,20,0.1,0.8999999999999999,0.23,0.3,1.4732105973941307,1.173151168221465,0.2998052985454856,0.3
73.7474949899804,1.3035507545845897,0.3575413019586072,20,0.1,0.8999999999999999,0.23,0.3,1.473251677215624,1.1731956791261307,0.2998166735544556,0.3
73.9478957915836,1.3035973294243905,0.35750565814347685,20,0.1,0.8999999999999999,0.23,0.3,1.4732903601559921,1.1732375964819515,0.29982738576760987,0.3
74.14829659318681,1.3036411935486143,0.3574720930473702,20,0.1,0.8999999999999999,0.23,0.3,1.4733267889951445,1.1732770741937528,0.2998374745161813,0.3
74.34869739479002,1.3036824947286725,0.3574404934021047,20,0.1,0.8999999999999999,0.23,0.3,1.4733610863393882,1.1733142452558052,0.2998469737875947,0.3
74.54909819639323,1.3037213838293782,0.3574107433864434,20,0.1,0.8999999999999999,0.23,0.3,1.4733933776083405,1.1733492454464403,0.299855918280757,0.3
74.74949899799644,1.303758005775408,0.35738273191955566,20,0.1,0.8999999999999999,0.23,0.3,1.4734237831150843,1.173382205197867,0.29986434132834383,0.3
74.94989979959965,1.3037924962913894,0.35735635530452586,20,0.1,0.8999999999999999,0.23,0.3,1.4734524151922475,1.1734132466622502,0.29987227414701956,0.3
75.15030060120286,1.3038249752902569,0.35733152083858655,20,0.1,0.8999999999999999,0.23,0.3,1.473479374268388,1.1734424777612311,0.29987974431675907,0.3
75.35070140280607,1.3038555537247125,0.35730814237638175,20,0.1,0.8999999999999999,0.23,0.3,1.4735047536798758,1.1734699983522412,0.2998867773566839,0.3
75.55110220440928,1.3038843482125337,0.35728613099236395,20,0.1,0.8999999999999999,0.23,0.3,1.4735286498048303,1.1734959133912803,0.29989340008888277,0.3
75.75150300601248,1.3039114642461855,0.357265405448596,20,0.1,0.8999999999999999,0.23,0.3,1.4735511506969934,1.173520317821567,0.2998996367766227,0.3
75.9519038076157,1.3039369996888903,0.3572458904181814,20,0.1,0.8999999999999999,0.23,0.3,1.4735723380114853,1.1735432997200013,0.2999055099284448,0.3
76.1523046092189,1.3039610398069563,0.35722752075594094,20,0.1,0.8999999999999999,0.23,0.3,1.4735922823654881,1.1735649358262605,0.29991103915559997,0.3
76.35270541082211,1.3039836753737546,0.3572102259757857,20,0.1,0.8999999999999999,0.23,0.3,1.4736110601893464,1.173585307836379,0.29991624533596356,0.3
76.55310621242532,1.3040049885172238,0.35719394240110924,20,0.1,0.8999999999999999,0.23,0.3,1.4736287405333215,1.1736044896655013,0.29992114735896147,0.3
76.75350701402853,1.3040250570543228,0.35717860946498475,20,0.1,0.8999999999999999,0.23,0.3,1.4736453890828878,1.1736225513488905,0.29992576312249425,0.3
76.95390781563174,1.3040439494285452,0.3571641771749014,20,0.1,0.8999999999999999,0.23,0.3,1.473661060051878,1.1736395544856906,0.29993010836856543,0.3
77.15430861723495,1.3040617363197726,0.35715058983677506,20,0.1,0.8999999999999999,0.23,0.3,1.4736758138538928,1.1736555626877951,0.2999341993535477,0.3
77.35470941883815,1.304078482853923,0.35713779740405416,20,0.1,0.8999999999999999,0.23,0.3,1.4736897047784083,1.1736706345685306,0.2999380510564023,0.3
77.55511022044136,1.3040942510479852,0.35712575225205495,20,0.1,0.8999999999999999,0.23,0.3,1.4737027844922552,1.1736848259431865,0.2999416777410366,0.3
77.75551102204457,1.3041090950256098,0.35711441330755783,20,0.1,0.8999999999999999,0.23,0.3,1.4737150975543778,1.1736981855230486,0.29994509185589024,0.3
77.95591182364778,1.3041230689334085,0.35710373931687117,20,0.1,0.8999999999999999,0.23,0.3,1.4737266887251708,1.1737107620400675,0.29994830585468396,0.3
78.15631262525099,1.3041362256448044,0.35709368999229973,20,0.1,0.8999999999999999,0.23,0.3,1.473737601721034,1.1737226030803238,0.29995133189830503,0.3
78.3567134268542,1.3041486145611356,0.35708422793063205,20,0.1,0.8999999999999999,0.23,0.3,1.4737478771304613,1.173733753105022,0.2999541813490612,0.3
78.55711422845741,1.3041602771047027,0.35707532132644065,20,0.1,0.8999999999999999,0.23,0.3,1.473757549466855,1.1737442493942323,0.29995686373408165,0.3
78.75751503006062,1.3041712504515592,0.3570669414973266,20,0.1,0.8999999999999999,0.23,0.3,1.4737666498553785,1.1737541254064032,0.29995938760385865,0.3
78.95791583166383,1.3041815796883138,0.35705905487650613,20,0.1,0.8999999999999999,0.23,0.3,1.4737752147285899,1.1737634217194823,0.2999617633283122,0.3
79.15831663326703,1.3041913041982671,0.35705163193086037,20,0.1,0.8999999999999999,0.23,0.3,1.4737832761413288,1.1737721737784403,0.29996399996560147,0.3
79.35871743487024,1.3042004622778791,0.3570446441058064,20,0.1,0.8999999999999999,0.23,0.3,1.4737908650881963,1.173780416050091,0.2999661063239122,0.3
79.55911823647345,1.3042090914776818,0.35703806357823414,20,0.1,0.8999999999999999,0.23,0.3,1.473798011771612,1.1737881823299134,0.2999680910398668,0.3
79.75951903807666,1.3042172285328657,0.35703186323110264,20,0.1,0.8999999999999999,0.23,0.3,1.4738047456291745,1.173795505679579,0.29996996256255914,0.3
79.95991983967987,1.3042248589723802,0.3570260438117943,20,0.1,0.8999999999999999,0.23,0.3,1.4738110658378636,1.1738023730751421,0.29997171756364743,0.3
80.16032064128308,1.4243775339757854,0.3592667771008876,20,0.1,0.3,0.23,0.3,1.4713815078050392,0.4273132601927356,0.32760683281443065,0.3
80.36072144288629,1.5597928285461644,0.3679823472925897,20,0.1,0.3,0.23,0.3,1.4620071698719308,0.4679378485638493,0.35875235056561783,0.3
80.5611222444895,1.679178564283103,0.3825684933035117,20,0.1,0.3,0.23,0.3,1.4465829430419004,0.5037535692849309,0.3862110697851137,0.3
80.7615230460927,1.783108480382537,0.4022990773129119,20,0.1,0.3,0.23,0.3,1.426229277589203,0.5349325441147611,0.4101149504879835,0.3
80.96192384769591,1.8723080216739165,0.4264774236544513,20,0.1,0.3,0.23,0.3,1.4020551372458863,0.5616924065021749,0.4306308449850008,0.3
81.16232464929912,1.9476359217458818,0.45444357690579973,20,0.1,0.3,0.23,0.3,1.37509631295208,0.5842907765237645,0.44795626200155286,0.3
81.36272545090233,2.0100539231214443,0.48558032939501533,20,0.1,0.3,0.23,0.3,1.3462752302424978,0.6030161769364333,0.4623124023179322,0.3
81.56312625250554,2.0605877507819126,0.5193161525718267,20,0.1,0.3,0.23,0.3,1.316381713321809,0.6181763252345738,0.4739351826798399,0.3
81.76352705410875,2.1002953317325015,0.5551275798600449,20,0.1,0.3,0.23,0.3,1.2860681180768407,0.6300885995197504,0.48306792629847534,0.3
81.96392785571196,2.130239537223433,0.592540129441493,20,0.1,0.3,0.23,0.3,1.2558553238475716,0.6390718611670299,0.48995509356138955,0.3
82.16432865731517,2.1514657577250844,0.6311279403338415,20,0.1,0.3,0.23,0.3,1.2261453872163222,0.6454397273175253,0.49483712427676946,0.3
82.36472945891838,2.1649800008177444,0.6705125480488262,20,0.1,0.3,0.23,0.3,1.1972373403216983,0.6494940002453233,0.49794540018808126,0.3
82.56513026052158,2.171732943709491,0.7103607023754488,20,0.1,0.3,0.23,0.3,1.1693439852905199,0.6515198831128473,0.49949857705318296,0.3
82.7655310621248,2.1726122009530386,0.7503815229962567,20,0.1,0.3,0.23,0.3,1.1426080392898874,0.6517836602859116,0.49970080621919893,0.3
82.965931863728,2.168438484788636,0.7903234427065977,20,0.1,0.3,0.23,0.3,1.1171165792123097,0.6505315454365908,0.4987408515013863,0.3
83.16633266533121,2.159962861768931,0.8299710986864823,20,0.1,0.3,0.23,0.3,1.0929134353190393,0.6479888585306793,0.49679145820685416,0.3
83.36673346693442,2.1478663752057465,0.8691421239585226,20,0.1,0.3,0.23,0.3,1.0700095912259164,0.644359912561724,0.4940092662973217,0.3
83.56713426853763,2.1327599469491427,0.9076839981833705,20,0.1,0.3,0.23,0.3,1.048391663349139,0.6398279840847428,0.49053478779830284,0.3
83.76753507014084,2.115187981525469,0.9454708257475813,20,0.1,0.3,0.23,0.3,1.0280287802473034,0.6345563944576407,0.4864932357508579,0.3
83.96793587174405,2.0956338778414922,0.9824004064079015,20,0.1,0.3,0.23,0.3,1.008877920694129,0.6286901633524477,0.48199579190354325,0.3
84.16833667334726,2.0745207785294815,1.0183913428155449,20,0.1,0.3,0.23,0.3,0.9908881184607687,0.6223562335588444,0.47713977906178073,0.3
84.36873747495046,2.0522216820129766,1.053380512453622,20,0.1,0.3,0.23,0.3,0.9740035944970391,0.6156665046038929,0.47201098686298465,0.3
84.56913827655367,2.029060733286777,1.0873209610042658,20,0.1,0.3,0.23,0.3,0.9581660115355459,0.608718219986033,0.46668396865595874,0.3
84.76953907815688,2.005318658333524,1.120179416856909,20,0.1,0.3,0.23,0.3,0.9433163929894806,0.6015955975000572,0.46122329141671053,0.3
84.96993987976009,1.9812366161636645,1.1519347978873273,20,0.1,0.3,0.23,0.3,0.9293961889382103,0.5943709848490993,0.45568442171764284,0.3
85.1703406813633,1.9570200792340757,1.1825763757460002,20,0.1,0.3,0.23,0.3,0.9163482305705816,0.5871060237702227,0.4501146182238374,0.3
85.37074148296651,1.9328430664031009,1.2121020289665219,20,0.1,0.3,0.23,0.3,0.9041174294001193,0.5798529199209302,0.4445539052727132,0.3
85.57114228456972,1.9088516586221103,1.2405170510264676,20,0.1,0.3,0.23,0.3,0.8926510954619705,0.572655497586633,0.43903588148308537,0.3
85.77154308617293,1.8851674599947137,1.267832956472481,20,0.1,0.3,0.23,0.3,0.8818991691129298,0.5655502379984141,0.43358851579878416,0.3
85.97194388777613,1.861890742137524,1.294066236765137,20,0.1,0.3,0.23,0.3,0.8718144088202963,0.5585672226412571,0.4282348706916305,0.3
86.17234468937934,1.8391031333008019,1.3192375863837948,20,0.1,0.3,0.23,0.3,0.86235235740485,0.5517309399902406,0.42299372065918445,0.3
86.37274549098255,1.8168696034857672,1.3433711543302718,20,0.1,0.3,0.23,0.3,0.8534712891315733,0.5450608810457301,0.4178800088017265,0.3
86.57314629258576,1.7952410885305654,1.3664936801183072,20,0.1,0.3,0.23,0.3,0.8451321957048349,0.5385723265591696,0.4129054503620301,0.3
86.77354709418897,1.7742561343721885,1.3886339683169722,20,0.1,0.3,0.23,0.3,0.8372986512492733,0.5322768403116566,0.4080789109056034,0.3
86.97394789579218,1.7539425784515341,1.4098223996974137,20,0.1,0.3,0.23,0.3,0.8299366792553373,0.5261827735354602,0.40340679304385285,0.3
87.17434869739539,1.7343192858169887,1.4300903912566036,20,0.1,0.3,0.23,0.3,0.8230146529511589,0.5202957857450966,0.3988934357379074,0.3
87.3747494989986,1.7153975236283876,1.4494700138676004,20,0.1,0.3,0.23,0.3,0.8165031572858866,0.5146192570885163,0.39454143043452916,0.3
87.5751503006018,1.697181925153203,1.467993754608988,20,0.1,0.3,0.23,0.3,0.8103748221667871,0.5091545775459608,0.3903518427852367,0.3
87.77555110220501,1.6796716794329594,1.4856941688083654,20,0.1,0.3,0.23,0.3,0.8046042128178602,0.5039015038298877,0.38632448626958066,0.3
87.97595190380822,1.6628615080668963,1.502603634154809,20,0.1,0.3,0.23,0.3,0.7991677038683151,0.4988584524200689,0.38245814685538615,0.3
88.17635270541143,1.6467421911444573,1.5187542367279774,20,0.1,0.3,0.23,0.3,0.7940433293714785,0.49402265734333717,0.3787507039632252,0.3
88.37675350701464,1.631301420241985,1.5341775616951911,20,0.1,0.3,0.23,0.3,0.7892106812997495,0.48939042607259553,0.3751993266556566,0.3
88.57715430861785,1.616524482021528,1.5489045321805703,20,0.1,0.3,0.23,0.3,0.7846508077291596,0.4849573446064584,0.37180063086495146,0.3
88.77755511022106,1.6023945852465105,1.5629653761447322,20,0.1,0.3,0.23,0.3,0.7803460860670864,0.48071837557395314,0.3685507546066974,0.3
88.97795591182427,1.5888934035535214,1.5763895098777487,20,0.1,0.3,0.23,0.3,0.7762801363427773,0.4766680210660564,0.36544548281730993,0.3
89.17835671342748,1.5760015457188976,1.589205452106862,20,0.1,0.3,0.23,0.3,0.7724377369793426,0.47280046371566925,0.36248035551534646,0.3
89.37875751503068,1.5636987246105114,1.6014408298609972,20,0.1,0.3,0.23,0.3,0.7688047243061323,0.4691096173831534,0.35965070666041765,0.3
89.5791583166339,1.5519640779496402,1.6131223201841558,20,0.1,0.3,0.23,0.3,0.7653679219498049,0.46558922338489206,0.3569517379284173,0.3
89.7795591182371,1.5407764786170413,1.6242756173369208,20,0.1,0.3,0.23,0.3,0.7621150715981474,0.46223294358511235,0.3543785900819195,0.3
89.97995991984031,1.53011463181958,1.6349254513439844,20,0.1,0.3,0.23,0.3,0.759034757123724,0.45903438954587394,0.3519263653185034,0.3
90.18036072144352,1.5199572140355775,1.6450955949181303,20,0.1,0.3,0.23,0.3,0.7561163399320935,0.4559871642106732,0.3495901592281828,0.3
90.38076152304673,1.5102833230496835,1.6548087812794199,20,0.1,0.3,0.23,0.3,0.7533499264064318,0.453084996914905,0.3473651643014272,0.3
90.58116232464994,1.5010720224904601,1.6640868722989977,20,0.1,0.3,0.23,0.3,0.750726269775911,0.450321606747138,0.34524656517280583,0.3
90.78156312625315,1.4923031949036045,1.6729506700105483,20,0.1,0.3,0.23,0.3,0.7482367790918144,0.44769095847108137,0.34322973482782904,0.3
90.98196392785636,1.483956971790402,1.6814201074478452,20,0.1,0.3,0.23,0.3,0.7458734252215272,0.4451870915371206,0.3413101035117925,0.3
91.18236472945956,1.4760139775602024,1.6895142260216112,20,0.1,0.3,0.23,0.3,0.7436287120735718,0.4428041932680607,0.3394832148388466,0.3
91.38276553106277,1.4684556662488406,1.6972511229808844,20,0.1,0.3,0.23,0.3,0.7414956593992208,0.44053669987465216,0.3377448032372334,0.3
91.58316633266598,1.4612636782807693,1.7046481511850784,20,0.1,0.3,0.23,0.3,0.7394677193496214,0.43837910348423076,0.33609064600457694,0.3
91.78356713426919,1.4544206577979102,1.7117217557388642,20,0.1,0.3,0.23,0.3,0.7375387964371215,0.43632619733937306,0.3345167512935194,0.3
91.9839679358724,1.4479095774084596,1.7184876513197247,20,0.1,0.3,0.23,0.3,0.7357031763705361,0.43437287322253787,0.3330192028039457,0.3
92.18436873747561,1.4417142492543482,1.7249607657887611,20,0.1,0.3,0.23,0.3,0.733955521528797,0.43251427477630444,0.3315942773285001,0.3
92.38476953907882,1.4358190296210755,1.7311552937024914,20,0.1,0.3,0.23,0.3,0.7322908384637109,0.43074570888632263,0.3302383768128474,0.3
92.58517034068203,1.430209008852678,1.7370847294340832,20,0.1,0.3,0.23,0.3,0.730704452986926,0.4290627026558034,0.3289480720361159,0.3
92.78557114228524,1.4248698758121285,1.7427618893654888,20,0.1,0.3,0.23,0.3,0.72919198992614,0.42746096274363854,0.32772007143678955,0.3
92.98597194388844,1.4197879990214979,1.748198940109665,20,0.1,0.3,0.23,0.3,0.7277493527889183,0.42593639970644936,0.32655123977494455,0.3
93.18637274549165,1.4149503733407878,1.7534074335772278,20,0.1,0.3,0.23,0.3,0.7263727030044368,0.4244851120022363,0.3254385858683812,0.3
93.38677354709486,1.4103445594409665,1.7583983396159413,20,0.1,0.3,0.23,0.3,0.7250584410801469,0.4231033678322899,0.3243792486714223,0.3
93.58717434869807,1.4059587745653077,1.7631820635061202,20,0.1,0.3,0.23,0.3,0.7238031928530468,0.4217876323695923,0.32337051815002077,0.3
93.78757515030128,1.4017817262212304,1.7677684840057908,20,0.1,0.3,0.23,0.3,0.7226037913060562,0.42053451786636914,0.322409797030883,0.3
93.98797595190449,1.3978027302236835,1.772166979239158,20,0.1,0.3,0.23,0.3,0.7214572624874549,0.419340819067105,0.32149462795144723,0.3
94.1883767535077,1.3940115967642506,1.7763864328437684,20,0.1,0.3,0.23,0.3,0.7203608173345887,0.4182034790292752,0.32062266725577765,0.3
94.3887775551109,1.3903986571710065,1.7804352917447634,20,0.1,0.3,0.23,0.3,0.7193118307547345,0.4171195971513019,0.31979169114933154,0.3
94.58917835671411,1.3869547446803008,1.7843215191529775,20,0.1,0.3,0.23,0.3,0.7183078485161523,0.41608642340409024,0.3189995912764692,0.3
94.78957915831732,1.3836711517386857,1.78805270752038,20,0.1,0.3,0.23,0.3,0.7173465532431583,0.4151013455216057,0.3182443648998977,0.3
94.98997995992053,1.3805396198201483,1.7916360753920633,20,0.1,0.3,0.23,0.3,0.7164257610903368,0.4141618859460445,0.3175241125586341,0.3
95.19038076152374,1.3775523196354986,1.7950784915378852,20,0.1,0.3,0.23,0.3,0.715543411770013,0.4132656958906496,0.3168370335161647,0.3
95.39078156312695,1.3747018645573503,1.7983862605382754,20,0.1,0.3,0.23,0.3,0.7146976199115901,0.4124105593672051,0.3161814288481906,0.3
95.59118236473016,1.3719812219868792,1.8015656303450942,20,0.1,0.3,0.23,0.3,0.7138865419881817,0.41159436659606374,0.31555568105698223,0.3
95.79158316633337,1.3693837403922433,1.804622485370195,20,0.1,0.3,0.23,0.3,0.7131084523612848,0.41081512211767296,0.31495826029021595,0.3
95.99198396793658,1.3669031217651106,1.8075624147626455,20,0.1,0.3,0.23,0.3,0.7123617232812551,0.4100709365295332,0.3143877180059755,0.3
96.19238476953979,1.3645334376818303,1.8103904093213268,20,0.1,0.3,0.23,0.3,0.7116448993586533,0.40936003130454907,0.31384269066682097,0.3
96.392785571143,1.3622690274876148,1.813111625435119,20,0.1,0.3,0.23,0.3,0.7109565016605587,0.40868070824628444,0.3133218763221514,0.3
96.5931863727462,1.3601045391773194,1.8157308573273314,20,0.1,0.3,0.23,0.3,0.7102951600631261,0.4080313617531958,0.3128240440107835,0.3
96.79358717434941,1.3580349201630275,1.8182526232306708,20,0.1,0.3,0.23,0.3,0.709659589603193,0.40741047604890823,0.31234803163749636,0.3
96.99398797595262,1.356055472500963,1.820680971093634,20,0.1,0.3,0.23,0.3,0.7090486377211812,0.4068166417502889,0.31189275867522154,0.3
97.19438877755583,1.35416162553842,1.823020098469085,20,0.1,0.3,0.23,0.3,0.7084611268210927,0.40624848766152594,0.3114571738738366,0.3
97.39478957915904,1.3523490830315732,1.8252738934604458,20,0.1,0.3,0.23,0.3,0.707895968822465,0.40570472490947196,0.31104028909726184,0.3
97.59519038076225,1.350613807457212,1.8274460028201485,20,0.1,0.3,0.23,0.3,0.7073521467802256,0.4051841422371636,0.31064117571515876,0.3
97.79559118236546,1.3489520433081428,1.8295397825815278,20,0.1,0.3,0.23,0.3,0.7068287261101174,0.4046856129924428,0.3102589699608729,0.3
97.99599198396866,1.347360111207798,1.8315586146829357,20,0.1,0.3,0.23,0.3,0.7063247745001917,0.4042080333623394,0.3098928255777936,0.3
98.19639278557187,1.3458345561675522,1.8335056580406401,20,0.1,0.3,0.23,0.3,0.7058394234451585,0.40375036685026566,0.309541947918537,0.3
98.39679358717508,1.3443721670941462,1.8353838754496956,20,0.1,0.3,0.23,0.3,0.7053718606912784,0.4033116501282438,0.3092055984316536,0.3
98.59719438877829,1.3429699498831529,1.8371960545040027,20,0.1,0.3,0.23,0.3,0.7049213242860085,0.40289098496494585,0.3088830884731252,0.3
98.7975951903815,1.341624943284729,1.8389449409317726,20,0.1,0.3,0.23,0.3,0.7044870688276111,0.40248748298541864,0.3085737369554877,0.3
98.99799599198471,1.340334378815779,1.8406331259430873,20,0.1,0.3,0.23,0.3,0.7040683929699658,0.4021003136447337,0.30827690712762923,0.3
99.19839679358792,1.3390957051615355,1.8422630278595045,20,0.1,0.3,0.23,0.3,0.7036646434183789,0.4017287115484606,0.30799201218715316,0.3
99.39879759519113,1.337906506215559,1.8438369544690538,20,0.1,0.3,0.23,0.3,0.7032751989726505,0.40137195186466773,0.3077184964295786,0.3
99.59919839679434,1.3367644151455134,1.8453571683419971,20,0.1,0.3,0.23,0.3,0.7028994539780077,0.401029324543654,0.30745581548346806,0.3
99.79959919839754,1.3356672132718068,1.846825814462712,20,0.1,0.3,0.23,0.3,0.7025368358820592,0.400700163981542,0.30720345905251556,0.3
100.00000000000075,1.3346128648217266,1.84824486691141,20,0.1,0.3,0.23,0.3,0.7021868180065456,0.40038385944651794,0.3069609589089971,0.3