Time,E,S1,ES,S2,k1,k2,k3,J0,J1,J2
0,5,6,0,0,0.1,0.4,0.9,3,0,0
0.10033444816053512,4.727221578691094,5.714666384576517,0.27277842130890795,0.012555195640726557,0.1,0.4,0.9,2.701449424819073,0.005022078256290623,0.24550057917801715
0.20066889632107024,4.503847285922967,5.457361073926673,0.4961527140770371,0.04648622025816396,0.1,0.4,0.9,2.4579120861106296,0.018594488103265583,0.4465374426693334
0.3010033444816054,4.320953483276694,5.223961723274502,0.6790465167233102,0.09699181090190362,0.1,0.4,0.9,2.2572495604687077,0.03879672436076145,0.6111418650509792
0.4013377926421405,4.171395604640295,5.011228513101561,0.8286043953597101,0.1601671999920738,0.1,0.4,0.9,2.0903816593399975,0.06406687999682951,0.7457439558237391
0.5016722408026756,4.049400922707891,4.816572567623193,0.9505990772921138,0.23282845736949595,0.1,0.4,0.9,1.9504233399622872,0.09313138294779838,0.8555391695629024
0.6020066889632107,3.950277327569964,4.637897839009228,1.0497226724300412,0.3123794437727432,0.1,0.4,0.9,1.8320982681023885,0.12495177750909728,0.9447504051870371
0.7023411371237459,3.8701834902021495,4.473481014654726,1.1298165097978556,0.3967021911030922,0.1,0.4,0.9,1.7313192366649481,0.15868087644123688,1.01683485881807
0.8026755852842811,3.805953187700112,4.321883275983024,1.194046812299893,0.4840694989086649,0.1,0.4,0.9,1.6448885431095392,0.19362779956346599,1.0746421310699037
0.9030100334448162,3.754965486397837,4.18188810817135,1.245034513602168,0.5730769732938447,0.1,0.4,0.9,1.5702845514160964,0.22923078931753788,1.1205310622419513
1.0033444816053514,3.7150440283779194,4.052455640811438,1.284955971622085,0.6625880116890493,0.1,0.4,0.9,1.5055051128662948,0.26503520467561975,1.1564603744598767
1.1036789297658864,3.684372527421136,3.9326851825099522,1.3156274725788688,0.7516869592574993,0.1,0.4,0.9,1.4489477245435844,0.3006747837029997,1.184064725320982
1.2040133779264215,3.6614286336923847,3.821787131427068,1.3385713663076193,0.8396411016325943,0.1,0.4,0.9,1.399320083488415,0.33585644065303777,1.2047142296768574
1.3043478260869565,3.6449327019394118,3.7190623377878227,1.3550672980605925,0.9258699670886992,0.1,0.4,0.9,1.3555731935554074,0.3703479868354797,1.2195605682545332
1.4046822742474916,3.6338069430644455,3.6238864764682543,1.3661930569355587,1.009920076311107,0.1,0.4,0.9,1.3168503839067693,0.4039680305244428,1.2295737512420029
1.5050167224080266,3.6271413202883527,3.535697336308132,1.3728586797116515,1.0914435930724753,0.1,0.4,0.9,1.282447390455669,0.4365774372289901,1.2355728117404865
1.6053511705685617,3.624165605806415,3.45398477961969,1.3758343941935895,1.1701804320035738,0.1,0.4,0.9,1.2517812841276532,0.46807217280142954,1.2382509547742306
1.7056856187290967,3.624226914148475,3.3782830749073742,1.3757730858515291,1.2459434451187665,0.1,0.4,0.9,1.2243664443691575,0.49837737804750665,1.2381957772663763
1.8060200668896318,3.626771487869426,3.308164951262232,1.3732285121305783,1.3186061438564392,0.1,0.4,0.9,1.1997958322406814,0.5274424575425757,1.2359056609175205
1.9063545150501668,3.631329277016768,3.243236663936369,1.3686707229832356,1.3880922203715427,0.1,0.4,0.9,1.177726025004633,0.555236888148617,1.231803650684912
2.006688963210702,3.6375011166254376,3.1831340058561577,1.3624988833745661,1.4543667174802966,0.1,0.4,0.9,1.1578653500670177,0.5817466869921186,1.2262489950371096
2.107023411371237,3.644948160393042,3.1275191360884222,1.3550518396069617,1.5174286309047471,0.1,0.4,0.9,1.1399645121679531,0.6069714523618989,1.2195466556462655
2.207357859531772,3.6533829583350093,3.076077950968096,1.346617041664994,1.5773046142317924,0.1,0.4,0.9,1.1238090764576918,0.630921845692717,1.2119553374984946
2.307692307692307,3.6625620329161603,3.028517917637057,1.3374379670838432,1.6340437221992374,0.1,0.4,0.9,1.1092134741143798,0.6536174888796951,1.203694170375459
2.408026755852842,3.672279635358052,2.9845662489694704,1.3277203646419509,1.6877129930163777,0.1,0.4,0.9,1.0960161856467556,0.6750851972065511,1.1949483281777558
2.508361204013377,3.6823622333152928,2.9439682936781395,1.3176377666847103,1.7383935457939894,0.1,0.4,0.9,1.0840757660718046,0.6953574183175958,1.1858739900162394
2.608695652173912,3.6926639154049212,2.9064861985570687,1.3073360845950819,1.7861773225120328,0.1,0.4,0.9,1.073267670603411,0.7144709290048131,1.1766024761355738
2.7090301003344472,3.703062526978611,2.8718976602795596,1.2969374730213916,1.83116447200069,0.1,0.4,0.9,1.0634816607098787,0.7324657888002761,1.1672437257192525
2.8093645484949823,3.7134561244599023,2.8399948913749524,1.2865438755401004,1.8734608383219586,0.1,0.4,0.9,1.0546196422811152,0.7493843353287835,1.1578894879860904
2.9096989966555173,3.723760853089079,2.810583901604558,1.2762391469109238,1.9131765567776517,0.1,0.4,0.9,1.0465942307117422,0.7652706227110607,1.1486152322198315
3.0100334448160524,3.733908178102931,2.7834835155106146,1.2660918218970714,1.9504242679436419,0.1,0.4,0.9,1.0393271862179783,0.7801697071774568,1.1394826397073643
3.1103678929765874,3.743842514966349,2.758524494745811,1.2561574850336534,1.9853176255822373,0.1,0.4,0.9,1.0327481282005435,0.794127050232895,1.130541736530288
3.2107023411371225,3.7535194688261644,2.7355488501313334,1.2464805311738383,2.017970224011557,0.1,0.4,0.9,1.0267935866892988,0.8071880896046228,1.1218324780564546
3.3110367892976575,3.762904072476807,2.7144091260281504,1.2370959275231956,2.0484945517314914,0.1,0.4,0.9,1.0214061154699539,0.8193978206925966,1.1133863347708761
3.4113712374581926,3.7719696999020047,2.694967875503807,1.2280303000979977,2.0770014296748918,0.1,0.4,0.9,1.0165337168609638,0.8308005718699567,1.105227270088198
3.5117056856187276,3.7806968257285005,2.6770970550373674,1.2193031742715021,2.103599375980644,0.1,0.4,0.9,1.0121292338146892,0.8414397503922576,1.097372856844352
3.6120401337792627,3.7890719338067806,2.660677435124124,1.2109280661932218,2.128394103990463,0.1,0.4,0.9,1.008149819434183,0.8513576415961852,1.0898352595738996
3.7123745819397977,3.797086595612882,2.6455980662386964,1.2029134043871206,2.1514881346874377,0.1,0.4,0.9,1.0045564954694315,0.8605952538749752,1.0826220639484085
3.812709030100333,3.8047366395083007,2.6317557545768673,1.1952633604917025,2.1729804902392242,0.1,0.4,0.9,1.0013137545675423,0.8691921960956898,1.0757370244425322
3.913043478260868,3.8120215017518997,2.6190546054712276,1.1879784982481028,2.192966501581735,0.1,0.4,0.9,0.9983892470318658,0.877186600632694,1.0691806484232924
4.013377926421403,3.8189436349367503,2.607405581333624,1.1810563650632526,2.2115376589007414,0.1,0.4,0.9,0.99575349485326,0.8846150635602966,1.0629507285569273
4.113712374581938,3.825507988264382,2.59672606817465,1.1744920117356208,2.228781525389203,0.1,0.4,0.9,0.9933796317136484,0.8915126101556812,1.0570428105620588
4.214046822742474,3.831721598255742,2.5869394769578555,1.1682784017442605,2.244781726606693,0.1,0.4,0.9,0.9912431867239828,0.8979126906426773,1.0514505615698344
4.314381270903009,3.837593047479052,2.5779748105273756,1.1624069525209508,2.2596178422713504,0.1,0.4,0.9,0.9893218209455983,0.9038471369085402,1.0461662572688557
4.414715719063545,3.8431323892884177,2.569766379531373,1.156867610711585,2.2733656150935717,0.1,0.4,0.9,0.9875952406081453,0.9093462460374288,1.0411808496404265
4.51505016722408,3.8483503047879766,2.562253277665875,1.151649695212026,2.286096632470749,0.1,0.4,0.9,0.9860448182049463,0.9144386529882995,1.0364847256908236
4.615384615384616,3.853258701489655,2.555379357177327,1.146741298510348,2.2978789496734726,0.1,0.4,0.9,0.9846537743650577,0.9191515798693891,1.0320671686593132
4.715719063545151,3.8578694836883183,2.5490925447717183,1.1421305163116846,2.3087765442836155,0.1,0.4,0.9,0.9834066339572212,0.9235106177134462,1.0279174646805163
4.816053511705687,3.862195411094994,2.5433448930097122,1.137804588905009,2.318850123454708,0.1,0.4,0.9,0.9822894974613999,0.9275400493818833,1.024024130014508
4.916387959866222,3.8662490075256497,2.538091973902631,1.1337509924743534,2.3281566389922284,0.1,0.4,0.9,0.9812895575109866,0.9312626555968914,1.020375893226918
5.016722408026758,3.8700432794007953,2.533293022519494,1.1299567205992078,2.336749862248089,0.1,0.4,0.9,0.9803953636554495,0.9346999448992357,1.016961048539287
5.117056856187293,3.873590931407928,2.5289102990995787,1.126409068592075,2.3446802376736917,0.1,0.4,0.9,0.979596400093624,0.9378720950694768,1.0137681617328675
5.217391304347829,3.8769046850055644,2.5249091600489533,1.1230953149944387,2.351995130321095,0.1,0.4,0.9,0.9788832151807252,0.940798052128438,1.010785783494995
5.317725752508364,3.8799969128769543,2.5212576041130554,1.1200030871230489,2.358738914128528,0.1,0.4,0.9,0.9782471720526202,0.9434955656514113,1.008002778410744
5.4180602006689,3.8828797850720065,2.517926256736721,1.1171202149279964,2.364953133701173,0.1,0.4,0.9,0.9776804962585041,0.9459812534804692,1.0054081934351968
5.518394648829435,3.8855649979172666,2.514887995277238,1.1144350020827363,2.370676608006807,0.1,0.4,0.9,0.977176076813156,0.9482706432027229,1.0029915018744626
5.618729096989971,3.888064017607145,2.512117988513027,1.1119359823928576,2.3759456344618672,0.1,0.4,0.9,0.9767275559121139,0.9503782537847469,1.0007423841535719
5.719063545150506,3.890387758472968,2.509593304561947,1.109612241527034,2.3807940592790096,0.1,0.4,0.9,0.9763291070813522,0.9523176237116039,0.9986510173743306
5.819397993311042,3.89254686180643,2.5072929983419394,1.1074531381935722,2.3852534688322313,0.1,0.4,0.9,0.9759755492325152,0.9541013875328925,0.996707824374215
5.919732441471577,3.8945514329885125,2.505197748327862,1.1054485670114897,2.389353290028019,0.1,0.4,0.9,0.975662148066987,0.9557413160112077,0.9949037103103407
6.020066889632113,3.8964112054051374,2.503289907034155,1.1035887945948648,2.39312090373778,0.1,0.4,0.9,0.9753846844145466,0.9572483614951119,0.9932299151353784
6.120401337792648,3.8981354223826123,2.501553226787263,1.1018645776173905,2.3965818009618958,0.1,0.4,0.9,0.9751393244314955,0.9586327203847583,0.9916781198556515
6.220735785953184,3.8997328905964173,2.4999728573712305,1.1002671094035854,2.399759638591631,0.1,0.4,0.9,0.9749226377488894,0.9599038554366525,0.9902403984632269
6.321070234113719,3.9012119748308436,2.4985351914356007,1.098788025169159,2.4026763887619507,0.1,0.4,0.9,0.9747315408364841,0.9610705555047803,0.9889092226522432
6.421404682274255,3.9025806247846946,2.4972278317390546,1.097419375215308,2.405352398413185,0.1,0.4,0.9,0.9745632951817929,0.962140959365274,0.9876774376937772
6.52173913043479,3.9038462537629113,2.4960392316900513,1.0961537462370912,2.4078066274413255,0.1,0.4,0.9,0.9744153403878463,0.9631226509765303,0.9865383716133821
6.622073578595326,3.9050159057605462,2.4949589143695654,1.0949840942394564,2.4100565967602785,0.1,0.4,0.9,0.9742854244832219,0.9640226387041114,0.9854856848155108
6.722408026755861,3.906096391341281,2.493977625370508,1.0939036086587215,2.412118371341765,0.1,0.4,0.9,0.9741717002545638,0.964847348536706,0.9845132477928493
6.822742474916397,3.907093784143029,2.4930862396226887,1.0929062158569736,2.4140071498928304,0.1,0.4,0.9,0.9740721750162326,0.9656028599571322,0.9836155942712762
6.923076923076932,3.9080138692965796,2.4922765495454433,1.091986130703423,2.415736925124446,0.1,0.4,0.9,0.9739851321746217,0.9662947700497784,0.9827875176330808
7.023411371237468,3.9088624475265963,2.4915418650737973,1.0911375524734066,2.417320187827465,0.1,0.4,0.9,0.9739094432827344,0.966928075130986,0.9820237972260659
7.123745819398003,3.9096444856532244,2.4908750016580847,1.090355514346778,2.418769089370833,0.1,0.4,0.9,0.9738435714683998,0.9675076357483333,0.9813199629121002
7.224080267558539,3.9103647402115236,2.490269581772236,1.0896352597884795,2.420094763815402,0.1,0.4,0.9,0.9737862366183448,0.9680379055261608,0.9806717338096316
7.324414715719074,3.911027948205459,2.489720658388577,1.0889720517945443,2.4213068951933843,0.1,0.4,0.9,0.9737367078182221,0.9685227580773538,0.9800748466150898
7.42474916387961,3.9116382520442183,2.489222781636852,1.0883617479557848,2.4224150757840133,0.1,0.4,0.9,0.9736939050510622,0.9689660303136054,0.9795255731602063
7.525083612040145,3.9121996103774195,2.4887711834918984,1.0878003896225836,2.4234280322621764,0.1,0.4,0.9,0.9736569654375555,0.9693712129048706,0.9790203506603253
7.625418060200681,3.9127157277151863,2.4883619167056334,1.0872842722848164,2.4243534163860123,0.1,0.4,0.9,0.9736252807741639,0.969741366554405,0.9785558450563347
7.725752508361216,3.913190062631003,2.4879910551893167,1.0868099373689994,2.425198612817884,0.1,0.4,0.9,0.9735981873081658,0.9700794451271536,0.9781289436320996
7.826086956521752,3.9136258490215736,2.487655032337612,1.0863741509784288,2.4259704220599865,0.1,0.4,0.9,0.9735751038005076,0.9703881688239946,0.977736735880586
7.926421404682287,3.9140260351240133,2.487350741873463,1.0859739648759896,2.4266748986264317,0.1,0.4,0.9,0.9735555562177763,0.9706699594505728,0.9773765683883907
8.026755852842822,3.914393382392397,2.487075292515272,1.0856066176076058,2.4273176952528925,0.1,0.4,0.9,0.9735391066533415,0.9709270781011571,0.9770459558468453
8.127090301003356,3.9147304781871,2.486825970572559,1.0852695218129027,2.427904112990267,0.1,0.4,0.9,0.9735253420947614,0.9711616451961069,0.9767425696316124
8.227424749163891,3.915039690775408,2.486600403994937,1.0849603092245943,2.428438892156237,0.1,0.4,0.9,0.9735139276738344,0.9713755568624949,0.9764642783021349
8.327759197324426,3.9153232051752487,2.4863964436865125,1.0846767948247535,2.4289263668646157,0.1,0.4,0.9,0.9735045693231017,0.9715705467458463,0.9762091153422782
8.42809364548496,3.9155830596010457,2.486211989489242,1.0844169403989565,2.429370675487793,0.1,0.4,0.9,0.973496954862109,0.9717482701951172,0.9759752463590609
8.528428093645495,3.91582113395278,2.4860452179559878,1.0841788660472218,2.4297755213728642,0.1,0.4,0.9,0.9734908404434303,0.9719102085491458,0.9757609794424996
8.62876254180603,3.916039171469811,2.4858945794178866,1.0839608285301914,2.43014419742812,0.1,0.4,0.9,0.9734860549144916,0.9720576789712481,0.9755647456771722
8.729096989966564,3.916238783498992,2.4857584554012946,1.0837612165010104,2.430479933473978,0.1,0.4,0.9,0.97348236694531,0.9721919733895913,0.9753850948509094
8.829431438127099,3.9164214615665642,2.4856354464648422,1.0835785384334384,2.430785620478032,0.1,0.4,0.9,0.9734796008165497,0.9723142481912128,0.9752206845900946
8.929765886287633,3.916588567457631,2.485524427690961,1.0834114325423712,2.431063745142984,0.1,0.4,0.9,0.973477655763109,0.9724254980571937,0.9750702892881341
9.030100334448168,3.9167413933521718,2.485424190853844,1.0832586066478307,2.431316807874621,0.1,0.4,0.9,0.973476380835608,0.9725267231498483,0.9749327459830477
9.130434782608702,3.916881131189176,2.4853336878612167,1.0831188688108264,2.431547048704232,0.1,0.4,0.9,0.9734756626692409,0.9726188194816928,0.9748069819297438
9.230769230769237,3.9170088171998665,2.4852520662346493,1.082991182800136,2.431756356341427,0.1,0.4,0.9,0.9734754256405309,0.9727025425365708,0.9746920645201224
9.331103678929772,3.917125483549366,2.485178445290188,1.0828745164506366,2.431946643635329,0.1,0.4,0.9,0.9734755819213791,0.9727786574541316,0.974587064805573
9.431438127090306,3.9172320704633083,2.4851120481586144,1.082767929536694,2.432119627680816,0.1,0.4,0.9,0.9734760613741682,0.9728478510723264,0.9744911365830247
9.53177257525084,3.917329379142794,2.4850522246078994,1.0826706208572083,2.432276759910984,0.1,0.4,0.9,0.9734768088160682,0.9729107039643936,0.9744035587714875
9.632107023411375,3.917418209019447,2.4849983273678395,1.082581790980555,2.432419487027678,0.1,0.4,0.9,0.9734777697013645,0.9729677948110713,0.9743236118824996
9.73244147157191,3.9174992848554173,2.4849497715976505,1.0825007151445847,2.4325491186338324,0.1,0.4,0.9,0.9734788953135429,0.973019647453533,0.9742506436301263
9.832775919732445,3.9175732471452487,2.484906068433862,1.0824267528547535,2.4326667840874636,0.1,0.4,0.9,0.9734801535365379,0.9730667136349855,0.9741840775692782
9.93311036789298,3.9176406986524626,2.4848667440383734,1.08235930134754,2.4327735599901885,0.1,0.4,0.9,0.9734815087172763,0.9731094239960755,0.9741233712127861
10.033444816053514,3.917702199651701,2.4848313505277875,1.082297800348301,2.432870454500031,0.1,0.4,0.9,0.9734829247726221,0.9731481818000124,0.974068020313471
10.133779264214049,3.917758252663502,2.4847995182901452,1.0822417473365,2.4329583397494914,0.1,0.4,0.9,0.9734843818995512,0.9731833358997966,0.97401757260285
10.234113712374583,3.9178093205112123,2.484770910094142,1.0821906794887899,2.4330380157932257,0.1,0.4,0.9,0.9734858630901957,0.9732152063172903,0.973971611539911
10.334448160535118,3.9178558392765037,2.484745186668794,1.0821441607234987,2.4331102579838775,0.1,0.4,0.9,0.9734873438704521,0.973244103193551,0.9739297446511489
10.434782608695652,3.9178981999102813,2.4847220657390783,1.0821018000897211,2.433175739547374,0.1,0.4,0.9,0.973488810863649,0.9732702958189496,0.973891620080749
10.535117056856187,3.917936754206362,2.4847013087695062,1.0820632457936405,2.433235050813025,0.1,0.4,0.9,0.9734902580852699,0.9732940203252101,0.9738569212142765
10.635451505016722,3.917971844733003,2.4846826661619836,1.0820281552669992,2.4332887839471846,0.1,0.4,0.9,0.9734916729118784,0.9733155135788739,0.9738253397402994
10.735785953177256,3.9180037771174154,2.484665926266974,1.081996222882587,2.4333374562266012,0.1,0.4,0.9,0.9734930483988946,0.9733349824906405,0.9737966005943284
10.83612040133779,3.9180328133836317,2.484650914065656,1.0819671866163705,2.4333815046941245,0.1,0.4,0.9,0.9734943811112874,0.9733526018776498,0.9737704679547334
10.936454849498325,3.9180592202649343,2.484637449226658,1.081940779735068,2.433421376414415,0.1,0.4,0.9,0.9734956666958055,0.973368550565766,0.9737467017615612
11.03678929765886,3.9180832346919443,2.4846253749826857,1.0819167653080584,2.433457465085392,0.1,0.4,0.9,0.9734969026209848,0.973382986034157,0.9737250887772525
11.137123745819395,3.918105054234818,2.4846145621574567,1.0818949457651843,2.4334900974534897,0.1,0.4,0.9,0.9734980873814562,0.9733960389813959,0.9737054511886659
11.23745819397993,3.918124881634541,2.4846048782376267,1.0818751183654614,2.433519608773041,0.1,0.4,0.9,0.9734992194453406,0.9734078435092164,0.9736876065289153
11.337792642140464,3.9181428971031167,2.484596205570181,1.0818571028968855,2.4335462969090624,0.1,0.4,0.9,0.9735002975024161,0.9734185187636251,0.973671392607197
11.438127090300998,3.9181592414339033,2.484588469606785,1.0818407585660987,2.433570377203253,0.1,0.4,0.9,0.9735013273349944,0.9734281508813013,0.9736566827094889
11.538461538461533,3.9181740710572046,2.4845815651455814,1.0818259289427976,2.433592111287771,0.1,0.4,0.9,0.9735023065980145,0.9734368445151085,0.9736433360485178
11.638795986622068,3.9181875242518434,2.4845754026289084,1.0818124757481589,2.433611726999098,0.1,0.4,0.9,0.973503234564359,0.9734446907996391,0.973631228173343
11.739130434782602,3.918199732161208,2.484569893896238,1.0818002678387943,2.4336294436411468,0.1,0.4,0.9,0.9735041092800041,0.9734517774564587,0.973620241054915
11.839464882943137,3.9182108175771746,2.484564954866365,1.0817891824228276,2.433645468086994,0.1,0.4,0.9,0.9735049283130536,0.9734581872347976,0.9736102641805449
11.939799331103671,3.918220818850506,2.48456061769283,1.0817791811494963,2.4336598065338846,0.1,0.4,0.9,0.973505713794012,0.9734639226135539,0.9736012630345467
12.040133779264206,3.9182298709429464,2.484556766950249,1.081770129057056,2.4336727093689317,0.1,0.4,0.9,0.9735064540317898,0.9734690837475727,0.9735931161513505
12.14046822742474,3.918238070151174,2.4845533383267475,1.0817619298488288,2.433684337200685,0.1,0.4,0.9,0.9735071477553053,0.9734737348802741,0.9735857368639459
12.240802675585275,3.9182455120949378,2.484550263985332,1.0817544879050645,2.4336948534858838,0.1,0.4,0.9,0.9735077921434819,0.9734779413943535,0.973579039114558
12.34113712374581,3.9182522844997463,2.484547482222763,1.0817477155002566,2.4337044076532695,0.1,0.4,0.9,0.9735083848167435,0.9734817630613078,0.973572943950231
12.441471571906344,3.918258351834844,2.4845450842687056,1.081741648165159,2.433712872942445,0.1,0.4,0.9,0.9735089526946064,0.973485149176978,0.9735674833486431
12.541806020066879,3.9182638391636613,2.4845429548362503,1.0817361608363414,2.433720489703736,0.1,0.4,0.9,0.9735094816783714,0.9734881958814944,0.9735625447527073
12.642140468227414,3.9182688112552295,2.4845410527412315,1.0817311887447734,2.4337273638903376,0.1,0.4,0.9,0.9735099717239203,0.9734909455561351,0.973558069870296
12.742474916387948,3.918273332862606,2.4845393349685128,1.0817266671373966,2.433733603270443,0.1,0.4,0.9,0.9735104220655317,0.9734934413081773,0.973554000423657
12.842809364548483,3.918277459605621,2.484537766615198,1.081722540394382,2.4337392983667763,0.1,0.4,0.9,0.9735108328467222,0.9734957193467105,0.9735502863549438
12.943143812709017,3.918281151656217,2.4845364129443683,1.081718848343786,2.4337443440882067,0.1,0.4,0.9,0.9735112197443466,0.9734977376352827,0.9735469635094075
13.043478260869552,3.9182844961393672,2.4845352030754513,1.0817155038606356,2.433748898440277,0.1,0.4,0.9,0.9735115766323016,0.9734995593761108,0.9735439534745721
13.143812709030087,3.9182875305319538,2.4845341180705858,1.0817124694680493,2.4337530178377293,0.1,0.4,0.9,0.9735119054017183,0.9735012071350918,0.9735412225212444
13.244147157190621,3.918290290739699,2.4845331400435917,1.081709709260304,2.433756756072468,0.1,0.4,0.9,0.9735122079653822,0.9735027024289873,0.9735387383342737
13.344481605351156,3.9182928063469498,2.484532255285884,1.0817071936530527,2.4337601564374265,0.1,0.4,0.9,0.9735124863023644,0.9735040625749707,0.9735364742877475
13.44481605351169,3.9182950693078014,2.4845314748931475,1.0817049306922013,2.4337631997910107,0.1,0.4,0.9,0.973512742761386,0.9735052799164043,0.9735344376229812
13.545150501672225,3.918297119990707,2.4845307780622186,1.0817028800092956,2.433765947304841,0.1,0.4,0.9,0.9735129792209463,0.9735063789219365,0.9735325920083661
13.64548494983276,3.9182989779199504,2.4845301577245915,1.0817010220800525,2.433768425571707,0.1,0.4,0.9,0.9735131977623561,0.9735073702286828,0.9735309198720472
13.745819397993294,3.9183006609180477,2.484529607928349,1.0816993390819547,2.4337706583660443,0.1,0.4,0.9,0.973513400481611,0.9735082633464178,0.9735294051737593
13.846153846153829,3.9183021845496713,2.484529122972529,1.0816978154503316,2.433772666953486,0.1,0.4,0.9,0.9735135890120539,0.9735090667813945,0.9735280339052985
13.946488294314364,3.9183035585578168,2.4845286944538936,1.081696441442186,2.4337744694802645,0.1,0.4,0.9,0.9735137624817698,0.9735097877921058,0.9735267972979673
14.046822742474898,3.9183047984522794,2.4845283188305176,1.0816952015477233,2.4337760849981014,0.1,0.4,0.9,0.9735139233564192,0.9735104339992406,0.9735256813929509
14.147157190635433,3.9183059164974896,2.4845279906870084,1.0816940835025133,2.43377753118682,0.1,0.4,0.9,0.9735140725612526,0.973511012474728,0.9735246751522619
14.247491638795967,3.91830692456662,2.4845277042357967,1.081693075433383,2.433778825707162,0.1,0.4,0.9,0.973514210778473,0.9735115302828649,0.9735237678900446
14.347826086956502,3.918307829147561,2.4845274588533837,1.0816921708524418,2.4337799756705167,0.1,0.4,0.9,0.9735143393757307,0.9735119902682068,0.9735229537671977
14.448160535117037,3.918308617789426,2.484527273964503,1.081691382210577,2.4337809492012674,0.1,0.4,0.9,0.9735144628707982,0.973512379680507,0.9735222439895193
14.548494983277571,3.91830931155991,2.484527131834905,1.0816906884400928,2.433781785101357,0.1,0.4,0.9,0.9735145795491946,0.9735127140405428,0.9735216195960835
14.648829431438106,3.9183099190786446,2.484527027854378,1.081690080921358,2.433782496600629,0.1,0.4,0.9,0.9735146897460792,0.9735129986402516,0.9735210728292223
14.74916387959864,3.918310450021336,2.484526955870887,1.0816895499786667,2.4337830995268224,0.1,0.4,0.9,0.9735147934548596,0.973513239810729,0.9735205949808001
14.849498327759175,3.9183109155085902,2.4845269078481396,1.0816890844914129,2.433783613036836,0.1,0.4,0.9,0.9735148902896171,0.9735134452147345,0.9735201760422716
14.94983277591971,3.9183113284947324,2.484526873523147,1.0816886715052703,2.4337840603479837,0.1,0.4,0.9,0.9735149794475346,0.9735136241391935,0.9735198043547433
15.050167224080244,3.9183117041566335,2.484526840063786,1.0816882958433693,2.4337844694692565,0.1,0.4,0.9,0.973515059671323,0.9735137877877027,0.9735194662590324
15.150501672240779,3.9183120602825294,2.4845267917263647,1.0816879397174737,2.4337848739325816,0.1,0.4,0.9,0.9735151292116475,0.9735139495730327,0.9735191457457263
15.250836120401313,3.918312416767542,2.484526710434748,1.0816875832324608,2.433785311709214,0.1,0.4,0.9,0.9735151859287089,0.9735141246836856,0.9735188249092148
15.351170568561848,3.9183125814652815,2.484526796762866,1.0816874185347214,2.4337853900788575,0.1,0.4,0.9,0.9735152606743573,0.973514156031543,0.9735186766812493
15.451505016722383,3.9183126960860193,2.484526906823608,1.0816873039139834,2.433785394638878,0.1,0.4,0.9,0.9735153322774269,0.9735141578555512,0.9735185735225851
15.551839464882917,3.9183127699305027,2.484527033345847,1.0816872300694997,2.433785341961149,0.1,0.4,0.9,0.9735154001996581,0.9735141367844596,0.9735185070625498
15.652173913043452,3.9183128145414114,2.4845271668214433,1.0816871854585912,2.4337852530964876,0.1,0.4,0.9,0.9735154635832728,0.973514101238595,0.9735184669127321
15.752508361203986,3.918312844029942,2.484527295227018,1.0816871559700605,2.43378515417947,0.1,0.4,0.9,0.9735155212230997,0.973514061671788,0.9735184403730545
15.852842809364521,3.9183128754023935,2.48452740374572,1.0816871245976092,2.4337850770332436,0.1,0.4,0.9,0.9735155715386936,0.9735140308132975,0.9735184121378483
15.953177257525056,3.9183129288867504,2.4845274744889974,1.0816870711132522,2.433785059774344,0.1,0.4,0.9,0.9735156125464585,0.9735140239097376,0.973518364001927
16.05351170568559,3.918313028259269,2.4845274862183677,1.0816869717407338,2.433785147417507,0.1,0.4,0.9,0.9735156418317682,0.9735140589670028,0.9735182745666604
16.153846153846125,3.91831320117106,2.484527414067189,1.0816867988289425,2.433785392480485,0.1,0.4,0.9,0.9735156565210863,0.973514156992194,0.9735181189460482
16.25418060200666,3.9183132135132905,2.484527479833544,1.0816867864867121,2.433785339056381,0.1,0.4,0.9,0.9735156853568652,0.9735141356225525,0.9735181078380409
16.354515050167194,3.9183131583986968,2.484527597110513,1.0816868416013061,2.4337851666648445,0.1,0.4,0.9,0.9735157176162819,0.9735140666659379,0.9735181574411755
16.45484949832773,3.9183130990675905,2.4845277077458245,1.081686900932412,2.433784996698452,0.1,0.4,0.9,0.9735157462256839,0.9735139986793808,0.9735182108391708
16.555183946488263,3.9183130438082934,2.484527805499613,1.0816869561917093,2.4337848436853906,0.1,0.4,0.9,0.9735157707993529,0.9735139374741563,0.9735182605725384
16.655518394648798,3.918313002292368,2.4845278829985658,1.0816869977076349,2.433784724670535,0.1,0.4,0.9,0.9735157908511213,0.973513889868214,0.9735182979368714
16.755852842809333,3.918312985715088,2.484527931633039,1.0816870142849146,2.4337846594588015,0.1,0.4,0.9,0.9735158057889586,0.9735138637835207,0.9735183128564232
16.856187290969867,3.918313006935907,2.4845279414541754,1.0816869930640958,2.4337846708585014,0.1,0.4,0.9,0.973515814909559,0.9735138683434006,0.9735182937576862
16.9565217391304,3.9183130806189266,2.4845279010710173,1.081686919381076,2.4337847849246907,0.1,0.4,0.9,0.9735158173929255,0.9735139139698763,0.9735182274429685
17.056856187290936,3.9183132233733655,2.484527797547626,1.0816867766266371,2.433785031202527,0.1,0.4,0.9,0.9735158122969568,0.9735140124810109,0.9735180989639735
17.15719063545147,3.9183133290436967,2.484527719355442,1.0816866709563062,2.433785215065051,0.1,0.4,0.9,0.9735158079128965,0.9735140860260204,0.9735180038606757
17.257525083612006,3.9183133723222476,2.4845276883183374,1.081686627677755,2.4337852893807184,0.1,0.4,0.9,0.9735158065042624,0.9735141157522874,0.9735179649099795
17.35785953177254,3.9183134272087856,2.4845276443885846,1.0816865727912173,2.4337853881970193,0.1,0.4,0.9,0.9735158029279207,0.9735141552788078,0.9735179155120955
17.458193979933075,3.918313494520466,2.4845275880384263,1.081686505479537,2.4337855118588663,0.1,0.4,0.9,0.9735157975719352,0.9735142047435466,0.9735178549315834
17.55852842809361,3.918313574947904,2.484527519970449,1.0816864250520992,2.4337856603542884,0.1,0.4,0.9,0.973515790883186,0.9735142641417154,0.9735177825468894
17.658862876254144,3.918313669063579,2.484527441123706,1.081686330936424,2.433785833316712,0.1,0.4,0.9,0.9735157833718575,0.9735143333266848,0.9735176978427816
17.75919732441468,3.9183137773302423,2.484527352679843,1.0816862226697608,2.433786030027242,0.1,0.4,0.9,0.9735157756159263,0.9735144120108968,0.9735176004027847
17.859531772575213,3.918313900109321,2.484527256069222,1.0816860998906823,2.433786249416944,0.1,0.4,0.9,0.9735157682656503,0.9735144997667776,0.9735174899016141
17.959866220735748,3.918314037669324,2.484527152977048,1.0816859623306787,2.433786490069123,0.1,0.4,0.9,0.9735157620480567,0.9735145960276492,0.9735173660976109
18.060200668896282,3.918314182138198,2.4845270446085594,1.0816858178618047,2.4337867429064852,0.1,0.4,0.9,0.9735157554795623,0.9735146971625941,0.9735172360756242
18.160535117056817,3.9183143203815525,2.484526931959099,1.08168567961845,2.433786993799299,0.1,0.4,0.9,0.9735157456868981,0.9735147975197196,0.973517111656605
18.26086956521735,3.9183144613400622,2.484526818333739,1.0816855386599404,2.433787248383166,0.1,0.4,0.9,0.9735157361864303,0.9735148993532665,0.9735169847939464
18.361204013377886,3.9183146023724573,2.484526706257131,1.0816853976275456,2.433787501492166,0.1,0.4,0.9,0.9735157273111661,0.9735150005968665,0.973516857864791
18.46153846153842,3.9183147404915153,2.484526598512255,1.0816852595084874,2.4337877473560963,0.1,0.4,0.9,0.9735157194093814,0.9735150989424386,0.9735167335576387
18.561872909698955,3.918314872358275,2.4845264981452377,1.0816851276417276,2.43378797958987,0.1,0.4,0.9,0.9735157128450709,0.9735151918359479,0.9735166148775549
18.66220735785949,3.9183149942762507,2.4845264084701726,1.081685005723752,2.4337881911829067,0.1,0.4,0.9,0.9735157079983998,0.9735152764731627,0.9735165051513768
18.762541806020025,3.918315102185645,2.4845263330739398,1.0816848978143574,2.4337883744885316,0.1,0.4,0.9,0.9735157052661542,0.9735153497954127,0.9735164080329217
18.86287625418056,3.9183151916575647,2.4845262758210236,1.0816848083424382,2.4337885212133648,0.1,0.4,0.9,0.973515705062191,0.9735154084853459,0.9735163275081944
18.963210702341094,3.9183152644288888,2.4845262348503656,1.0816847355711137,2.433788634955346,0.1,0.4,0.9,0.9735157070888222,0.9735154539821385,0.9735162620140023
19.06354515050163,3.918315358238798,2.484526175168301,1.081684641761204,2.433788788447316,0.1,0.4,0.9,0.9735157070108252,0.9735155153789266,0.9735161775850837
19.163879598662163,3.9183154426678257,2.4845261243258867,1.0816845573321763,2.433788923718754,0.1,0.4,0.9,0.9735157080657764,0.9735155694875017,0.9735161015989586
19.264214046822698,3.918315517061853,2.484526082469584,1.0816844829381491,2.4337890399690814,0.1,0.4,0.9,0.9735157101485469,0.9735156159876326,0.9735160346443342
19.364548494983232,3.918315580974147,2.4845260494914485,1.0816844190258554,2.433789136859507,0.1,0.4,0.9,0.9735157131058487,0.9735156547438027,0.9735159771232699
19.464882943143767,3.9183156341889958,2.4845260250069297,1.0816843658110065,2.433789214558872,0.1,0.4,0.9,0.9735157167334092,0.9735156858235489,0.9735159292299058
19.5652173913043,3.918315676745345,2.4845260083326597,1.0816843232546571,2.4337892737894893,0.1,0.4,0.9,0.9735157207731396,0.9735157095157958,0.9735158909291914
19.665551839464836,3.9183157089604332,2.4845259984642505,1.0816842910395688,2.433789315872985,0.1,0.4,0.9,0.9735157249103079,0.973515726349194,0.9735158619356119
19.76588628762537,3.918315731453427,2.484525994054087,1.081684268546575,2.433789342776141,0.1,0.4,0.9,0.9735157287707094,0.9735157371104564,0.9735158416919176
19.866220735785905,3.9183157451690565,2.484525993389122,1.0816842548309455,2.4337893571567353,0.1,0.4,0.9,0.9735157319178388,0.9735157428626942,0.973515829347851
19.96655518394644,3.9183157467728864,2.4845260075598508,1.0816842532271156,2.433789344589836,0.1,0.4,0.9,0.9735157378688536,0.9735157378359345,0.973515827904404
20.066889632106975,3.918315740061624,2.4845260279852486,1.0816842599383778,2.4337893174531766,0.1,0.4,0.9,0.9735157442047387,0.9735157269812706,0.97351583394454
20.16722408026751,3.918315726863384,2.4845260523928485,1.0816842731366183,2.4337892798473373,0.1,0.4,0.9,0.9735157504892699,0.9735157119389349,0.9735158458229565
20.267558528428044,3.918315709111501,2.48452607895337,1.0816842908885012,2.4337892355349338,0.1,0.4,0.9,0.9735157564860191,0.9735156942139735,0.9735158617996511
20.36789297658858,3.9183156891232684,2.4845261055314616,1.0816843108767336,2.433789188968611,0.1,0.4,0.9,0.9735157619340259,0.9735156755874445,0.9735158797890602
20.468227424749113,3.9183156696207737,2.484526129671471,1.0816843303792285,2.4337891453261076,0.1,0.4,0.9,0.973515766547398,0.973515658130443,0.9735158973413057
20.568561872909648,3.9183156537517347,2.4845261485832144,1.0816843462482673,2.433789110545327,0.1,0.4,0.9,0.9735157700149119,0.9735156442181309,0.9735159116234405
20.668896321070182,3.9183156451103387,2.484526159127746,1.0816843548896635,2.4337890913594005,0.1,0.4,0.9,0.9735157719996147,0.9735156365437603,0.9735159194006971
20.769230769230717,3.918315647758078,2.4845261578031286,1.0816843522419242,2.4337890953317576,0.1,0.4,0.9,0.9735157721384256,0.973515638132703,0.9735159170177318
20.86956521739125,3.9183156341457446,2.4845261691911054,1.0816843658542572,2.4337890703314495,0.1,0.4,0.9,0.9735157732185744,0.9735156281325799,0.9735159292688315
20.969899665551786,3.918315611329702,2.4845261872497337,1.0816843886702994,2.4337890294567814,0.1,0.4,0.9,0.9735157746258095,0.9735156117827126,0.9735159498032695
21.07023411371232,3.918315590305427,2.48452620250849,1.081684409694575,2.4337889931737515,0.1,0.4,0.9,0.9735157753811357,0.9735155972695007,0.9735159687251176
21.170568561872855,3.918315572151687,2.484526214357975,1.0816844278483146,2.4337889631705294,0.1,0.4,0.9,0.9735157755137934,0.9735155852682118,0.9735159850634832
21.27090301003339,3.9183155579616136,2.4845262222486353,1.0816844420383884,2.433788941089798,0.1,0.4,0.9,0.9735157750800422,0.9735155764359192,0.9735159978345496
21.371237458193924,3.918315548837191,2.4845262256998906,1.0816844511628108,2.433788928514122,0.1,0.4,0.9,0.9735157741653662,0.9735155714056488,0.9735160060465297
21.47157190635446,3.918315545883754,2.484526224309263,1.0816844541162476,2.433788926951314,0.1,0.4,0.9,0.9735157728866852,0.9735155707805258,0.9735160087046228
21.571906354514994,3.91831555020448,2.4845262177615015,1.0816844497955216,2.433788937819803,0.1,0.4,0.9,0.9735157713945615,0.9735155751279212,0.9735160048159694
21.672240802675528,3.9183155628948843,2.484526205837712,1.0816844371051175,2.433788962433997,0.1,0.4,0.9,0.9735157698754087,0.9735155849735988,0.9735159933946058
21.772575250836063,3.918315577782959,2.484526190791129,1.081684422217043,2.433788992368656,0.1,0.4,0.9,0.9735157676786637,0.9735155969474625,0.9735159799953387
21.872909698996597,3.9183155910791694,2.4845261742062514,1.0816844089208326,2.4337890222497447,0.1,0.4,0.9,0.9735157644836636,0.973515608899898,0.9735159680287494
21.973244147157132,3.9183156079594457,2.484526154858553,1.0816843920405563,2.43378905847772,0.1,0.4,0.9,0.9735157610965736,0.973515623391088,0.9735159528365007
22.073578595317667,3.9183156277692492,2.4845261335488082,1.0816843722307528,2.4337890995972686,0.1,0.4,0.9,0.9735157576685405,0.9735156398389075,0.9735159350076775
22.1739130434782,3.9183156496332145,2.484526111280346,1.0816843503667877,2.4337891437296966,0.1,0.4,0.9,0.9735157543752134,0.9735156574918786,0.973515915330109
22.274247491638736,3.9183156724407757,2.484526089271068,1.0816843275592265,2.4337891885465357,0.1,0.4,0.9,0.9735157514178816,0.9735156754186143,0.9735158948033039
22.37458193979927,3.9183156948317945,2.484526068965471,1.0816843051682075,2.4337892312431517,0.1,0.4,0.9,0.9735157490246147,0.9735156924972608,0.9735158746513868
22.474916387959805,3.918315715182187,2.4845260520466645,1.081684284817815,2.4337892685123506,0.1,0.4,0.9,0.9735157474514002,0.9735157074049403,0.9735158563360335
22.57525083612034,3.9183157315895505,2.4845260404483946,1.0816842684104515,2.433789296517984,0.1,0.4,0.9,0.9735157469832841,0.9735157186071937,0.9735158415694064
22.675585284280874,3.9183157476635744,2.484526030278067,1.0816842523364272,2.4337893227623355,0.1,0.4,0.9,0.9735157469918616,0.9735157291049342,0.9735158271027845
22.77591973244141,3.918315775201164,2.4845260090075936,1.0816842247988374,2.433789371570398,0.1,0.4,0.9,0.9735157454992044,0.9735157486281593,0.9735158023189537
22.876254180601943,3.9183158023582694,2.4845259888568467,1.081684197641732,2.43378941887825,0.1,0.4,0.9,0.9735157443507589,0.9735157675513,0.9735157778775588
22.976588628762478,3.918315828334552,2.484525970407739,1.08168417166545,2.433789463303638,0.1,0.4,0.9,0.9735157435756907,0.9735157853214553,0.9735157544989049
23.076923076923013,3.918315852246099,2.4845259542732543,1.0816841477539028,2.4337895033496695,0.1,0.4,0.9,0.9735157431945759,0.9735158013398678,0.9735157329785125
23.177257525083547,3.9183158731239214,2.484525941095967,1.0816841268760802,2.433789537404778,0.1,0.4,0.9,0.9735157432184477,0.9735158149619112,0.9735157141884722
23.277591973244082,3.918315889912445,2.484525931546571,1.0816841100875567,2.4337895637426965,0.1,0.4,0.9,0.9735157436478449,0.9735158254970786,0.9735156990788011
23.377926421404617,3.9183159014680036,2.4845259263223998,1.081684098531998,2.4337895805224257,0.1,0.4,0.9,0.9735157444718581,0.9735158322089703,0.9735156886787982
23.47826086956515,3.9183159065573347,2.4845259261459502,1.0816840934426668,2.4337895857882064,0.1,0.4,0.9,0.973515745667177,0.9735158343152825,0.9735156840984002
23.578595317725686,3.9183159049754472,2.4845259310592085,1.0816840950245543,2.4337895792930593,0.1,0.4,0.9,0.9735157471993229,0.9735158317172238,0.9735156855220989
23.67892976588622,3.918315910918974,2.484525932008065,1.081684089081028,2.4337895842877284,0.1,0.4,0.9,0.9735157490477995,0.9735158337150914,0.9735156801729252
23.779264214046755,3.91831591409763,2.4845259353046303,1.0816840859023715,2.4337895841698187,0.1,0.4,0.9,0.9735157511292432,0.9735158336679275,0.9735156773121344
23.87959866220729,3.9183159146313424,2.4845259406710647,1.0816840853686591,2.433789579337096,0.1,0.4,0.9,0.9735157533645841,0.9735158317348385,0.9735156768317932
23.979933110367824,3.918315912740674,2.484525947722895,1.0816840872593279,2.433789570394597,0.1,0.4,0.9,0.9735157556579723,0.9735158281578388,0.973515678533395
24.08026755852836,3.9183159087549604,2.4845259559614727,1.0816840912450412,2.4337895581703046,0.1,0.4,0.9,0.9735157578958465,0.9735158232681219,0.9735156821205371
24.180602006688893,3.9183159031204493,2.484525964766431,1.081684096879552,2.4337895437308354,0.1,0.4,0.9,0.9735157599459984,0.9735158174923342,0.9735156871915969
24.280936454849428,3.9183158964084375,2.48452597338814,1.0816841035915643,2.433789528397114,0.1,0.4,0.9,0.9735157616566396,0.9735158113588457,0.9735156932324079
24.381270903009963,3.9183158893234054,2.484525980940164,1.081684110676596,2.4337895137600576,0.1,0.4,0.9,0.9735157628554665,0.9735158055040231,0.9735156996089364
24.481605351170497,3.9183158827111595,2.484525986391719,1.081684117288842,2.4337895016962565,0.1,0.4,0.9,0.9735157633487284,0.9735158006785026,0.9735157055599579
24.581939799331032,3.9183158706135477,2.484525997887786,1.0816841293864536,2.433789478102578,0.1,0.4,0.9,0.9735157648475673,0.9735157912410313,0.9735157164478083
24.682274247491566,3.9183158566273795,2.4845260108078238,1.081684143372622,2.433789451196372,0.1,0.4,0.9,0.9735157664351464,0.9735157804785488,0.9735157290353599
24.7826086956521,3.9183158421350033,2.484526023557225,1.081684157864998,2.4337894239545945,0.1,0.4,0.9,0.9735157678300959,0.9735157695818378,0.9735157420784982
24.882943143812636,3.9183158277290575,2.4845260356594574,1.0816841722709436,2.433789397446416,0.1,0.4,0.9,0.973515768992938,0.9735157589785666,0.9735157550438492
24.98327759197317,3.9183158140859717,2.484526046587681,1.0816841859140296,2.433789372875107,0.1,0.4,0.9,0.9735157698853011,0.9735157491500429,0.9735157673226267
25.083612040133705,3.9183158019694915,2.4845260557633884,1.0816841980305099,2.4337893515829196,0.1,0.4,0.9,0.9735157704702619,0.9735157406331679,0.9735157782274589
25.18394648829424,3.918315792234203,2.484526062555052,1.0816842077657987,2.433789335055968,0.1,0.4,0.9,0.9735157707126925,0.9735157340223872,0.9735157869892188
25.284280936454774,3.918315785829058,2.4845260662767665,1.0816842141709433,2.4337893249291085,0.1,0.4,0.9,0.9735157705796028,0.9735157299716435,0.973515792753849
25.38461538461531,3.918315783800899,2.4845260661868953,1.0816842161991023,2.433789322990821,0.1,0.4,0.9,0.973515770040487,0.9735157291963286,0.973515794579192
25.484949832775843,3.91831577938947,2.4845260674028706,1.0816842206105317,2.433789317363417,0.1,0.4,0.9,0.9735157694209134,0.9735157269453668,0.9735157985494786
25.585284280936378,3.918315772864359,2.484526069803335,1.0816842271356424,2.4337893084378424,0.1,0.4,0.9,0.9735157687403103,0.973515723375137,0.9735158044220782
25.685618729096912,3.918315767731018,2.484526070867606,1.0816842322689835,2.433789302240231,0.1,0.4,0.9,0.9735157678819333,0.9735157208960925,0.9735158090420851
25.785953177257447,3.9183157640717896,2.4845260706583616,1.081684235928212,2.433789298790247,0.1,0.4,0.9,0.9735157668908,0.9735157195160989,0.9735158123353908
25.88628762541798,3.9183157619307005,2.4845260692908457,1.0816842380693008,2.4337892980166744,0.1,0.4,0.9,0.9735157658230049,0.9735157192066698,0.9735158142623708
25.986622073578516,3.918315761309691,2.484526066936971,1.0816842386903105,2.43378929974954,0.1,0.4,0.9,0.973515764746391,0.973515719899816,0.9735158148212795
26.08695652173905,3.9183157621648386,2.484526063829421,1.081684237835163,2.4337893037122376,0.1,0.4,0.9,0.9735157637412185,0.9735157214848951,0.9735158140516467
26.187290969899585,3.918315764402587,2.4845260602657566,1.0816842355974143,2.433789309513651,0.1,0.4,0.9,0.9735157629008367,0.9735157238054605,0.9735158120376729
26.28762541806012,3.9183157678759737,2.4845260566125167,1.0816842321240276,2.4337893166402775,0.1,0.4,0.9,0.9735157623323539,0.9735157266561111,0.9735158089116249
26.387959866220655,3.91831577230288,2.4845260510294085,1.081684227697121,2.4337893266502926,0.1,0.4,0.9,0.9735157612445923,0.9735157306601171,0.973515804927409
26.48829431438119,3.918315777635618,2.4845260418388873,1.0816842223643834,2.433789341173552,0.1,0.4,0.9,0.9735157589683884,0.9735157364694209,0.9735158001279451
26.588628762541724,3.9183157839133993,2.4845260316298163,1.0816842160866023,2.433789357660405,0.1,0.4,0.9,0.9735157565278832,0.973515743064162,0.973515794477942
26.68896321070226,3.9183157909937183,2.4845260206177264,1.081684209006283,2.433789375752814,0.1,0.4,0.9,0.9735157539721222,0.9735157503011257,0.9735157881056548
26.789297658862793,3.918315798712649,2.484526009051029,1.0816842012873524,2.433789395038443,0.1,0.4,0.9,0.9735157513577134,0.9735157580153772,0.9735157811586173
26.889632107023328,3.9183158068848454,2.4845259972110165,1.0816841931151557,2.4337894150506525,0.1,0.4,0.9,0.973515748748826,0.973515766020261,0.9735157738036402
26.989966555183862,3.9183158153035422,2.4845259854118615,1.081684184696459,2.4337894352685048,0.1,0.4,0.9,0.9735157462171915,0.973515774107402,0.9735157662268132
27.090301003344397,3.9183158237405533,2.4845259740006167,1.0816841762594482,2.433789455116761,0.1,0.4,0.9,0.9735157438421027,0.9735157820467045,0.9735157586335035
27.19063545150493,3.918315831946273,2.484525963357216,1.0816841680537286,2.4337894739658825,0.1,0.4,0.9,0.9735157417104144,0.9735157895863531,0.9735157512483558
27.290969899665466,3.918315839649676,2.484525953894473,1.0816841603503256,2.4337894911320284,0.1,0.4,0.9,0.9735157399165433,0.9735157964528114,0.973515744315293
27.391304347826,3.9183158465583166,2.4845259460580835,1.081684153441685,2.4337895058770593,0.1,0.4,0.9,0.9735157385624682,0.9735158023508238,0.9735157380975166
27.491638795986535,3.9183158523583295,2.484525940326622,1.0816841476416719,2.433789517408534,0.1,0.4,0.9,0.9735157377577288,0.9735158069634138,0.9735157328775047
27.59197324414707,3.91831585671443,2.484525937211544,1.0816841432855715,2.4337895248797126,0.1,0.4,0.9,0.9735157376194273,0.973515809951885,0.9735157289570143
27.692307692307605,3.9183158592699123,2.484525937257187,1.081684140730089,2.4337895273895525,0.1,0.4,0.9,0.9735157382722279,0.9735158109558211,0.9735157266570801
27.79264214046814,3.918315859646652,2.4845259410407667,1.0816841403533497,2.4337895239827123,0.1,0.4,0.9,0.9735157398483559,0.9735158095930849,0.9735157263180148
27.892976588628674,3.918315875608519,2.484525920768923,1.0816841243914828,2.4337895602164243,0.1,0.4,0.9,0.9735157358709744,0.9735158240865698,0.9735157119523346
27.99331103678921,3.918315898137512,2.484525890528446,1.0816841018624892,2.433789612985896,0.1,0.4,0.9,0.9735157296191871,0.9735158451943584,0.9735156916762403
28.093645484949743,3.9183159224295134,2.4845258578159566,1.081684077570488,2.433789669990388,0.1,0.4,0.9,0.9735157228368109,0.9735158679961553,0.9735156698134392
28.193979933110278,3.9183159483415344,2.484525822838509,1.0816840516584674,2.4337897308798575,0.1,0.4,0.9,0.9735157155694504,0.973515892351943,0.9735156464926207
28.294314381270812,3.9183159757050956,2.4845257858424046,1.081684024294906,2.433789795239525,0.1,0.4,0.9,0.9735157078717551,0.97351591809581,0.9735156218654154
28.394648829431347,3.918316004326228,2.4845257471131914,1.0816839956737734,2.4337898625898724,0.1,0.4,0.9,0.9735156998074197,0.973515945035949,0.973515596106396
28.49498327759188,3.9183160339854717,2.4845257069756617,1.0816839660145299,2.4337899323866474,0.1,0.4,0.9,0.9735156914491825,0.973515972954659,0.9735155694130769
28.595317725752416,3.918316064437876,2.4845256657938557,1.0816839355621255,2.4337900040208598,0.1,0.4,0.9,0.9735156828788275,0.973516001608344,0.973515542005913
28.69565217391295,3.9183160954129996,2.484525623971059,1.081683904587002,2.4337900768187817,0.1,0.4,0.9,0.9735156741871827,0.9735160307275127,0.9735155141283017
28.795986622073485,3.918316126614911,2.484525581949803,1.0816838733850906,2.4337901500419505,0.1,0.4,0.9,0.973515665474121,0.9735160600167803,0.9735154860465816
28.89632107023402,3.9183161577221877,2.484525540211867,1.0816838422778141,2.4337902228871657,0.1,0.4,0.9,0.9735156568485606,0.9735160891548663,0.9735154580500327
28.996655518394554,3.9183161883879167,2.4845254992782735,1.081683811612085,2.43379029448649,0.1,0.4,0.9,0.973515648428463,0.973516117794596,0.9735154304508765
29.09698996655509,3.9183162182396942,2.484525459709294,1.081683781760307,2.43379036390725,0.1,0.4,0.9,0.9735156403408359,0.9735161455629,0.9735154035842765
29.197324414715624,3.918316246879627,2.484525422104444,1.0816837531203745,2.433790430152034,0.1,0.4,0.9,0.9735156327217307,0.9735161720608136,0.9735153778083371
29.29765886287616,3.91831627388433,2.4845253871024866,1.0816837261156718,2.433790492158696,0.1,0.4,0.9,0.9735156257162438,0.9735161968634785,0.9735153535041046
29.397993311036693,3.9183162988049274,2.4845253553814306,1.081683701195074,2.433790548800352,0.1,0.4,0.9,0.9735156194785164,0.9735162195201408,0.9735153310755665
29.498327759197227,3.918316321167054,2.484525327658531,1.0816836788329471,2.4337905988853805,0.1,0.4,0.9,0.9735156141717346,0.9735162395541522,0.9735153109496525
29.598662207357762,3.9183163404708536,2.484525304690288,1.0816836595291477,2.433790641157424,0.1,0.4,0.9,0.9735156099681282,0.9735162564629697,0.9735152935762329
29.698996655518297,3.918316356190979,2.4845252872724495,1.0816836438090225,2.43379067429539,0.1,0.4,0.9,0.973515607048973,0.973516269718156,0.9735152794281202
29.79933110367883,3.918316367776592,2.4845252762400087,1.0816836322234094,2.4337906969134453,0.1,0.4,0.9,0.9735156056045886,0.9735162787653782,0.9735152690010684
29.899665551839366,3.9183163746513654,2.484525272467205,1.081683625348636,2.4337907075610237,0.1,0.4,0.9,0.9735156058343395,0.9735162830244095,0.9735152628137723
29.9999999999999,3.9183163762134803,2.4845252768675237,1.0816836237865215,2.4337907047228207,0.1,0.4,0.9,0.9735156079466349,0.9735162818891283,0.9735152614078694